date,revenue
2026-01-01,30000.0
2026-01-01,20000.0
2026-01-01,23000.0
2026-01-01,60000.0
2026-01-01,5000.0
2026-01-01,5700.0
2026-01-01,8000.0
2026-01-01,40000.0
2026-01-01,10000.0
2026-01-01,22000.0
2026-01-01,28500.0
2026-01-01,24000.0
2026-01-01,19000.0
2026-01-01,22000.0
2026-01-01,40000.0
2026-01-01,5000.0
2026-01-01,5000.0
2026-01-01,48000.0
2026-01-01,22000.0
2026-01-01,16000.0
2026-01-01,14250.0
2026-01-01,23000.0
2026-01-01,12000.0
2026-01-01,5000.0
2026-01-01,25650.0
2026-01-01,22000.0
2026-01-01,22000.0
2026-01-01,23750.0
2026-01-01,12000.0
2026-01-01,5000.0
2026-01-01,22000.0
2026-01-01,50000.0
2026-01-01,22000.0
2026-01-01,15000.0
2026-01-01,54000.0
2026-01-01,23000.0
2026-01-01,48000.0
2026-01-01,30000.0
2026-01-01,54000.0
2026-01-01,27000.0
2026-01-01,20000.0
2026-01-01,20900.0
2026-01-01,81000.0
2026-01-01,30000.0
2026-01-01,20000.0
2026-01-01,25000.0
2026-01-01,6000.0
2026-01-01,23000.0
2026-01-01,12000.0
2026-01-01,6000.0
2026-01-01,6000.0
2026-01-01,5000.0
2026-01-01,75000.0
2026-01-01,6000.0
2026-01-01,6000.0
2026-01-01,15000.0
2026-01-01,6000.0
2026-01-01,54000.0
2026-01-01,15200.0
2026-01-01,12000.0
2026-01-01,5700.0
2026-01-01,20000.0
2026-01-01,27000.0
2026-01-01,66000.0
2026-01-01,25000.0
2026-01-01,24000.0
2026-01-01,20000.0
2026-01-01,6000.0
2026-01-01,27000.0
2026-01-01,27000.0
2026-01-01,12000.0
2026-01-01,23000.0
2026-01-01,66000.0
2026-01-01,54000.0
2026-01-01,6000.0
2026-01-01,23000.0
2026-01-01,50000.0
2026-01-01,12000.0
2026-01-01,44000.0
2026-01-01,15000.0
2026-01-01,69000.0
2026-01-01,27000.0
2026-01-01,36000.0
2026-01-01,27000.0
2026-01-01,8000.0
2026-01-01,80000.0
2026-01-01,24000.0
2026-01-01,5000.0
2026-01-01,10000.0
2026-01-01,12000.0
2026-01-01,8000.0
2026-01-01,20000.0
2026-01-01,15000.0
2026-01-01,20000.0
2026-01-01,5000.0
2026-01-01,23000.0
2026-01-01,5000.0
2026-01-01,12000.0
2026-01-01,23000.0
2026-01-01,25000.0
2026-01-01,11400.0
2026-01-01,27000.0
2026-01-01,15000.0
2026-01-01,23750.0
2026-01-01,6000.0
2026-01-01,22800.0
2026-01-01,5000.0
2026-01-01,92000.0
2026-01-01,30000.0
2026-01-01,22800.0
2026-01-01,10000.0
2026-01-01,18000.0
2026-01-01,45600.0
2026-01-01,23000.0
2026-01-01,22000.0
2026-01-01,24000.0
2026-01-01,81000.0
2026-01-01,12000.0
2026-01-01,11400.0
2026-01-01,10000.0
2026-01-01,6000.0
2026-01-01,62700.0
2026-01-01,15000.0
2026-01-01,46000.0
2026-01-01,12000.0
2026-01-01,15000.0
2026-01-01,6000.0
2026-01-01,10000.0
2026-01-01,8000.0
2026-01-01,6000.0
2026-01-01,20000.0
2026-01-01,18000.0
2026-01-01,23000.0
2026-01-01,40000.0
2026-01-01,10000.0
2026-01-01,10000.0
2026-01-01,25650.0
2026-01-01,69000.0
2026-01-01,48000.0
2026-01-01,24000.0
2026-01-01,91200.0
2026-01-01,36000.0
2026-01-01,46000.0
2026-01-01,11400.0
2026-01-01,40000.0
2026-01-01,19000.0
2026-01-01,24000.0
2026-01-01,30000.0
2026-01-01,5000.0
2026-01-01,8000.0
2026-01-01,23000.0
2026-01-01,24000.0
2026-01-01,23750.0
2026-01-01,16000.0
2026-01-01,50000.0
2026-01-01,23000.0
2026-01-01,75000.0
2026-01-01,10000.0
2026-01-01,5000.0
2026-01-01,25000.0
2026-01-01,30000.0
2026-01-01,23000.0
2026-01-01,15000.0
2026-01-01,10000.0
2026-01-01,16000.0
2026-01-01,24000.0
2026-01-01,23000.0
2026-01-01,20000.0
2026-01-01,15000.0
2026-01-01,8000.0
2026-01-01,6000.0
2026-01-01,7600.0
2026-01-01,11400.0
2026-01-01,6000.0
2026-01-01,25650.0
2026-01-01,16000.0
2026-01-01,20000.0
2026-01-01,27000.0
2026-01-01,6000.0
2026-01-01,12000.0
2026-01-01,8000.0
2026-01-01,12000.0
2026-01-01,20000.0
2026-01-01,45000.0
2026-01-01,12000.0
2026-01-01,5000.0
2026-01-01,22000.0
2026-01-01,5000.0
2026-01-01,22800.0
2026-01-01,14250.0
2026-01-01,15000.0
2026-01-01,48000.0
2026-01-01,96000.0
2026-01-01,20000.0
2026-01-01,27000.0
2026-01-01,15000.0
2026-01-01,24000.0
2026-01-01,44000.0
2026-01-01,5700.0
2026-01-01,5000.0
2026-01-01,10000.0
2026-01-01,46000.0
2026-01-01,20000.0
2026-01-01,11400.0
2026-01-01,27000.0
2026-01-01,6000.0
2026-01-01,30000.0
2026-01-01,16000.0
2026-01-01,24000.0
2026-01-01,15000.0
2026-01-01,45000.0
2026-01-01,6000.0
2026-01-01,24000.0
2026-01-01,6000.0
2026-01-01,24000.0
2026-01-01,24000.0
2026-01-01,12000.0
2026-01-01,6000.0
2026-01-01,28500.0
2026-01-01,16000.0
2026-01-01,24000.0
2026-01-01,20000.0
2026-01-01,34200.0
2026-01-01,15000.0
2026-01-01,32000.0
2026-01-01,27000.0
2026-01-01,15000.0
2026-01-01,20000.0
2026-01-01,24000.0
2026-01-02,10000.0
2026-01-02,5700.0
2026-01-02,27000.0
2026-01-02,20000.0
2026-01-02,15000.0
2026-01-02,22000.0
2026-01-02,10000.0
2026-01-02,23000.0
2026-01-02,10000.0
2026-01-02,40000.0
2026-01-02,20000.0
2026-01-02,25000.0
2026-01-02,69000.0
2026-01-02,23000.0
2026-01-02,5000.0
2026-01-02,11400.0
2026-01-02,10000.0
2026-01-02,12000.0
2026-01-02,54000.0
2026-01-02,20000.0
2026-01-02,47500.0
2026-01-02,5000.0
2026-01-02,40000.0
2026-01-02,5700.0
2026-01-02,36000.0
2026-01-02,23000.0
2026-01-02,23750.0
2026-01-02,10000.0
2026-01-02,5000.0
2026-01-02,66000.0
2026-01-02,6000.0
2026-01-02,5000.0
2026-01-02,22000.0
2026-01-02,20000.0
2026-01-02,24000.0
2026-01-02,10000.0
2026-01-02,22000.0
2026-01-02,22800.0
2026-01-02,20000.0
2026-01-02,72000.0
2026-01-02,15000.0
2026-01-02,44000.0
2026-01-02,8000.0
2026-01-02,10000.0
2026-01-02,50000.0
2026-01-02,22000.0
2026-01-02,5000.0
2026-01-02,6000.0
2026-01-02,27000.0
2026-01-02,75000.0
2026-01-02,54000.0
2026-01-02,12000.0
2026-01-02,12000.0
2026-01-02,6000.0
2026-01-02,22000.0
2026-01-02,23000.0
2026-01-02,69000.0
2026-01-02,24000.0
2026-01-02,51300.0
2026-01-02,36000.0
2026-01-02,21850.0
2026-01-02,69000.0
2026-01-02,19000.0
2026-01-02,6000.0
2026-01-02,72000.0
2026-01-02,5000.0
2026-01-02,6000.0
2026-01-02,12000.0
2026-01-02,27000.0
2026-01-02,22000.0
2026-01-02,6000.0
2026-01-02,24000.0
2026-01-02,36000.0
2026-01-02,24000.0
2026-01-02,40000.0
2026-01-02,27000.0
2026-01-02,23000.0
2026-01-02,24000.0
2026-01-02,44000.0
2026-01-02,15000.0
2026-01-02,8000.0
2026-01-02,24000.0
2026-01-02,12000.0
2026-01-02,12000.0
2026-01-02,47500.0
2026-01-02,6000.0
2026-01-02,40000.0
2026-01-02,12000.0
2026-01-02,27000.0
2026-01-02,24000.0
2026-01-02,36000.0
2026-01-02,18000.0
2026-01-02,46000.0
2026-01-02,24000.0
2026-01-02,20000.0
2026-01-02,46000.0
2026-01-02,27000.0
2026-01-02,12000.0
2026-01-02,15000.0
2026-01-02,24000.0
2026-01-02,8000.0
2026-01-02,20900.0
2026-01-02,24000.0
2026-01-02,20000.0
2026-01-02,9500.0
2026-01-02,30000.0
2026-01-02,20000.0
2026-01-02,24000.0
2026-01-02,75000.0
2026-01-02,15000.0
2026-01-02,81000.0
2026-01-02,46000.0
2026-01-02,25000.0
2026-01-02,12000.0
2026-01-02,20000.0
2026-01-02,27000.0
2026-01-02,66000.0
2026-01-02,24000.0
2026-01-02,30000.0
2026-01-02,5000.0
2026-01-02,22800.0
2026-01-02,24000.0
2026-01-02,20000.0
2026-01-02,24000.0
2026-01-02,10000.0
2026-01-02,8000.0
2026-01-02,100000.0
2026-01-02,22000.0
2026-01-02,48000.0
2026-01-02,25000.0
2026-01-02,20900.0
2026-01-02,11400.0
2026-01-02,16000.0
2026-01-02,66000.0
2026-01-02,24000.0
2026-01-02,65550.0
2026-01-02,22000.0
2026-01-02,6000.0
2026-01-02,44000.0
2026-01-02,40000.0
2026-01-02,22000.0
2026-01-02,22000.0
2026-01-02,23000.0
2026-01-02,6000.0
2026-01-02,6000.0
2026-01-02,40000.0
2026-01-02,25000.0
2026-01-02,60000.0
2026-01-02,12000.0
2026-01-02,10000.0
2026-01-02,60000.0
2026-01-02,16000.0
2026-01-02,16000.0
2026-01-02,24000.0
2026-01-02,40000.0
2026-01-02,5000.0
2026-01-02,15000.0
2026-01-02,16000.0
2026-01-02,108000.0
2026-01-02,23000.0
2026-01-02,27000.0
2026-01-02,10000.0
2026-01-02,15000.0
2026-01-02,23000.0
2026-01-02,23000.0
2026-01-02,50000.0
2026-01-02,12000.0
2026-01-02,20000.0
2026-01-02,5000.0
2026-01-02,20000.0
2026-01-02,10000.0
2026-01-02,23000.0
2026-01-02,24000.0
2026-01-02,24000.0
2026-01-02,18000.0
2026-01-02,8000.0
2026-01-02,12000.0
2026-01-02,5000.0
2026-01-02,24000.0
2026-01-02,6000.0
2026-01-02,46000.0
2026-01-02,44000.0
2026-01-02,15000.0
2026-01-02,24000.0
2026-01-02,81000.0
2026-01-02,20000.0
2026-01-02,27000.0
2026-01-02,75000.0
2026-01-02,9500.0
2026-01-02,44000.0
2026-01-02,12000.0
2026-01-02,5000.0
2026-01-02,88000.0
2026-01-02,19000.0
2026-01-02,19000.0
2026-01-02,5000.0
2026-01-02,22800.0
2026-01-02,22000.0
2026-01-02,46000.0
2026-01-02,24000.0
2026-01-02,22000.0
2026-01-02,30000.0
2026-01-02,9500.0
2026-01-02,60000.0
2026-01-02,30000.0
2026-01-02,19000.0
2026-01-02,20000.0
2026-01-02,12000.0
2026-01-02,5000.0
2026-01-02,69000.0
2026-01-02,44000.0
2026-01-02,25000.0
2026-01-02,5000.0
2026-01-02,45000.0
2026-01-02,22000.0
2026-01-02,50000.0
2026-01-02,69000.0
2026-01-02,20000.0
2026-01-02,15000.0
2026-01-02,5000.0
2026-01-02,9500.0
2026-01-02,6000.0
2026-01-02,48000.0
2026-01-02,20900.0
2026-01-02,15000.0
2026-01-02,16000.0
2026-01-02,15000.0
2026-01-02,24000.0
2026-01-02,10000.0
2026-01-03,24000.0
2026-01-03,22000.0
2026-01-03,24000.0
2026-01-03,5000.0
2026-01-03,5000.0
2026-01-03,12000.0
2026-01-03,46000.0
2026-01-03,81000.0
2026-01-03,12000.0
2026-01-03,12000.0
2026-01-03,6000.0
2026-01-03,65550.0
2026-01-03,12000.0
2026-01-03,12000.0
2026-01-03,23000.0
2026-01-03,20000.0
2026-01-03,15000.0
2026-01-03,18000.0
2026-01-03,36000.0
2026-01-03,24000.0
2026-01-03,66000.0
2026-01-03,15000.0
2026-01-03,7600.0
2026-01-03,46000.0
2026-01-03,36000.0
2026-01-03,25650.0
2026-01-03,27000.0
2026-01-03,22000.0
2026-01-03,51300.0
2026-01-03,24000.0
2026-01-03,96000.0
2026-01-03,6000.0
2026-01-03,10000.0
2026-01-03,100000.0
2026-01-03,20000.0
2026-01-03,6000.0
2026-01-03,18000.0
2026-01-03,30000.0
2026-01-03,20000.0
2026-01-03,25000.0
2026-01-03,18000.0
2026-01-03,19000.0
2026-01-03,15000.0
2026-01-03,22800.0
2026-01-03,108000.0
2026-01-03,8000.0
2026-01-03,27000.0
2026-01-03,75000.0
2026-01-03,20000.0
2026-01-03,6000.0
2026-01-03,6000.0
2026-01-03,48000.0
2026-01-03,24000.0
2026-01-03,27000.0
2026-01-03,6000.0
2026-01-03,12000.0
2026-01-03,25000.0
2026-01-03,44000.0
2026-01-03,6000.0
2026-01-03,15000.0
2026-01-03,48000.0
2026-01-03,22800.0
2026-01-03,6000.0
2026-01-03,15000.0
2026-01-03,50000.0
2026-01-03,15000.0
2026-01-03,75000.0
2026-01-03,6000.0
2026-01-03,6000.0
2026-01-03,20000.0
2026-01-03,18000.0
2026-01-03,15000.0
2026-01-03,27000.0
2026-01-03,20000.0
2026-01-03,22000.0
2026-01-03,30000.0
2026-01-03,30000.0
2026-01-03,23000.0
2026-01-03,40000.0
2026-01-03,10000.0
2026-01-03,10000.0
2026-01-03,24000.0
2026-01-03,22000.0
2026-01-03,12000.0
2026-01-03,12000.0
2026-01-03,5000.0
2026-01-03,68400.0
2026-01-03,10000.0
2026-01-03,19000.0
2026-01-03,22000.0
2026-01-03,11400.0
2026-01-03,10000.0
2026-01-03,30000.0
2026-01-03,50000.0
2026-01-03,16000.0
2026-01-03,48000.0
2026-01-03,12000.0
2026-01-03,32000.0
2026-01-03,20000.0
2026-01-03,6000.0
2026-01-03,25000.0
2026-01-03,12000.0
2026-01-03,16000.0
2026-01-03,4750.0
2026-01-03,23000.0
2026-01-03,30000.0
2026-01-03,6000.0
2026-01-03,5000.0
2026-01-03,5700.0
2026-01-03,30000.0
2026-01-03,24000.0
2026-01-03,22000.0
2026-01-03,5700.0
2026-01-03,44000.0
2026-01-03,23000.0
2026-01-03,10000.0
2026-01-03,92000.0
2026-01-03,75000.0
2026-01-03,12000.0
2026-01-03,22000.0
2026-01-03,60000.0
2026-01-03,76950.0
2026-01-03,75000.0
2026-01-03,8000.0
2026-01-03,23000.0
2026-01-03,5000.0
2026-01-03,6000.0
2026-01-03,6000.0
2026-01-03,12000.0
2026-01-03,24000.0
2026-01-03,10000.0
2026-01-03,16000.0
2026-01-03,12000.0
2026-01-03,24000.0
2026-01-03,25000.0
2026-01-03,22800.0
2026-01-03,96000.0
2026-01-03,27000.0
2026-01-03,12000.0
2026-01-03,27000.0
2026-01-03,15000.0
2026-01-03,23750.0
2026-01-03,30000.0
2026-01-03,8000.0
2026-01-03,46000.0
2026-01-03,25000.0
2026-01-03,12000.0
2026-01-03,20000.0
2026-01-03,15000.0
2026-01-03,12000.0
2026-01-03,25000.0
2026-01-03,22000.0
2026-01-03,22000.0
2026-01-03,30000.0
2026-01-03,69000.0
2026-01-03,25650.0
2026-01-03,48000.0
2026-01-03,8000.0
2026-01-03,50000.0
2026-01-03,23000.0
2026-01-03,48000.0
2026-01-03,12000.0
2026-01-03,27000.0
2026-01-03,18000.0
2026-01-03,48000.0
2026-01-03,15000.0
2026-01-03,6000.0
2026-01-03,20000.0
2026-01-03,27000.0
2026-01-03,24000.0
2026-01-03,20000.0
2026-01-03,5000.0
2026-01-03,30000.0
2026-01-03,6000.0
2026-01-03,28500.0
2026-01-03,10000.0
2026-01-03,20000.0
2026-01-03,5000.0
2026-01-03,15000.0
2026-01-03,12000.0
2026-01-03,24000.0
2026-01-03,44000.0
2026-01-03,25000.0
2026-01-03,12000.0
2026-01-03,24000.0
2026-01-03,6000.0
2026-01-03,30000.0
2026-01-03,72000.0
2026-01-03,6000.0
2026-01-03,22000.0
2026-01-03,8000.0
2026-01-03,72000.0
2026-01-03,15000.0
2026-01-03,20000.0
2026-01-03,72000.0
2026-01-03,12000.0
2026-01-03,48000.0
2026-01-03,12000.0
2026-01-03,32000.0
2026-01-03,20900.0
2026-01-03,83600.0
2026-01-03,6000.0
2026-01-03,12000.0
2026-01-03,20000.0
2026-01-03,5000.0
2026-01-03,69000.0
2026-01-03,27000.0
2026-01-03,27000.0
2026-01-03,12000.0
2026-01-03,46000.0
2026-01-03,10000.0
2026-01-03,22000.0
2026-01-03,6000.0
2026-01-03,15000.0
2026-01-03,50000.0
2026-01-03,15000.0
2026-01-03,16000.0
2026-01-03,69000.0
2026-01-03,27000.0
2026-01-03,50000.0
2026-01-03,20000.0
2026-01-03,66000.0
2026-01-03,10000.0
2026-01-03,6000.0
2026-01-03,23000.0
2026-01-03,24000.0
2026-01-03,45000.0
2026-01-03,6000.0
2026-01-03,100000.0
2026-01-03,30000.0
2026-01-03,8000.0
2026-01-03,10000.0
2026-01-03,10000.0
2026-01-03,23000.0
2026-01-03,15000.0
2026-01-03,75000.0
2026-01-03,23750.0
2026-01-03,5700.0
2026-01-03,12000.0
2026-01-03,100000.0
2026-01-03,24000.0
2026-01-03,41800.0
2026-01-03,22000.0
2026-01-03,40000.0
2026-01-03,8000.0
2026-01-03,22000.0
2026-01-03,20000.0
2026-01-03,20900.0
2026-01-03,50000.0
2026-01-03,24000.0
2026-01-03,81000.0
2026-01-03,20000.0
2026-01-03,15000.0
2026-01-03,6000.0
2026-01-03,19000.0
2026-01-03,18000.0
2026-01-03,8000.0
2026-01-03,22000.0
2026-01-03,27000.0
2026-01-03,25000.0
2026-01-03,5700.0
2026-01-03,20900.0
2026-01-03,46000.0
2026-01-03,40000.0
2026-01-03,8000.0
2026-01-04,22800.0
2026-01-04,25000.0
2026-01-04,22800.0
2026-01-04,27000.0
2026-01-04,72000.0
2026-01-04,30000.0
2026-01-04,10000.0
2026-01-04,25000.0
2026-01-04,20000.0
2026-01-04,12000.0
2026-01-04,24000.0
2026-01-04,23750.0
2026-01-04,20000.0
2026-01-04,27000.0
2026-01-04,20000.0
2026-01-04,6000.0
2026-01-04,48000.0
2026-01-04,24000.0
2026-01-04,12000.0
2026-01-04,20000.0
2026-01-04,20000.0
2026-01-04,8000.0
2026-01-04,6000.0
2026-01-04,16000.0
2026-01-04,46000.0
2026-01-04,24000.0
2026-01-04,15000.0
2026-01-04,16000.0
2026-01-04,12000.0
2026-01-04,54000.0
2026-01-04,48000.0
2026-01-04,12000.0
2026-01-04,10000.0
2026-01-04,15200.0
2026-01-04,15000.0
2026-01-04,5700.0
2026-01-04,46000.0
2026-01-04,25000.0
2026-01-04,44000.0
2026-01-04,22000.0
2026-01-04,6000.0
2026-01-04,6000.0
2026-01-04,12000.0
2026-01-04,24000.0
2026-01-04,45000.0
2026-01-04,24000.0
2026-01-04,5000.0
2026-01-04,8000.0
2026-01-04,18000.0
2026-01-04,15000.0
2026-01-04,10000.0
2026-01-04,15000.0
2026-01-04,11400.0
2026-01-04,27000.0
2026-01-04,48000.0
2026-01-04,15000.0
2026-01-04,10000.0
2026-01-04,60000.0
2026-01-04,48000.0
2026-01-04,6000.0
2026-01-04,24000.0
2026-01-04,5000.0
2026-01-04,14250.0
2026-01-04,12000.0
2026-01-04,12000.0
2026-01-04,20000.0
2026-01-04,23750.0
2026-01-04,23000.0
2026-01-04,44000.0
2026-01-04,24000.0
2026-01-04,15000.0
2026-01-04,108000.0
2026-01-04,27000.0
2026-01-04,24000.0
2026-01-04,12000.0
2026-01-04,22000.0
2026-01-04,11400.0
2026-01-04,20000.0
2026-01-04,50000.0
2026-01-04,25650.0
2026-01-04,44000.0
2026-01-04,25000.0
2026-01-04,66000.0
2026-01-04,22000.0
2026-01-04,27000.0
2026-01-04,60000.0
2026-01-04,66000.0
2026-01-04,15000.0
2026-01-04,22000.0
2026-01-04,24000.0
2026-01-04,8000.0
2026-01-04,15000.0
2026-01-04,5700.0
2026-01-04,15000.0
2026-01-04,6000.0
2026-01-04,96000.0
2026-01-04,24000.0
2026-01-04,23000.0
2026-01-04,20000.0
2026-01-04,27000.0
2026-01-04,11400.0
2026-01-04,14250.0
2026-01-04,48000.0
2026-01-04,45000.0
2026-01-04,30000.0
2026-01-04,20000.0
2026-01-04,5000.0
2026-01-04,24000.0
2026-01-04,15000.0
2026-01-04,5000.0
2026-01-04,24000.0
2026-01-04,12000.0
2026-01-04,12000.0
2026-01-04,10000.0
2026-01-04,5000.0
2026-01-04,20000.0
2026-01-04,12000.0
2026-01-04,23000.0
2026-01-04,27000.0
2026-01-04,22000.0
2026-01-04,9500.0
2026-01-04,27000.0
2026-01-04,22000.0
2026-01-04,10000.0
2026-01-04,24000.0
2026-01-04,11400.0
2026-01-04,48000.0
2026-01-04,24000.0
2026-01-04,15000.0
2026-01-04,10000.0
2026-01-04,40000.0
2026-01-04,15000.0
2026-01-04,18000.0
2026-01-04,23000.0
2026-01-04,24000.0
2026-01-04,14250.0
2026-01-04,11400.0
2026-01-04,9500.0
2026-01-04,25000.0
2026-01-04,22000.0
2026-01-04,16000.0
2026-01-04,5000.0
2026-01-04,6000.0
2026-01-04,23000.0
2026-01-04,20000.0
2026-01-04,10000.0
2026-01-04,10000.0
2026-01-04,15000.0
2026-01-04,72000.0
2026-01-04,11400.0
2026-01-04,6000.0
2026-01-04,15000.0
2026-01-04,54000.0
2026-01-04,30000.0
2026-01-04,12000.0
2026-01-04,15000.0
2026-01-04,22000.0
2026-01-04,24000.0
2026-01-04,44000.0
2026-01-04,14250.0
2026-01-04,50000.0
2026-01-04,12000.0
2026-01-04,44000.0
2026-01-04,24000.0
2026-01-04,92000.0
2026-01-04,100000.0
2026-01-04,40000.0
2026-01-04,15000.0
2026-01-04,76000.0
2026-01-04,20000.0
2026-01-04,22000.0
2026-01-04,21850.0
2026-01-04,24000.0
2026-01-04,27000.0
2026-01-04,22000.0
2026-01-04,15000.0
2026-01-04,12000.0
2026-01-04,22800.0
2026-01-04,6000.0
2026-01-04,15000.0
2026-01-04,25650.0
2026-01-04,7600.0
2026-01-04,14250.0
2026-01-04,22000.0
2026-01-04,18000.0
2026-01-04,15000.0
2026-01-04,6000.0
2026-01-04,27000.0
2026-01-04,6000.0
2026-01-04,22000.0
2026-01-04,66000.0
2026-01-04,69000.0
2026-01-04,80000.0
2026-01-04,60000.0
2026-01-04,75000.0
2026-01-04,6000.0
2026-01-04,25650.0
2026-01-04,27000.0
2026-01-04,22800.0
2026-01-04,20000.0
2026-01-04,23000.0
2026-01-04,6000.0
2026-01-04,22000.0
2026-01-04,12000.0
2026-01-04,20000.0
2026-01-04,24000.0
2026-01-04,80000.0
2026-01-04,10000.0
2026-01-04,20000.0
2026-01-04,25000.0
2026-01-04,24000.0
2026-01-04,44000.0
2026-01-04,15000.0
2026-01-04,22000.0
2026-01-04,44000.0
2026-01-04,66000.0
2026-01-04,6000.0
2026-01-04,20000.0
2026-01-04,66000.0
2026-01-04,48000.0
2026-01-04,8000.0
2026-01-04,6000.0
2026-01-04,24000.0
2026-01-04,23000.0
2026-01-04,14250.0
2026-01-04,20000.0
2026-01-04,30000.0
2026-01-04,22000.0
2026-01-04,48000.0
2026-01-04,16000.0
2026-01-04,12000.0
2026-01-04,20000.0
2026-01-04,48000.0
2026-01-04,5000.0
2026-01-04,12000.0
2026-01-04,5000.0
2026-01-04,12000.0
2026-01-04,44000.0
2026-01-04,22000.0
2026-01-04,8000.0
2026-01-04,20000.0
2026-01-04,15000.0
2026-01-04,12000.0
2026-01-04,25000.0
2026-01-04,20000.0
2026-01-04,22000.0
2026-01-04,16000.0
2026-01-04,25650.0
2026-01-04,24000.0
2026-01-04,6000.0
2026-01-04,15000.0
2026-01-04,12000.0
2026-01-04,20000.0
2026-01-04,6000.0
2026-01-04,15000.0
2026-01-04,24000.0
2026-01-04,22800.0
2026-01-04,10000.0
2026-01-04,15000.0
2026-01-04,8000.0
2026-01-04,20000.0
2026-01-04,18000.0
2026-01-04,4750.0
2026-01-04,22800.0
2026-01-04,6000.0
2026-01-04,15000.0
2026-01-04,22000.0
2026-01-04,6000.0
2026-01-05,24000.0
2026-01-05,25000.0
2026-01-05,48000.0
2026-01-05,24000.0
2026-01-05,22000.0
2026-01-05,6000.0
2026-01-05,6000.0
2026-01-05,25000.0
2026-01-05,22000.0
2026-01-05,8000.0
2026-01-05,48000.0
2026-01-05,44000.0
2026-01-05,12000.0
2026-01-05,8000.0
2026-01-05,10000.0
2026-01-05,25000.0
2026-01-05,15000.0
2026-01-05,6000.0
2026-01-05,12000.0
2026-01-05,10000.0
2026-01-05,6000.0
2026-01-05,12000.0
2026-01-05,38000.0
2026-01-05,44000.0
2026-01-05,24000.0
2026-01-05,25000.0
2026-01-05,25000.0
2026-01-05,76950.0
2026-01-05,10000.0
2026-01-05,15000.0
2026-01-05,54000.0
2026-01-05,10000.0
2026-01-05,108000.0
2026-01-05,22000.0
2026-01-05,10000.0
2026-01-05,22000.0
2026-01-05,10000.0
2026-01-05,6000.0
2026-01-05,12000.0
2026-01-05,11400.0
2026-01-05,22000.0
2026-01-05,12000.0
2026-01-05,16000.0
2026-01-05,19000.0
2026-01-05,15000.0
2026-01-05,54000.0
2026-01-05,22800.0
2026-01-05,5000.0
2026-01-05,69000.0
2026-01-05,27000.0
2026-01-05,27000.0
2026-01-05,23000.0
2026-01-05,20000.0
2026-01-05,69000.0
2026-01-05,25000.0
2026-01-05,25000.0
2026-01-05,12000.0
2026-01-05,8000.0
2026-01-05,23000.0
2026-01-05,8000.0
2026-01-05,15000.0
2026-01-05,6000.0
2026-01-05,24000.0
2026-01-05,46000.0
2026-01-05,28500.0
2026-01-05,15000.0
2026-01-05,22000.0
2026-01-05,27000.0
2026-01-05,19000.0
2026-01-05,30000.0
2026-01-05,6000.0
2026-01-05,81000.0
2026-01-05,6000.0
2026-01-05,24000.0
2026-01-05,23000.0
2026-01-05,12000.0
2026-01-05,30000.0
2026-01-05,8000.0
2026-01-05,22000.0
2026-01-05,6000.0
2026-01-05,24000.0
2026-01-05,54000.0
2026-01-05,20000.0
2026-01-05,8000.0
2026-01-05,28500.0
2026-01-05,15000.0
2026-01-05,10000.0
2026-01-05,12000.0
2026-01-05,10000.0
2026-01-05,15000.0
2026-01-05,22000.0
2026-01-05,15000.0
2026-01-05,20000.0
2026-01-05,15000.0
2026-01-05,25000.0
2026-01-05,47500.0
2026-01-05,25000.0
2026-01-05,6000.0
2026-01-05,20000.0
2026-01-05,12000.0
2026-01-05,22000.0
2026-01-05,48000.0
2026-01-05,12000.0
2026-01-05,30000.0
2026-01-05,6000.0
2026-01-05,6000.0
2026-01-05,44000.0
2026-01-05,22000.0
2026-01-05,50000.0
2026-01-05,14250.0
2026-01-05,20000.0
2026-01-05,15000.0
2026-01-05,6000.0
2026-01-05,60000.0
2026-01-05,24000.0
2026-01-05,16000.0
2026-01-05,24000.0
2026-01-05,75000.0
2026-01-05,12000.0
2026-01-05,12000.0
2026-01-05,10000.0
2026-01-05,22000.0
2026-01-05,83600.0
2026-01-05,5000.0
2026-01-05,44000.0
2026-01-05,20000.0
2026-01-05,6000.0
2026-01-05,23000.0
2026-01-05,25000.0
2026-01-05,27000.0
2026-01-05,6000.0
2026-01-05,8000.0
2026-01-05,24000.0
2026-01-05,20000.0
2026-01-05,44000.0
2026-01-05,6000.0
2026-01-05,23000.0
2026-01-05,24000.0
2026-01-05,12000.0
2026-01-05,19000.0
2026-01-05,12000.0
2026-01-05,24000.0
2026-01-05,20000.0
2026-01-05,15000.0
2026-01-05,27000.0
2026-01-05,5000.0
2026-01-05,25650.0
2026-01-05,44000.0
2026-01-05,24000.0
2026-01-05,24000.0
2026-01-05,50000.0
2026-01-05,6000.0
2026-01-05,6000.0
2026-01-05,20000.0
2026-01-05,10000.0
2026-01-05,27000.0
2026-01-05,66000.0
2026-01-05,25000.0
2026-01-05,9500.0
2026-01-05,81000.0
2026-01-05,15000.0
2026-01-05,12000.0
2026-01-05,23000.0
2026-01-05,6000.0
2026-01-05,24000.0
2026-01-05,108000.0
2026-01-05,46000.0
2026-01-05,20000.0
2026-01-05,16000.0
2026-01-05,48000.0
2026-01-05,5000.0
2026-01-05,25000.0
2026-01-05,6000.0
2026-01-05,45600.0
2026-01-05,25000.0
2026-01-05,75000.0
2026-01-05,6000.0
2026-01-05,15000.0
2026-01-05,12000.0
2026-01-05,10000.0
2026-01-05,6000.0
2026-01-05,22000.0
2026-01-05,20900.0
2026-01-05,12000.0
2026-01-05,20000.0
2026-01-05,12000.0
2026-01-05,20000.0
2026-01-05,22800.0
2026-01-05,6000.0
2026-01-05,6000.0
2026-01-05,25000.0
2026-01-05,15000.0
2026-01-05,38000.0
2026-01-05,22000.0
2026-01-05,5700.0
2026-01-05,27000.0
2026-01-05,8000.0
2026-01-05,46000.0
2026-01-05,25000.0
2026-01-05,20000.0
2026-01-05,15000.0
2026-01-05,44000.0
2026-01-05,69000.0
2026-01-05,23750.0
2026-01-05,45600.0
2026-01-05,18000.0
2026-01-05,30000.0
2026-01-05,24000.0
2026-01-06,10000.0
2026-01-06,24000.0
2026-01-06,16000.0
2026-01-06,20000.0
2026-01-06,44000.0
2026-01-06,69000.0
2026-01-06,20000.0
2026-01-06,75000.0
2026-01-06,44000.0
2026-01-06,12000.0
2026-01-06,24000.0
2026-01-06,46000.0
2026-01-06,24000.0
2026-01-06,48000.0
2026-01-06,45000.0
2026-01-06,16000.0
2026-01-06,88000.0
2026-01-06,24000.0
2026-01-06,50000.0
2026-01-06,24000.0
2026-01-06,23000.0
2026-01-06,25000.0
2026-01-06,15000.0
2026-01-06,12000.0
2026-01-06,12000.0
2026-01-06,30000.0
2026-01-06,22000.0
2026-01-06,6000.0
2026-01-06,6000.0
2026-01-06,60000.0
2026-01-06,60000.0
2026-01-06,30000.0
2026-01-06,44000.0
2026-01-06,15000.0
2026-01-06,15000.0
2026-01-06,46000.0
2026-01-06,18000.0
2026-01-06,48000.0
2026-01-06,40000.0
2026-01-06,12000.0
2026-01-06,10000.0
2026-01-06,25000.0
2026-01-06,30000.0
2026-01-06,5000.0
2026-01-06,24000.0
2026-01-06,14250.0
2026-01-06,15000.0
2026-01-06,15000.0
2026-01-06,10000.0
2026-01-06,48000.0
2026-01-06,69000.0
2026-01-06,6000.0
2026-01-06,24000.0
2026-01-06,60000.0
2026-01-06,88000.0
2026-01-06,69000.0
2026-01-06,5000.0
2026-01-06,50000.0
2026-01-06,6000.0
2026-01-06,8000.0
2026-01-06,30000.0
2026-01-06,10000.0
2026-01-06,44000.0
2026-01-06,23000.0
2026-01-06,12000.0
2026-01-06,15000.0
2026-01-06,44000.0
2026-01-06,6000.0
2026-01-06,50000.0
2026-01-06,22000.0
2026-01-06,12000.0
2026-01-06,15000.0
2026-01-06,50000.0
2026-01-06,50000.0
2026-01-06,46000.0
2026-01-06,24000.0
2026-01-06,25650.0
2026-01-06,23000.0
2026-01-06,6000.0
2026-01-06,54000.0
2026-01-06,15000.0
2026-01-06,27000.0
2026-01-06,27000.0
2026-01-06,12000.0
2026-01-06,57000.0
2026-01-06,25000.0
2026-01-06,22000.0
2026-01-06,22000.0
2026-01-06,5000.0
2026-01-06,15000.0
2026-01-06,25000.0
2026-01-06,54000.0
2026-01-06,8000.0
2026-01-06,20000.0
2026-01-06,8000.0
2026-01-06,8000.0
2026-01-06,23000.0
2026-01-06,15000.0
2026-01-06,51300.0
2026-01-06,7600.0
2026-01-06,24000.0
2026-01-06,22000.0
2026-01-06,20000.0
2026-01-06,24000.0
2026-01-06,5000.0
2026-01-06,24000.0
2026-01-06,100000.0
2026-01-06,46000.0
2026-01-06,12000.0
2026-01-06,12000.0
2026-01-06,72000.0
2026-01-06,20000.0
2026-01-06,23000.0
2026-01-06,12000.0
2026-01-06,10000.0
2026-01-06,30000.0
2026-01-06,8000.0
2026-01-06,46000.0
2026-01-06,36000.0
2026-01-06,10000.0
2026-01-06,5000.0
2026-01-06,15000.0
2026-01-06,22000.0
2026-01-06,24000.0
2026-01-06,80000.0
2026-01-06,12000.0
2026-01-06,27000.0
2026-01-06,50000.0
2026-01-06,6000.0
2026-01-06,24000.0
2026-01-06,23000.0
2026-01-06,54000.0
2026-01-06,25000.0
2026-01-06,12000.0
2026-01-06,8000.0
2026-01-06,20000.0
2026-01-06,15000.0
2026-01-06,27000.0
2026-01-06,25000.0
2026-01-06,44000.0
2026-01-06,15000.0
2026-01-06,15000.0
2026-01-06,6000.0
2026-01-06,5000.0
2026-01-06,48000.0
2026-01-06,46000.0
2026-01-06,12000.0
2026-01-06,12000.0
2026-01-06,6000.0
2026-01-06,19000.0
2026-01-06,80000.0
2026-01-06,48000.0
2026-01-06,24000.0
2026-01-06,20000.0
2026-01-06,30000.0
2026-01-06,24000.0
2026-01-06,48000.0
2026-01-06,25000.0
2026-01-06,25000.0
2026-01-06,54000.0
2026-01-06,27000.0
2026-01-06,96000.0
2026-01-06,20900.0
2026-01-06,22000.0
2026-01-06,16000.0
2026-01-06,48000.0
2026-01-06,24000.0
2026-01-06,24000.0
2026-01-06,27000.0
2026-01-06,23750.0
2026-01-06,15000.0
2026-01-06,18000.0
2026-01-06,48000.0
2026-01-06,20000.0
2026-01-06,10000.0
2026-01-06,20000.0
2026-01-06,20000.0
2026-01-06,24000.0
2026-01-06,12000.0
2026-01-06,41800.0
2026-01-06,15000.0
2026-01-06,15200.0
2026-01-06,22000.0
2026-01-06,40000.0
2026-01-06,80000.0
2026-01-06,6000.0
2026-01-06,46000.0
2026-01-06,27000.0
2026-01-06,25000.0
2026-01-06,10000.0
2026-01-06,23000.0
2026-01-06,22000.0
2026-01-06,20000.0
2026-01-06,23000.0
2026-01-06,6000.0
2026-01-06,60000.0
2026-01-06,4750.0
2026-01-06,25000.0
2026-01-06,10000.0
2026-01-06,6000.0
2026-01-06,5000.0
2026-01-06,45600.0
2026-01-06,48000.0
2026-01-06,19000.0
2026-01-06,12000.0
2026-01-06,8000.0
2026-01-06,69000.0
2026-01-06,47500.0
2026-01-06,5000.0
2026-01-06,25000.0
2026-01-06,6000.0
2026-01-06,50000.0
2026-01-06,16000.0
2026-01-06,10000.0
2026-01-06,50000.0
2026-01-06,24000.0
2026-01-06,24000.0
2026-01-06,24000.0
2026-01-06,20000.0
2026-01-06,46000.0
2026-01-06,11400.0
2026-01-06,6000.0
2026-01-06,46000.0
2026-01-06,15000.0
2026-01-06,88000.0
2026-01-06,15000.0
2026-01-06,6000.0
2026-01-06,28500.0
2026-01-06,72000.0
2026-01-06,6000.0
2026-01-07,45600.0
2026-01-07,8000.0
2026-01-07,22000.0
2026-01-07,6000.0
2026-01-07,18000.0
2026-01-07,48000.0
2026-01-07,12000.0
2026-01-07,22000.0
2026-01-07,27000.0
2026-01-07,44000.0
2026-01-07,92000.0
2026-01-07,12000.0
2026-01-07,6000.0
2026-01-07,75000.0
2026-01-07,15000.0
2026-01-07,88000.0
2026-01-07,22000.0
2026-01-07,30000.0
2026-01-07,10000.0
2026-01-07,30000.0
2026-01-07,22000.0
2026-01-07,48000.0
2026-01-07,14250.0
2026-01-07,24000.0
2026-01-07,22000.0
2026-01-07,12000.0
2026-01-07,6000.0
2026-01-07,50000.0
2026-01-07,15000.0
2026-01-07,22800.0
2026-01-07,25000.0
2026-01-07,46000.0
2026-01-07,25000.0
2026-01-07,12000.0
2026-01-07,40000.0
2026-01-07,8000.0
2026-01-07,22000.0
2026-01-07,12000.0
2026-01-07,12000.0
2026-01-07,15000.0
2026-01-07,10000.0
2026-01-07,20000.0
2026-01-07,48000.0
2026-01-07,45000.0
2026-01-07,9500.0
2026-01-07,54000.0
2026-01-07,12000.0
2026-01-07,6000.0
2026-01-07,66000.0
2026-01-07,10000.0
2026-01-07,12000.0
2026-01-07,30000.0
2026-01-07,12000.0
2026-01-07,25000.0
2026-01-07,27000.0
2026-01-07,45600.0
2026-01-07,15000.0
2026-01-07,48000.0
2026-01-07,16000.0
2026-01-07,27000.0
2026-01-07,12000.0
2026-01-07,6000.0
2026-01-07,5700.0
2026-01-07,6000.0
2026-01-07,96000.0
2026-01-07,22000.0
2026-01-07,5000.0
2026-01-07,57000.0
2026-01-07,12000.0
2026-01-07,27000.0
2026-01-07,7600.0
2026-01-07,25000.0
2026-01-07,12000.0
2026-01-07,5000.0
2026-01-07,45000.0
2026-01-07,15000.0
2026-01-07,12000.0
2026-01-07,20000.0
2026-01-07,5000.0
2026-01-07,100000.0
2026-01-07,15000.0
2026-01-07,96000.0
2026-01-07,100000.0
2026-01-07,8000.0
2026-01-07,21850.0
2026-01-07,44000.0
2026-01-07,25000.0
2026-01-07,22000.0
2026-01-07,8000.0
2026-01-07,24000.0
2026-01-07,12000.0
2026-01-07,83600.0
2026-01-07,96000.0
2026-01-07,6000.0
2026-01-07,22000.0
2026-01-07,23000.0
2026-01-07,23000.0
2026-01-07,6000.0
2026-01-07,25650.0
2026-01-07,10000.0
2026-01-07,20000.0
2026-01-07,15000.0
2026-01-07,8000.0
2026-01-07,80000.0
2026-01-07,22000.0
2026-01-07,10000.0
2026-01-07,44000.0
2026-01-07,6000.0
2026-01-07,24000.0
2026-01-07,10000.0
2026-01-07,27000.0
2026-01-07,6000.0
2026-01-07,24000.0
2026-01-07,23750.0
2026-01-07,8000.0
2026-01-07,87400.0
2026-01-07,15000.0
2026-01-07,24000.0
2026-01-07,24000.0
2026-01-07,96000.0
2026-01-07,75000.0
2026-01-07,10000.0
2026-01-07,15000.0
2026-01-07,7600.0
2026-01-07,54000.0
2026-01-07,44000.0
2026-01-07,40000.0
2026-01-07,46000.0
2026-01-07,15000.0
2026-01-07,15000.0
2026-01-07,16000.0
2026-01-07,24000.0
2026-01-07,5000.0
2026-01-07,15000.0
2026-01-07,15000.0
2026-01-07,12000.0
2026-01-07,20000.0
2026-01-07,15000.0
2026-01-07,22000.0
2026-01-07,30000.0
2026-01-07,25000.0
2026-01-07,11400.0
2026-01-07,48000.0
2026-01-07,22000.0
2026-01-07,19000.0
2026-01-07,44000.0
2026-01-07,27000.0
2026-01-07,20000.0
2026-01-07,24000.0
2026-01-07,96000.0
2026-01-07,50000.0
2026-01-07,6000.0
2026-01-07,8000.0
2026-01-07,8000.0
2026-01-07,10000.0
2026-01-07,27000.0
2026-01-07,22000.0
2026-01-07,46000.0
2026-01-07,25000.0
2026-01-07,10000.0
2026-01-07,22000.0
2026-01-07,10000.0
2026-01-07,12000.0
2026-01-07,54000.0
2026-01-07,60000.0
2026-01-07,10000.0
2026-01-07,7600.0
2026-01-07,18000.0
2026-01-07,5700.0
2026-01-07,24000.0
2026-01-07,24000.0
2026-01-07,25000.0
2026-01-07,54000.0
2026-01-07,24000.0
2026-01-07,15000.0
2026-01-07,24000.0
2026-01-07,48000.0
2026-01-07,16000.0
2026-01-07,23750.0
2026-01-07,66000.0
2026-01-07,5000.0
2026-01-07,23000.0
2026-01-07,6000.0
2026-01-07,92000.0
2026-01-07,16000.0
2026-01-07,24000.0
2026-01-07,24000.0
2026-01-07,6000.0
2026-01-07,5000.0
2026-01-07,24000.0
2026-01-07,8000.0
2026-01-07,57000.0
2026-01-07,24000.0
2026-01-08,20000.0
2026-01-08,22000.0
2026-01-08,10000.0
2026-01-08,66000.0
2026-01-08,72000.0
2026-01-08,23000.0
2026-01-08,46000.0
2026-01-08,24000.0
2026-01-08,24000.0
2026-01-08,15000.0
2026-01-08,6000.0
2026-01-08,12000.0
2026-01-08,5000.0
2026-01-08,54000.0
2026-01-08,54000.0
2026-01-08,12000.0
2026-01-08,23000.0
2026-01-08,25000.0
2026-01-08,72000.0
2026-01-08,54000.0
2026-01-08,15000.0
2026-01-08,15000.0
2026-01-08,100000.0
2026-01-08,46000.0
2026-01-08,66000.0
2026-01-08,30000.0
2026-01-08,6000.0
2026-01-08,24000.0
2026-01-08,12000.0
2026-01-08,22000.0
2026-01-08,40000.0
2026-01-08,22000.0
2026-01-08,15000.0
2026-01-08,5000.0
2026-01-08,44000.0
2026-01-08,24000.0
2026-01-08,12000.0
2026-01-08,14250.0
2026-01-08,27000.0
2026-01-08,24000.0
2026-01-08,20000.0
2026-01-08,88000.0
2026-01-08,5000.0
2026-01-08,44000.0
2026-01-08,12000.0
2026-01-08,8000.0
2026-01-08,48000.0
2026-01-08,24000.0
2026-01-08,15000.0
2026-01-08,23000.0
2026-01-08,27000.0
2026-01-08,6000.0
2026-01-08,5000.0
2026-01-08,5000.0
2026-01-08,10000.0
2026-01-08,25000.0
2026-01-08,15000.0
2026-01-08,20900.0
2026-01-08,25000.0
2026-01-08,24000.0
2026-01-08,16000.0
2026-01-08,12000.0
2026-01-08,51300.0
2026-01-08,25000.0
2026-01-08,27000.0
2026-01-08,24000.0
2026-01-08,6000.0
2026-01-08,48000.0
2026-01-08,100000.0
2026-01-08,48000.0
2026-01-08,16000.0
2026-01-08,24000.0
2026-01-08,22000.0
2026-01-08,9500.0
2026-01-08,42750.0
2026-01-08,24000.0
2026-01-08,25000.0
2026-01-08,24000.0
2026-01-08,20000.0
2026-01-08,22000.0
2026-01-08,12000.0
2026-01-08,6000.0
2026-01-08,8000.0
2026-01-08,22000.0
2026-01-08,22000.0
2026-01-08,18000.0
2026-01-08,22000.0
2026-01-08,24000.0
2026-01-08,11400.0
2026-01-08,8000.0
2026-01-08,24000.0
2026-01-08,46000.0
2026-01-08,22000.0
2026-01-08,30000.0
2026-01-08,14250.0
2026-01-08,8000.0
2026-01-08,50000.0
2026-01-08,15000.0
2026-01-08,11400.0
2026-01-08,36000.0
2026-01-08,30000.0
2026-01-08,44000.0
2026-01-08,36000.0
2026-01-08,12000.0
2026-01-08,25000.0
2026-01-08,24000.0
2026-01-08,12000.0
2026-01-08,54000.0
2026-01-08,50000.0
2026-01-08,10000.0
2026-01-08,24000.0
2026-01-08,24000.0
2026-01-08,50000.0
2026-01-08,24000.0
2026-01-08,8000.0
2026-01-08,20000.0
2026-01-08,41800.0
2026-01-08,24000.0
2026-01-08,6000.0
2026-01-08,27000.0
2026-01-08,20000.0
2026-01-08,12000.0
2026-01-08,40000.0
2026-01-08,11400.0
2026-01-08,20000.0
2026-01-08,6000.0
2026-01-08,36000.0
2026-01-08,15000.0
2026-01-08,54000.0
2026-01-08,8000.0
2026-01-08,41800.0
2026-01-08,22000.0
2026-01-08,92000.0
2026-01-08,20000.0
2026-01-08,22000.0
2026-01-08,24000.0
2026-01-08,25000.0
2026-01-08,44000.0
2026-01-08,10000.0
2026-01-08,46000.0
2026-01-08,22000.0
2026-01-08,20000.0
2026-01-08,21850.0
2026-01-08,71250.0
2026-01-08,15000.0
2026-01-08,6000.0
2026-01-08,40000.0
2026-01-08,15000.0
2026-01-08,50000.0
2026-01-08,8000.0
2026-01-08,24000.0
2026-01-08,12000.0
2026-01-08,48000.0
2026-01-08,12000.0
2026-01-08,12000.0
2026-01-08,30000.0
2026-01-08,24000.0
2026-01-08,5000.0
2026-01-08,22000.0
2026-01-08,10000.0
2026-01-08,22000.0
2026-01-08,8000.0
2026-01-08,44000.0
2026-01-08,6000.0
2026-01-08,24000.0
2026-01-08,15000.0
2026-01-08,22000.0
2026-01-08,20000.0
2026-01-08,48000.0
2026-01-08,10000.0
2026-01-08,88000.0
2026-01-08,18000.0
2026-01-08,50000.0
2026-01-08,6000.0
2026-01-08,9500.0
2026-01-08,72000.0
2026-01-08,40000.0
2026-01-08,8000.0
2026-01-08,45000.0
2026-01-08,6000.0
2026-01-08,8000.0
2026-01-08,22000.0
2026-01-08,22000.0
2026-01-08,6000.0
2026-01-08,51300.0
2026-01-08,96000.0
2026-01-08,24000.0
2026-01-08,22000.0
2026-01-08,12000.0
2026-01-08,20000.0
2026-01-08,24000.0
2026-01-08,12000.0
2026-01-08,44000.0
2026-01-08,12000.0
2026-01-08,24000.0
2026-01-08,23000.0
2026-01-08,24000.0
2026-01-08,100000.0
2026-01-08,24000.0
2026-01-08,12000.0
2026-01-08,22000.0
2026-01-08,23000.0
2026-01-08,30000.0
2026-01-08,22000.0
2026-01-08,20000.0
2026-01-08,24000.0
2026-01-08,48000.0
2026-01-08,24000.0
2026-01-08,15000.0
2026-01-08,88000.0
2026-01-08,27000.0
2026-01-08,48000.0
2026-01-08,27000.0
2026-01-08,6000.0
2026-01-08,24000.0
2026-01-08,12000.0
2026-01-08,45000.0
2026-01-08,50000.0
2026-01-08,8000.0
2026-01-08,45600.0
2026-01-08,22000.0
2026-01-08,46000.0
2026-01-08,15000.0
2026-01-08,12000.0
2026-01-08,27000.0
2026-01-08,25000.0
2026-01-08,14250.0
2026-01-08,27000.0
2026-01-08,20000.0
2026-01-08,15000.0
2026-01-08,44000.0
2026-01-08,15000.0
2026-01-08,8000.0
2026-01-08,44000.0
2026-01-08,43700.0
2026-01-08,20000.0
2026-01-08,8000.0
2026-01-08,5700.0
2026-01-08,8000.0
2026-01-08,36000.0
2026-01-08,44000.0
2026-01-08,12000.0
2026-01-09,10000.0
2026-01-09,24000.0
2026-01-09,5000.0
2026-01-09,23000.0
2026-01-09,66000.0
2026-01-09,22000.0
2026-01-09,19000.0
2026-01-09,15000.0
2026-01-09,20000.0
2026-01-09,18000.0
2026-01-09,10000.0
2026-01-09,24000.0
2026-01-09,12000.0
2026-01-09,8000.0
2026-01-09,25000.0
2026-01-09,6000.0
2026-01-09,50000.0
2026-01-09,10000.0
2026-01-09,24000.0
2026-01-09,27000.0
2026-01-09,66000.0
2026-01-09,24000.0
2026-01-09,11400.0
2026-01-09,20000.0
2026-01-09,22000.0
2026-01-09,20000.0
2026-01-09,6000.0
2026-01-09,30000.0
2026-01-09,20000.0
2026-01-09,19000.0
2026-01-09,12000.0
2026-01-09,48000.0
2026-01-09,92000.0
2026-01-09,12000.0
2026-01-09,22000.0
2026-01-09,43700.0
2026-01-09,50000.0
2026-01-09,5000.0
2026-01-09,20000.0
2026-01-09,22000.0
2026-01-09,12000.0
2026-01-09,15200.0
2026-01-09,8000.0
2026-01-09,15000.0
2026-01-09,22000.0
2026-01-09,12000.0
2026-01-09,22800.0
2026-01-09,5000.0
2026-01-09,71250.0
2026-01-09,8000.0
2026-01-09,12000.0
2026-01-09,6000.0
2026-01-09,40000.0
2026-01-09,72000.0
2026-01-09,23000.0
2026-01-09,24000.0
2026-01-09,24000.0
2026-01-09,22000.0
2026-01-09,5700.0
2026-01-09,46000.0
2026-01-09,6000.0
2026-01-09,45000.0
2026-01-09,20000.0
2026-01-09,48000.0
2026-01-09,15000.0
2026-01-09,24000.0
2026-01-09,6000.0
2026-01-09,15000.0
2026-01-09,10000.0
2026-01-09,24000.0
2026-01-09,36000.0
2026-01-09,20000.0
2026-01-09,25000.0
2026-01-09,48000.0
2026-01-09,25000.0
2026-01-09,10000.0
2026-01-09,18000.0
2026-01-09,10000.0
2026-01-09,48000.0
2026-01-09,15000.0
2026-01-09,12000.0
2026-01-09,4750.0
2026-01-09,22000.0
2026-01-09,22800.0
2026-01-09,41800.0
2026-01-09,30000.0
2026-01-09,46000.0
2026-01-09,24000.0
2026-01-09,23000.0
2026-01-09,23000.0
2026-01-09,12000.0
2026-01-09,20000.0
2026-01-09,22000.0
2026-01-09,20000.0
2026-01-09,12000.0
2026-01-09,12000.0
2026-01-09,15000.0
2026-01-09,44000.0
2026-01-09,10000.0
2026-01-09,6000.0
2026-01-09,46000.0
2026-01-09,18000.0
2026-01-09,34200.0
2026-01-09,60000.0
2026-01-09,8000.0
2026-01-09,46000.0
2026-01-09,6000.0
2026-01-09,6000.0
2026-01-09,8000.0
2026-01-09,12000.0
2026-01-09,25000.0
2026-01-09,15000.0
2026-01-09,23000.0
2026-01-09,24000.0
2026-01-09,12000.0
2026-01-09,22000.0
2026-01-09,30000.0
2026-01-09,6000.0
2026-01-09,23000.0
2026-01-09,44000.0
2026-01-09,66000.0
2026-01-09,6000.0
2026-01-09,10000.0
2026-01-09,100000.0
2026-01-09,38000.0
2026-01-09,15000.0
2026-01-09,8000.0
2026-01-09,10000.0
2026-01-09,24000.0
2026-01-09,6000.0
2026-01-09,6000.0
2026-01-09,38000.0
2026-01-09,48000.0
2026-01-09,25000.0
2026-01-09,45000.0
2026-01-09,23000.0
2026-01-09,60000.0
2026-01-09,5000.0
2026-01-09,44000.0
2026-01-09,10000.0
2026-01-09,48000.0
2026-01-09,10000.0
2026-01-09,72000.0
2026-01-09,25000.0
2026-01-09,5000.0
2026-01-09,30000.0
2026-01-09,27000.0
2026-01-09,6000.0
2026-01-09,23750.0
2026-01-09,48000.0
2026-01-09,44000.0
2026-01-09,48000.0
2026-01-09,62700.0
2026-01-09,6000.0
2026-01-09,10000.0
2026-01-09,28500.0
2026-01-09,23000.0
2026-01-09,12000.0
2026-01-09,30000.0
2026-01-09,8000.0
2026-01-09,23750.0
2026-01-09,36000.0
2026-01-09,10000.0
2026-01-09,6000.0
2026-01-09,66000.0
2026-01-09,20000.0
2026-01-09,30000.0
2026-01-09,20900.0
2026-01-09,24000.0
2026-01-09,5000.0
2026-01-09,6000.0
2026-01-09,45000.0
2026-01-09,8000.0
2026-01-09,22000.0
2026-01-09,36000.0
2026-01-09,10000.0
2026-01-09,54000.0
2026-01-09,23000.0
2026-01-09,6000.0
2026-01-09,16000.0
2026-01-09,48000.0
2026-01-09,4750.0
2026-01-09,20000.0
2026-01-09,25000.0
2026-01-09,20900.0
2026-01-09,8000.0
2026-01-09,28500.0
2026-01-09,25000.0
2026-01-09,30000.0
2026-01-09,20000.0
2026-01-09,25000.0
2026-01-09,8000.0
2026-01-09,54000.0
2026-01-09,30000.0
2026-01-09,24000.0
2026-01-09,100000.0
2026-01-09,88000.0
2026-01-09,24000.0
2026-01-09,20000.0
2026-01-09,6000.0
2026-01-09,12000.0
2026-01-09,9500.0
2026-01-09,12000.0
2026-01-09,41800.0
2026-01-09,30000.0
2026-01-09,8000.0
2026-01-09,12000.0
2026-01-09,6000.0
2026-01-09,8000.0
2026-01-09,24000.0
2026-01-09,30000.0
2026-01-09,6000.0
2026-01-09,80000.0
2026-01-09,25000.0
2026-01-09,16000.0
2026-01-09,40000.0
2026-01-09,6000.0
2026-01-09,22000.0
2026-01-09,12000.0
2026-01-09,27000.0
2026-01-09,17100.0
2026-01-09,27000.0
2026-01-09,15000.0
2026-01-09,22000.0
2026-01-09,22000.0
2026-01-09,4750.0
2026-01-09,8000.0
2026-01-09,24000.0
2026-01-09,23750.0
2026-01-09,108000.0
2026-01-09,44000.0
2026-01-09,44000.0
2026-01-09,25000.0
2026-01-09,10000.0
2026-01-09,108000.0
2026-01-09,15000.0
2026-01-09,30400.0
2026-01-09,30000.0
2026-01-09,22000.0
2026-01-09,18000.0
2026-01-09,6000.0
2026-01-09,25000.0
2026-01-09,10000.0
2026-01-09,8000.0
2026-01-09,44000.0
2026-01-09,44000.0
2026-01-09,6000.0
2026-01-09,5000.0
2026-01-09,12000.0
2026-01-09,72000.0
2026-01-09,54000.0
2026-01-09,6000.0
2026-01-09,6000.0
2026-01-09,54000.0
2026-01-09,24000.0
2026-01-10,5000.0
2026-01-10,48000.0
2026-01-10,12000.0
2026-01-10,6000.0
2026-01-10,15000.0
2026-01-10,12000.0
2026-01-10,18000.0
2026-01-10,5000.0
2026-01-10,12000.0
2026-01-10,41800.0
2026-01-10,22000.0
2026-01-10,16000.0
2026-01-10,5000.0
2026-01-10,15000.0
2026-01-10,69000.0
2026-01-10,16000.0
2026-01-10,12000.0
2026-01-10,20000.0
2026-01-10,5000.0
2026-01-10,24000.0
2026-01-10,81000.0
2026-01-10,24000.0
2026-01-10,15000.0
2026-01-10,12000.0
2026-01-10,27000.0
2026-01-10,23000.0
2026-01-10,27000.0
2026-01-10,23000.0
2026-01-10,24000.0
2026-01-10,24000.0
2026-01-10,44000.0
2026-01-10,24000.0
2026-01-10,50000.0
2026-01-10,23000.0
2026-01-10,25000.0
2026-01-10,60000.0
2026-01-10,15000.0
2026-01-10,22800.0
2026-01-10,5000.0
2026-01-10,23000.0
2026-01-10,6000.0
2026-01-10,36000.0
2026-01-10,12000.0
2026-01-10,23000.0
2026-01-10,22000.0
2026-01-10,30000.0
2026-01-10,24000.0
2026-01-10,22000.0
2026-01-10,23000.0
2026-01-10,22000.0
2026-01-10,23000.0
2026-01-10,81000.0
2026-01-10,6000.0
2026-01-10,16000.0
2026-01-10,10000.0
2026-01-10,11400.0
2026-01-10,6000.0
2026-01-10,24000.0
2026-01-10,25000.0
2026-01-10,6000.0
2026-01-10,15000.0
2026-01-10,10000.0
2026-01-10,30000.0
2026-01-10,15000.0
2026-01-10,25000.0
2026-01-10,10000.0
2026-01-10,10000.0
2026-01-10,22000.0
2026-01-10,24000.0
2026-01-10,22000.0
2026-01-10,4750.0
2026-01-10,75000.0
2026-01-10,10000.0
2026-01-10,24000.0
2026-01-10,12000.0
2026-01-10,24000.0
2026-01-10,25000.0
2026-01-10,22000.0
2026-01-10,27000.0
2026-01-10,66000.0
2026-01-10,30000.0
2026-01-10,22000.0
2026-01-10,76000.0
2026-01-10,50000.0
2026-01-10,20000.0
2026-01-10,12000.0
2026-01-10,12000.0
2026-01-10,6000.0
2026-01-10,15000.0
2026-01-10,48000.0
2026-01-10,80000.0
2026-01-10,6000.0
2026-01-10,8000.0
2026-01-10,8000.0
2026-01-10,12000.0
2026-01-10,25000.0
2026-01-10,20000.0
2026-01-10,96000.0
2026-01-10,5700.0
2026-01-10,6000.0
2026-01-10,22000.0
2026-01-10,22000.0
2026-01-10,11400.0
2026-01-10,6000.0
2026-01-10,75000.0
2026-01-10,12000.0
2026-01-10,10000.0
2026-01-10,40000.0
2026-01-10,5000.0
2026-01-10,48000.0
2026-01-10,6000.0
2026-01-10,6000.0
2026-01-10,30000.0
2026-01-10,15000.0
2026-01-10,4750.0
2026-01-10,50000.0
2026-01-10,22000.0
2026-01-10,10000.0
2026-01-10,23000.0
2026-01-10,10000.0
2026-01-10,6000.0
2026-01-10,30000.0
2026-01-10,10000.0
2026-01-10,16000.0
2026-01-10,44000.0
2026-01-10,6000.0
2026-01-10,8000.0
2026-01-10,72000.0
2026-01-10,12000.0
2026-01-10,23000.0
2026-01-10,44000.0
2026-01-10,8000.0
2026-01-10,27000.0
2026-01-10,5700.0
2026-01-10,5700.0
2026-01-10,25000.0
2026-01-10,5000.0
2026-01-10,8000.0
2026-01-10,5000.0
2026-01-10,50000.0
2026-01-10,6000.0
2026-01-10,22000.0
2026-01-10,48000.0
2026-01-10,40000.0
2026-01-10,24000.0
2026-01-10,15000.0
2026-01-10,27000.0
2026-01-10,5000.0
2026-01-10,44000.0
2026-01-10,22000.0
2026-01-10,24000.0
2026-01-10,15000.0
2026-01-10,24000.0
2026-01-10,22000.0
2026-01-10,12000.0
2026-01-10,24000.0
2026-01-10,23750.0
2026-01-10,48000.0
2026-01-10,10000.0
2026-01-10,8000.0
2026-01-10,20000.0
2026-01-10,80000.0
2026-01-10,36000.0
2026-01-10,30000.0
2026-01-10,24000.0
2026-01-10,47500.0
2026-01-10,10000.0
2026-01-10,6000.0
2026-01-10,6000.0
2026-01-10,5000.0
2026-01-10,22000.0
2026-01-10,100000.0
2026-01-10,22800.0
2026-01-10,75000.0
2026-01-10,5700.0
2026-01-10,16000.0
2026-01-10,23000.0
2026-01-10,6000.0
2026-01-10,44000.0
2026-01-10,48000.0
2026-01-10,36000.0
2026-01-10,44000.0
2026-01-10,5000.0
2026-01-10,6000.0
2026-01-10,44000.0
2026-01-10,36000.0
2026-01-10,23750.0
2026-01-10,10000.0
2026-01-10,12000.0
2026-01-10,8000.0
2026-01-10,5000.0
2026-01-10,12000.0
2026-01-10,40000.0
2026-01-10,54000.0
2026-01-10,27000.0
2026-01-10,20000.0
2026-01-10,6000.0
2026-01-10,8000.0
2026-01-10,12000.0
2026-01-10,10000.0
2026-01-10,5000.0
2026-01-10,6000.0
2026-01-10,45000.0
2026-01-10,20000.0
2026-01-10,23000.0
2026-01-10,12000.0
2026-01-10,30000.0
2026-01-10,22000.0
2026-01-10,24000.0
2026-01-10,12000.0
2026-01-10,10000.0
2026-01-10,6000.0
2026-01-10,45000.0
2026-01-10,44000.0
2026-01-10,108000.0
2026-01-10,8000.0
2026-01-10,24000.0
2026-01-10,12000.0
2026-01-10,54000.0
2026-01-10,16000.0
2026-01-10,27000.0
2026-01-10,6000.0
2026-01-10,20000.0
2026-01-10,5000.0
2026-01-10,30000.0
2026-01-10,6000.0
2026-01-10,10000.0
2026-01-10,20000.0
2026-01-10,25000.0
2026-01-10,44000.0
2026-01-10,30000.0
2026-01-10,12000.0
2026-01-10,20000.0
2026-01-10,10000.0
2026-01-10,15000.0
2026-01-10,60000.0
2026-01-10,18000.0
2026-01-10,25000.0
2026-01-10,46000.0
2026-01-10,18000.0
2026-01-10,10000.0
2026-01-10,40000.0
2026-01-10,24000.0
2026-01-10,16000.0
2026-01-10,20000.0
2026-01-10,12000.0
2026-01-10,12000.0
2026-01-10,6000.0
2026-01-10,25000.0
2026-01-10,30000.0
2026-01-10,15000.0
2026-01-10,8000.0
2026-01-10,20000.0
2026-01-11,22000.0
2026-01-11,6000.0
2026-01-11,20900.0
2026-01-11,6000.0
2026-01-11,6000.0
2026-01-11,12000.0
2026-01-11,25000.0
2026-01-11,15000.0
2026-01-11,27000.0
2026-01-11,22000.0
2026-01-11,25000.0
2026-01-11,24000.0
2026-01-11,43700.0
2026-01-11,75000.0
2026-01-11,36000.0
2026-01-11,44000.0
2026-01-11,22000.0
2026-01-11,30000.0
2026-01-11,15000.0
2026-01-11,32000.0
2026-01-11,15000.0
2026-01-11,30000.0
2026-01-11,6000.0
2026-01-11,20000.0
2026-01-11,22000.0
2026-01-11,24000.0
2026-01-11,22000.0
2026-01-11,24000.0
2026-01-11,46000.0
2026-01-11,24000.0
2026-01-11,48000.0
2026-01-11,8000.0
2026-01-11,23000.0
2026-01-11,5700.0
2026-01-11,8000.0
2026-01-11,44000.0
2026-01-11,14250.0
2026-01-11,12000.0
2026-01-11,25000.0
2026-01-11,22000.0
2026-01-11,20900.0
2026-01-11,65550.0
2026-01-11,5000.0
2026-01-11,12000.0
2026-01-11,8000.0
2026-01-11,5000.0
2026-01-11,12000.0
2026-01-11,12000.0
2026-01-11,54000.0
2026-01-11,20000.0
2026-01-11,22000.0
2026-01-11,22000.0
2026-01-11,25650.0
2026-01-11,40000.0
2026-01-11,30000.0
2026-01-11,46000.0
2026-01-11,10000.0
2026-01-11,41800.0
2026-01-11,8000.0
2026-01-11,22000.0
2026-01-11,5000.0
2026-01-11,30000.0
2026-01-11,12000.0
2026-01-11,15000.0
2026-01-11,46000.0
2026-01-11,50000.0
2026-01-11,75000.0
2026-01-11,50000.0
2026-01-11,6000.0
2026-01-11,54000.0
2026-01-11,27000.0
2026-01-11,22000.0
2026-01-11,5000.0
2026-01-11,24000.0
2026-01-11,5000.0
2026-01-11,10000.0
2026-01-11,75000.0
2026-01-11,6000.0
2026-01-11,54000.0
2026-01-11,15000.0
2026-01-11,10000.0
2026-01-11,24000.0
2026-01-11,25000.0
2026-01-11,30000.0
2026-01-11,16000.0
2026-01-11,23000.0
2026-01-11,36000.0
2026-01-11,15000.0
2026-01-11,25000.0
2026-01-11,96000.0
2026-01-11,25000.0
2026-01-11,6000.0
2026-01-11,24000.0
2026-01-11,6000.0
2026-01-11,27000.0
2026-01-11,10000.0
2026-01-11,96000.0
2026-01-11,22000.0
2026-01-11,75000.0
2026-01-11,24000.0
2026-01-11,30000.0
2026-01-11,6000.0
2026-01-11,15000.0
2026-01-11,6000.0
2026-01-11,5000.0
2026-01-11,50000.0
2026-01-11,15000.0
2026-01-11,54000.0
2026-01-11,15000.0
2026-01-11,15000.0
2026-01-11,24000.0
2026-01-11,15000.0
2026-01-11,22000.0
2026-01-11,40000.0
2026-01-11,12000.0
2026-01-11,22800.0
2026-01-11,12000.0
2026-01-11,10000.0
2026-01-11,25000.0
2026-01-11,10000.0
2026-01-11,60000.0
2026-01-11,22000.0
2026-01-11,23000.0
2026-01-11,24000.0
2026-01-11,27000.0
2026-01-11,15000.0
2026-01-11,92000.0
2026-01-11,27000.0
2026-01-11,8000.0
2026-01-11,25000.0
2026-01-11,44000.0
2026-01-11,23000.0
2026-01-11,24000.0
2026-01-11,5000.0
2026-01-11,16000.0
2026-01-11,88000.0
2026-01-11,16000.0
2026-01-11,22000.0
2026-01-11,12000.0
2026-01-11,22800.0
2026-01-11,12000.0
2026-01-11,8000.0
2026-01-11,6000.0
2026-01-11,5000.0
2026-01-11,6000.0
2026-01-11,6000.0
2026-01-11,46000.0
2026-01-11,10000.0
2026-01-11,48000.0
2026-01-11,15000.0
2026-01-11,24000.0
2026-01-11,8000.0
2026-01-11,25000.0
2026-01-11,66000.0
2026-01-11,24000.0
2026-01-11,60000.0
2026-01-11,5000.0
2026-01-11,22000.0
2026-01-11,22000.0
2026-01-11,14250.0
2026-01-11,30000.0
2026-01-11,10000.0
2026-01-11,10000.0
2026-01-11,23000.0
2026-01-11,25000.0
2026-01-11,7600.0
2026-01-11,25000.0
2026-01-11,30000.0
2026-01-11,27000.0
2026-01-11,23000.0
2026-01-11,6000.0
2026-01-11,54000.0
2026-01-11,50000.0
2026-01-11,15000.0
2026-01-11,43700.0
2026-01-11,10000.0
2026-01-11,11400.0
2026-01-11,24000.0
2026-01-11,19000.0
2026-01-11,12000.0
2026-01-11,54000.0
2026-01-11,23000.0
2026-01-11,16000.0
2026-01-11,12000.0
2026-01-11,24000.0
2026-01-11,6000.0
2026-01-11,11400.0
2026-01-11,10000.0
2026-01-11,24000.0
2026-01-11,8000.0
2026-01-11,25000.0
2026-01-11,12000.0
2026-01-11,12000.0
2026-01-11,50000.0
2026-01-11,10000.0
2026-01-11,16000.0
2026-01-11,44000.0
2026-01-11,24000.0
2026-01-11,10000.0
2026-01-11,30000.0
2026-01-11,16000.0
2026-01-11,44000.0
2026-01-11,20000.0
2026-01-11,22800.0
2026-01-11,20000.0
2026-01-11,25000.0
2026-01-11,45600.0
2026-01-11,10000.0
2026-01-11,6000.0
2026-01-11,23000.0
2026-01-11,6000.0
2026-01-11,15000.0
2026-01-12,23000.0
2026-01-12,6000.0
2026-01-12,15000.0
2026-01-12,46000.0
2026-01-12,24000.0
2026-01-12,8000.0
2026-01-12,12000.0
2026-01-12,27000.0
2026-01-12,16000.0
2026-01-12,48000.0
2026-01-12,30000.0
2026-01-12,44000.0
2026-01-12,71250.0
2026-01-12,22000.0
2026-01-12,46000.0
2026-01-12,6000.0
2026-01-12,10000.0
2026-01-12,12000.0
2026-01-12,12000.0
2026-01-12,15000.0
2026-01-12,14250.0
2026-01-12,21850.0
2026-01-12,22000.0
2026-01-12,22000.0
2026-01-12,16000.0
2026-01-12,23000.0
2026-01-12,12000.0
2026-01-12,60000.0
2026-01-12,24000.0
2026-01-12,23000.0
2026-01-12,22000.0
2026-01-12,30000.0
2026-01-12,6000.0
2026-01-12,12000.0
2026-01-12,10000.0
2026-01-12,50000.0
2026-01-12,22800.0
2026-01-12,12000.0
2026-01-12,22000.0
2026-01-12,22000.0
2026-01-12,23000.0
2026-01-12,75000.0
2026-01-12,22000.0
2026-01-12,10000.0
2026-01-12,6000.0
2026-01-12,12000.0
2026-01-12,48000.0
2026-01-12,6000.0
2026-01-12,24000.0
2026-01-12,23000.0
2026-01-12,5000.0
2026-01-12,24000.0
2026-01-12,12000.0
2026-01-12,22000.0
2026-01-12,30000.0
2026-01-12,24000.0
2026-01-12,12000.0
2026-01-12,25000.0
2026-01-12,8000.0
2026-01-12,25000.0
2026-01-12,24000.0
2026-01-12,80000.0
2026-01-12,44000.0
2026-01-12,15000.0
2026-01-12,23000.0
2026-01-12,6000.0
2026-01-12,8000.0
2026-01-12,20000.0
2026-01-12,16000.0
2026-01-12,40000.0
2026-01-12,54000.0
2026-01-12,6000.0
2026-01-12,15000.0
2026-01-12,21850.0
2026-01-12,5000.0
2026-01-12,10000.0
2026-01-12,23000.0
2026-01-12,15000.0
2026-01-12,25000.0
2026-01-12,32000.0
2026-01-12,6000.0
2026-01-12,16000.0
2026-01-12,25000.0
2026-01-12,66000.0
2026-01-12,20000.0
2026-01-12,22000.0
2026-01-12,8000.0
2026-01-12,12000.0
2026-01-12,44000.0
2026-01-12,62700.0
2026-01-12,50000.0
2026-01-12,28500.0
2026-01-12,20900.0
2026-01-12,6000.0
2026-01-12,15000.0
2026-01-12,22000.0
2026-01-12,12000.0
2026-01-12,23000.0
2026-01-12,30000.0
2026-01-12,22000.0
2026-01-12,6000.0
2026-01-12,54000.0
2026-01-12,6000.0
2026-01-12,15000.0
2026-01-12,6000.0
2026-01-12,15000.0
2026-01-12,22000.0
2026-01-12,48000.0
2026-01-12,12000.0
2026-01-12,54000.0
2026-01-12,27000.0
2026-01-12,12000.0
2026-01-12,24000.0
2026-01-12,10000.0
2026-01-12,12000.0
2026-01-12,16000.0
2026-01-12,80000.0
2026-01-12,20000.0
2026-01-12,16000.0
2026-01-12,24000.0
2026-01-12,12000.0
2026-01-12,30000.0
2026-01-12,16000.0
2026-01-12,40000.0
2026-01-12,24000.0
2026-01-12,72000.0
2026-01-12,44000.0
2026-01-12,12000.0
2026-01-12,15000.0
2026-01-12,44000.0
2026-01-12,5000.0
2026-01-12,108000.0
2026-01-12,28500.0
2026-01-12,6000.0
2026-01-12,25650.0
2026-01-12,96000.0
2026-01-12,15000.0
2026-01-12,8000.0
2026-01-12,5700.0
2026-01-12,7600.0
2026-01-12,60000.0
2026-01-12,24000.0
2026-01-12,46000.0
2026-01-12,8000.0
2026-01-12,44000.0
2026-01-12,20900.0
2026-01-12,24000.0
2026-01-12,24000.0
2026-01-12,50000.0
2026-01-12,12000.0
2026-01-12,23000.0
2026-01-12,7600.0
2026-01-12,54000.0
2026-01-12,24000.0
2026-01-12,25000.0
2026-01-12,40000.0
2026-01-12,46000.0
2026-01-12,18000.0
2026-01-12,12000.0
2026-01-12,10000.0
2026-01-12,12000.0
2026-01-12,16000.0
2026-01-12,24000.0
2026-01-12,24000.0
2026-01-12,22000.0
2026-01-12,8000.0
2026-01-12,12000.0
2026-01-12,22000.0
2026-01-12,100000.0
2026-01-12,69000.0
2026-01-12,60000.0
2026-01-12,8000.0
2026-01-12,30000.0
2026-01-12,81000.0
2026-01-12,12000.0
2026-01-12,24000.0
2026-01-12,15000.0
2026-01-12,25000.0
2026-01-12,15000.0
2026-01-12,12000.0
2026-01-12,69000.0
2026-01-12,22000.0
2026-01-12,27000.0
2026-01-12,12000.0
2026-01-12,20000.0
2026-01-12,23000.0
2026-01-12,23000.0
2026-01-12,15000.0
2026-01-12,25000.0
2026-01-12,38000.0
2026-01-12,15000.0
2026-01-12,6000.0
2026-01-12,20000.0
2026-01-12,22000.0
2026-01-12,23750.0
2026-01-12,15000.0
2026-01-12,24000.0
2026-01-12,23000.0
2026-01-12,22800.0
2026-01-12,24000.0
2026-01-12,27000.0
2026-01-12,15000.0
2026-01-12,91200.0
2026-01-12,27000.0
2026-01-12,6000.0
2026-01-12,16000.0
2026-01-12,30000.0
2026-01-12,22000.0
2026-01-12,6000.0
2026-01-12,27000.0
2026-01-13,24000.0
2026-01-13,22000.0
2026-01-13,12000.0
2026-01-13,40000.0
2026-01-13,24000.0
2026-01-13,22800.0
2026-01-13,10000.0
2026-01-13,27000.0
2026-01-13,88000.0
2026-01-13,12000.0
2026-01-13,32000.0
2026-01-13,24000.0
2026-01-13,8000.0
2026-01-13,22000.0
2026-01-13,11400.0
2026-01-13,34200.0
2026-01-13,24000.0
2026-01-13,12000.0
2026-01-13,27000.0
2026-01-13,23750.0
2026-01-13,10000.0
2026-01-13,48000.0
2026-01-13,22000.0
2026-01-13,10000.0
2026-01-13,24000.0
2026-01-13,25000.0
2026-01-13,20000.0
2026-01-13,6000.0
2026-01-13,30000.0
2026-01-13,23000.0
2026-01-13,25000.0
2026-01-13,10000.0
2026-01-13,12000.0
2026-01-13,14250.0
2026-01-13,5000.0
2026-01-13,20000.0
2026-01-13,25000.0
2026-01-13,24000.0
2026-01-13,41800.0
2026-01-13,40000.0
2026-01-13,5700.0
2026-01-13,12000.0
2026-01-13,24000.0
2026-01-13,15000.0
2026-01-13,22000.0
2026-01-13,8000.0
2026-01-13,15000.0
2026-01-13,5000.0
2026-01-13,45000.0
2026-01-13,10000.0
2026-01-13,23000.0
2026-01-13,22000.0
2026-01-13,48000.0
2026-01-13,6000.0
2026-01-13,23000.0
2026-01-13,22000.0
2026-01-13,15000.0
2026-01-13,12000.0
2026-01-13,6000.0
2026-01-13,10000.0
2026-01-13,6000.0
2026-01-13,24000.0
2026-01-13,22000.0
2026-01-13,12000.0
2026-01-13,5000.0
2026-01-13,6000.0
2026-01-13,46000.0
2026-01-13,48000.0
2026-01-13,81000.0
2026-01-13,12000.0
2026-01-13,8000.0
2026-01-13,22000.0
2026-01-13,5000.0
2026-01-13,25000.0
2026-01-13,54000.0
2026-01-13,44000.0
2026-01-13,44000.0
2026-01-13,25000.0
2026-01-13,23000.0
2026-01-13,16000.0
2026-01-13,24000.0
2026-01-13,22000.0
2026-01-13,81000.0
2026-01-13,23000.0
2026-01-13,44000.0
2026-01-13,10000.0
2026-01-13,5000.0
2026-01-13,20000.0
2026-01-13,30000.0
2026-01-13,6000.0
2026-01-13,8000.0
2026-01-13,27000.0
2026-01-13,5000.0
2026-01-13,18000.0
2026-01-13,22000.0
2026-01-13,20000.0
2026-01-13,5000.0
2026-01-13,27000.0
2026-01-13,23000.0
2026-01-13,16000.0
2026-01-13,66000.0
2026-01-13,40000.0
2026-01-13,108000.0
2026-01-13,12000.0
2026-01-13,23000.0
2026-01-13,20000.0
2026-01-13,24000.0
2026-01-13,5000.0
2026-01-13,48000.0
2026-01-13,69000.0
2026-01-13,12000.0
2026-01-13,50000.0
2026-01-13,16000.0
2026-01-13,21850.0
2026-01-13,96000.0
2026-01-13,50000.0
2026-01-13,5000.0
2026-01-13,30000.0
2026-01-13,27000.0
2026-01-13,96000.0
2026-01-13,14250.0
2026-01-13,8000.0
2026-01-13,12000.0
2026-01-13,46000.0
2026-01-13,48000.0
2026-01-13,15200.0
2026-01-13,20000.0
2026-01-13,8000.0
2026-01-13,24000.0
2026-01-13,54000.0
2026-01-13,24000.0
2026-01-13,92000.0
2026-01-13,25000.0
2026-01-13,16000.0
2026-01-13,24000.0
2026-01-13,16000.0
2026-01-13,12000.0
2026-01-13,45000.0
2026-01-13,10000.0
2026-01-13,66000.0
2026-01-13,46000.0
2026-01-13,23000.0
2026-01-13,8000.0
2026-01-13,10000.0
2026-01-13,27000.0
2026-01-13,22000.0
2026-01-13,12000.0
2026-01-13,46000.0
2026-01-13,12000.0
2026-01-13,81000.0
2026-01-13,12000.0
2026-01-13,15000.0
2026-01-13,12000.0
2026-01-13,9500.0
2026-01-13,6000.0
2026-01-13,23000.0
2026-01-13,22800.0
2026-01-13,22000.0
2026-01-13,27000.0
2026-01-13,23000.0
2026-01-13,22000.0
2026-01-13,24000.0
2026-01-13,15000.0
2026-01-13,6000.0
2026-01-13,75000.0
2026-01-13,20000.0
2026-01-13,32000.0
2026-01-13,8000.0
2026-01-13,44000.0
2026-01-13,6000.0
2026-01-13,60000.0
2026-01-13,15000.0
2026-01-13,50000.0
2026-01-13,12000.0
2026-01-13,20000.0
2026-01-13,18000.0
2026-01-13,48000.0
2026-01-13,12000.0
2026-01-13,18000.0
2026-01-13,15000.0
2026-01-13,12000.0
2026-01-13,11400.0
2026-01-13,45000.0
2026-01-13,22000.0
2026-01-13,6000.0
2026-01-13,16000.0
2026-01-13,96000.0
2026-01-13,20000.0
2026-01-13,18000.0
2026-01-13,40000.0
2026-01-13,6000.0
2026-01-13,15000.0
2026-01-13,25000.0
2026-01-13,10000.0
2026-01-13,6000.0
2026-01-14,11400.0
2026-01-14,15000.0
2026-01-14,12000.0
2026-01-14,36000.0
2026-01-14,15000.0
2026-01-14,12000.0
2026-01-14,50000.0
2026-01-14,25000.0
2026-01-14,81000.0
2026-01-14,15000.0
2026-01-14,25000.0
2026-01-14,48000.0
2026-01-14,19000.0
2026-01-14,9500.0
2026-01-14,22000.0
2026-01-14,15000.0
2026-01-14,27000.0
2026-01-14,23750.0
2026-01-14,5000.0
2026-01-14,8000.0
2026-01-14,25000.0
2026-01-14,22000.0
2026-01-14,45000.0
2026-01-14,25000.0
2026-01-14,40000.0
2026-01-14,15000.0
2026-01-14,30000.0
2026-01-14,15000.0
2026-01-14,24000.0
2026-01-14,12000.0
2026-01-14,20000.0
2026-01-14,22000.0
2026-01-14,8000.0
2026-01-14,30000.0
2026-01-14,22000.0
2026-01-14,24000.0
2026-01-14,60000.0
2026-01-14,6000.0
2026-01-14,23000.0
2026-01-14,24000.0
2026-01-14,7600.0
2026-01-14,27000.0
2026-01-14,48000.0
2026-01-14,24000.0
2026-01-14,5000.0
2026-01-14,50000.0
2026-01-14,8000.0
2026-01-14,15000.0
2026-01-14,15000.0
2026-01-14,48000.0
2026-01-14,88000.0
2026-01-14,41800.0
2026-01-14,25000.0
2026-01-14,38000.0
2026-01-14,40000.0
2026-01-14,19000.0
2026-01-14,24000.0
2026-01-14,10000.0
2026-01-14,30000.0
2026-01-14,69000.0
2026-01-14,23000.0
2026-01-14,12000.0
2026-01-14,92000.0
2026-01-14,44000.0
2026-01-14,36000.0
2026-01-14,24000.0
2026-01-14,12000.0
2026-01-14,20000.0
2026-01-14,12000.0
2026-01-14,38000.0
2026-01-14,50000.0
2026-01-14,19000.0
2026-01-14,15000.0
2026-01-14,24000.0
2026-01-14,8000.0
2026-01-14,14250.0
2026-01-14,24000.0
2026-01-14,12000.0
2026-01-14,54000.0
2026-01-14,8000.0
2026-01-14,46000.0
2026-01-14,18000.0
2026-01-14,60000.0
2026-01-14,22000.0
2026-01-14,12000.0
2026-01-14,23000.0
2026-01-14,15000.0
2026-01-14,4750.0
2026-01-14,30000.0
2026-01-14,15000.0
2026-01-14,22000.0
2026-01-14,8000.0
2026-01-14,48000.0
2026-01-14,16000.0
2026-01-14,45000.0
2026-01-14,12000.0
2026-01-14,27000.0
2026-01-14,48000.0
2026-01-14,8000.0
2026-01-14,8000.0
2026-01-14,23000.0
2026-01-14,24000.0
2026-01-14,25000.0
2026-01-14,46000.0
2026-01-14,5000.0
2026-01-14,10000.0
2026-01-14,51300.0
2026-01-14,6000.0
2026-01-14,51300.0
2026-01-14,46000.0
2026-01-14,22800.0
2026-01-14,108000.0
2026-01-14,18000.0
2026-01-14,12000.0
2026-01-14,8000.0
2026-01-14,10000.0
2026-01-14,12000.0
2026-01-14,16000.0
2026-01-14,12000.0
2026-01-14,43700.0
2026-01-14,27000.0
2026-01-14,36000.0
2026-01-14,24000.0
2026-01-14,23000.0
2026-01-14,6000.0
2026-01-14,32000.0
2026-01-14,48000.0
2026-01-14,20000.0
2026-01-14,8000.0
2026-01-14,12000.0
2026-01-14,25000.0
2026-01-14,25000.0
2026-01-14,40000.0
2026-01-14,8000.0
2026-01-14,23000.0
2026-01-14,76950.0
2026-01-14,5000.0
2026-01-14,15000.0
2026-01-14,24000.0
2026-01-14,32000.0
2026-01-14,22000.0
2026-01-14,44000.0
2026-01-14,23000.0
2026-01-14,48000.0
2026-01-14,12000.0
2026-01-14,15000.0
2026-01-14,60000.0
2026-01-14,9500.0
2026-01-14,12000.0
2026-01-14,23000.0
2026-01-14,16000.0
2026-01-14,45000.0
2026-01-14,18000.0
2026-01-14,41800.0
2026-01-14,24000.0
2026-01-14,24000.0
2026-01-14,5000.0
2026-01-14,15000.0
2026-01-14,8000.0
2026-01-14,20000.0
2026-01-14,10000.0
2026-01-14,22000.0
2026-01-14,6000.0
2026-01-14,10000.0
2026-01-14,44000.0
2026-01-14,81000.0
2026-01-14,30000.0
2026-01-14,23000.0
2026-01-14,24000.0
2026-01-14,8000.0
2026-01-14,6000.0
2026-01-14,25000.0
2026-01-14,48000.0
2026-01-14,22000.0
2026-01-14,8000.0
2026-01-14,6000.0
2026-01-14,5000.0
2026-01-14,20000.0
2026-01-14,80000.0
2026-01-14,12000.0
2026-01-14,24000.0
2026-01-14,12000.0
2026-01-14,45000.0
2026-01-14,12000.0
2026-01-14,24000.0
2026-01-14,25000.0
2026-01-14,30000.0
2026-01-14,22000.0
2026-01-14,24000.0
2026-01-14,25000.0
2026-01-14,24000.0
2026-01-14,14250.0
2026-01-14,12000.0
2026-01-14,50000.0
2026-01-14,6000.0
2026-01-14,15000.0
2026-01-14,16000.0
2026-01-14,22000.0
2026-01-14,12000.0
2026-01-14,44000.0
2026-01-14,46000.0
2026-01-14,15000.0
2026-01-14,10000.0
2026-01-14,10000.0
2026-01-14,20000.0
2026-01-14,72000.0
2026-01-14,20000.0
2026-01-14,72000.0
2026-01-14,4750.0
2026-01-14,27000.0
2026-01-14,11400.0
2026-01-14,6000.0
2026-01-14,5000.0
2026-01-14,22000.0
2026-01-14,15000.0
2026-01-14,5000.0
2026-01-14,22000.0
2026-01-14,12000.0
2026-01-14,12000.0
2026-01-14,57000.0
2026-01-14,12000.0
2026-01-14,15000.0
2026-01-14,20000.0
2026-01-14,8000.0
2026-01-14,16000.0
2026-01-14,25000.0
2026-01-14,16000.0
2026-01-14,25000.0
2026-01-14,12000.0
2026-01-14,25000.0
2026-01-14,46000.0
2026-01-14,6000.0
2026-01-14,24000.0
2026-01-14,75000.0
2026-01-14,20000.0
2026-01-15,14250.0
2026-01-15,40000.0
2026-01-15,6000.0
2026-01-15,46000.0
2026-01-15,24000.0
2026-01-15,25650.0
2026-01-15,46000.0
2026-01-15,15200.0
2026-01-15,6000.0
2026-01-15,8000.0
2026-01-15,24000.0
2026-01-15,22000.0
2026-01-15,24000.0
2026-01-15,20000.0
2026-01-15,22000.0
2026-01-15,15000.0
2026-01-15,23000.0
2026-01-15,7600.0
2026-01-15,18000.0
2026-01-15,16000.0
2026-01-15,4750.0
2026-01-15,6000.0
2026-01-15,25000.0
2026-01-15,24000.0
2026-01-15,12000.0
2026-01-15,15000.0
2026-01-15,24000.0
2026-01-15,6000.0
2026-01-15,8000.0
2026-01-15,66000.0
2026-01-15,66000.0
2026-01-15,25650.0
2026-01-15,12000.0
2026-01-15,44000.0
2026-01-15,12000.0
2026-01-15,24000.0
2026-01-15,15000.0
2026-01-15,5000.0
2026-01-15,10000.0
2026-01-15,48000.0
2026-01-15,25000.0
2026-01-15,25000.0
2026-01-15,24000.0
2026-01-15,10000.0
2026-01-15,12000.0
2026-01-15,5000.0
2026-01-15,24000.0
2026-01-15,81000.0
2026-01-15,27000.0
2026-01-15,12000.0
2026-01-15,12000.0
2026-01-15,24000.0
2026-01-15,66000.0
2026-01-15,45600.0
2026-01-15,6000.0
2026-01-15,25000.0
2026-01-15,15000.0
2026-01-15,23000.0
2026-01-15,40000.0
2026-01-15,12000.0
2026-01-15,27000.0
2026-01-15,23000.0
2026-01-15,23000.0
2026-01-15,21850.0
2026-01-15,24000.0
2026-01-15,23750.0
2026-01-15,12000.0
2026-01-15,15000.0
2026-01-15,25650.0
2026-01-15,12000.0
2026-01-15,22000.0
2026-01-15,5000.0
2026-01-15,12000.0
2026-01-15,28500.0
2026-01-15,24000.0
2026-01-15,22000.0
2026-01-15,54000.0
2026-01-15,6000.0
2026-01-15,20000.0
2026-01-15,8000.0
2026-01-15,24000.0
2026-01-15,81000.0
2026-01-15,24000.0
2026-01-15,6000.0
2026-01-15,12000.0
2026-01-15,22000.0
2026-01-15,22000.0
2026-01-15,12000.0
2026-01-15,14250.0
2026-01-15,48000.0
2026-01-15,6000.0
2026-01-15,15000.0
2026-01-15,75000.0
2026-01-15,12000.0
2026-01-15,16000.0
2026-01-15,6000.0
2026-01-15,24000.0
2026-01-15,27000.0
2026-01-15,40000.0
2026-01-15,6000.0
2026-01-15,20000.0
2026-01-15,14250.0
2026-01-15,8000.0
2026-01-15,23000.0
2026-01-15,6000.0
2026-01-15,25000.0
2026-01-15,25000.0
2026-01-15,30000.0
2026-01-15,44000.0
2026-01-15,6000.0
2026-01-15,6000.0
2026-01-15,23000.0
2026-01-15,50000.0
2026-01-15,12000.0
2026-01-15,22000.0
2026-01-15,40000.0
2026-01-15,27000.0
2026-01-15,40000.0
2026-01-15,24000.0
2026-01-15,8000.0
2026-01-15,20000.0
2026-01-15,12000.0
2026-01-15,24000.0
2026-01-15,24000.0
2026-01-15,43700.0
2026-01-15,12000.0
2026-01-15,16000.0
2026-01-15,54000.0
2026-01-15,25000.0
2026-01-15,60000.0
2026-01-15,10000.0
2026-01-15,16000.0
2026-01-15,88000.0
2026-01-15,5000.0
2026-01-15,5000.0
2026-01-15,6000.0
2026-01-15,5000.0
2026-01-15,15000.0
2026-01-15,8000.0
2026-01-15,69000.0
2026-01-15,27000.0
2026-01-15,12000.0
2026-01-15,40000.0
2026-01-15,10000.0
2026-01-15,20000.0
2026-01-15,36000.0
2026-01-15,10000.0
2026-01-15,32000.0
2026-01-15,100000.0
2026-01-15,40000.0
2026-01-15,27000.0
2026-01-15,18000.0
2026-01-15,8000.0
2026-01-15,10000.0
2026-01-15,11400.0
2026-01-15,11400.0
2026-01-15,10000.0
2026-01-15,30000.0
2026-01-15,24000.0
2026-01-15,12000.0
2026-01-15,12000.0
2026-01-15,23750.0
2026-01-15,15000.0
2026-01-15,50000.0
2026-01-15,5700.0
2026-01-15,27000.0
2026-01-15,27000.0
2026-01-15,10000.0
2026-01-15,27000.0
2026-01-15,24000.0
2026-01-15,15000.0
2026-01-15,46000.0
2026-01-15,19000.0
2026-01-15,6000.0
2026-01-15,24000.0
2026-01-15,25000.0
2026-01-15,32000.0
2026-01-15,12000.0
2026-01-15,11400.0
2026-01-15,12000.0
2026-01-15,25000.0
2026-01-15,45000.0
2026-01-15,22800.0
2026-01-15,40000.0
2026-01-15,5000.0
2026-01-15,25000.0
2026-01-15,32000.0
2026-01-15,24000.0
2026-01-15,6000.0
2026-01-15,40000.0
2026-01-15,54000.0
2026-01-15,6000.0
2026-01-15,60000.0
2026-01-15,23000.0
2026-01-15,15000.0
2026-01-15,50000.0
2026-01-15,45000.0
2026-01-15,6000.0
2026-01-15,8000.0
2026-01-15,91200.0
2026-01-15,81000.0
2026-01-15,22000.0
2026-01-15,5000.0
2026-01-15,24000.0
2026-01-15,40000.0
2026-01-15,23000.0
2026-01-15,40000.0
2026-01-15,11400.0
2026-01-15,25000.0
2026-01-15,44000.0
2026-01-15,48000.0
2026-01-15,46000.0
2026-01-15,20000.0
2026-01-15,8000.0
2026-01-15,54000.0
2026-01-15,7600.0
2026-01-15,48000.0
2026-01-15,48000.0
2026-01-15,30000.0
2026-01-15,22000.0
2026-01-15,25000.0
2026-01-15,15000.0
2026-01-15,25000.0
2026-01-15,6000.0
2026-01-15,24000.0
2026-01-15,32000.0
2026-01-16,24000.0
2026-01-16,16000.0
2026-01-16,27000.0
2026-01-16,10000.0
2026-01-16,25000.0
2026-01-16,20000.0
2026-01-16,8000.0
2026-01-16,48000.0
2026-01-16,6000.0
2026-01-16,20000.0
2026-01-16,18000.0
2026-01-16,5000.0
2026-01-16,27000.0
2026-01-16,9500.0
2026-01-16,20000.0
2026-01-16,6000.0
2026-01-16,8000.0
2026-01-16,60000.0
2026-01-16,15200.0
2026-01-16,6000.0
2026-01-16,23000.0
2026-01-16,10000.0
2026-01-16,24000.0
2026-01-16,22000.0
2026-01-16,17100.0
2026-01-16,22800.0
2026-01-16,54000.0
2026-01-16,8000.0
2026-01-16,21850.0
2026-01-16,15000.0
2026-01-16,22000.0
2026-01-16,15000.0
2026-01-16,12000.0
2026-01-16,12000.0
2026-01-16,51300.0
2026-01-16,10000.0
2026-01-16,24000.0
2026-01-16,22000.0
2026-01-16,24000.0
2026-01-16,6000.0
2026-01-16,30000.0
2026-01-16,24000.0
2026-01-16,66000.0
2026-01-16,10000.0
2026-01-16,20000.0
2026-01-16,8000.0
2026-01-16,28500.0
2026-01-16,22000.0
2026-01-16,10000.0
2026-01-16,21850.0
2026-01-16,15000.0
2026-01-16,23000.0
2026-01-16,51300.0
2026-01-16,8000.0
2026-01-16,12000.0
2026-01-16,22000.0
2026-01-16,5000.0
2026-01-16,22000.0
2026-01-16,25000.0
2026-01-16,15000.0
2026-01-16,22000.0
2026-01-16,96000.0
2026-01-16,23000.0
2026-01-16,36000.0
2026-01-16,27000.0
2026-01-16,6000.0
2026-01-16,40000.0
2026-01-16,25000.0
2026-01-16,22000.0
2026-01-16,10000.0
2026-01-16,24000.0
2026-01-16,62700.0
2026-01-16,6000.0
2026-01-16,30000.0
2026-01-16,12000.0
2026-01-16,23750.0
2026-01-16,30000.0
2026-01-16,20000.0
2026-01-16,60000.0
2026-01-16,11400.0
2026-01-16,12000.0
2026-01-16,6000.0
2026-01-16,44000.0
2026-01-16,24000.0
2026-01-16,22000.0
2026-01-16,92000.0
2026-01-16,75000.0
2026-01-16,24000.0
2026-01-16,48000.0
2026-01-16,15000.0
2026-01-16,20000.0
2026-01-16,30000.0
2026-01-16,15000.0
2026-01-16,21850.0
2026-01-16,22000.0
2026-01-16,6000.0
2026-01-16,4750.0
2026-01-16,46000.0
2026-01-16,40000.0
2026-01-16,24000.0
2026-01-16,108000.0
2026-01-16,5000.0
2026-01-16,5000.0
2026-01-16,12000.0
2026-01-16,44000.0
2026-01-16,92000.0
2026-01-16,12000.0
2026-01-16,28500.0
2026-01-16,24000.0
2026-01-16,69000.0
2026-01-16,45600.0
2026-01-16,6000.0
2026-01-16,48000.0
2026-01-16,27000.0
2026-01-16,40000.0
2026-01-16,25650.0
2026-01-16,12000.0
2026-01-16,15000.0
2026-01-16,15000.0
2026-01-16,44000.0
2026-01-16,45600.0
2026-01-16,25000.0
2026-01-16,23000.0
2026-01-16,40000.0
2026-01-16,22000.0
2026-01-16,6000.0
2026-01-16,6000.0
2026-01-16,24000.0
2026-01-16,48000.0
2026-01-16,22000.0
2026-01-16,22000.0
2026-01-16,15000.0
2026-01-16,9500.0
2026-01-16,72000.0
2026-01-16,24000.0
2026-01-16,30000.0
2026-01-16,24000.0
2026-01-16,6000.0
2026-01-16,8000.0
2026-01-16,6000.0
2026-01-16,44000.0
2026-01-16,6000.0
2026-01-16,60000.0
2026-01-16,10000.0
2026-01-16,76950.0
2026-01-16,69000.0
2026-01-16,57000.0
2026-01-16,20000.0
2026-01-16,10000.0
2026-01-16,8000.0
2026-01-16,20000.0
2026-01-16,15000.0
2026-01-16,6000.0
2026-01-16,50000.0
2026-01-16,7600.0
2026-01-16,12000.0
2026-01-16,6000.0
2026-01-16,6000.0
2026-01-16,44000.0
2026-01-16,24000.0
2026-01-16,8000.0
2026-01-16,36000.0
2026-01-16,30000.0
2026-01-16,18000.0
2026-01-16,24000.0
2026-01-16,20000.0
2026-01-16,23750.0
2026-01-16,12000.0
2026-01-16,30000.0
2026-01-16,15000.0
2026-01-16,15000.0
2026-01-16,6000.0
2026-01-16,15000.0
2026-01-16,54000.0
2026-01-16,22000.0
2026-01-16,23000.0
2026-01-16,12000.0
2026-01-16,50000.0
2026-01-16,44000.0
2026-01-16,10000.0
2026-01-16,23000.0
2026-01-16,12000.0
2026-01-16,47500.0
2026-01-16,16000.0
2026-01-16,20000.0
2026-01-16,24000.0
2026-01-16,51300.0
2026-01-16,50000.0
2026-01-16,6000.0
2026-01-16,24000.0
2026-01-16,25000.0
2026-01-16,24000.0
2026-01-16,20000.0
2026-01-16,12000.0
2026-01-16,60000.0
2026-01-16,23000.0
2026-01-16,25000.0
2026-01-16,12000.0
2026-01-16,20000.0
2026-01-16,48000.0
2026-01-16,20000.0
2026-01-16,27000.0
2026-01-16,44000.0
2026-01-16,60000.0
2026-01-16,9500.0
2026-01-16,69000.0
2026-01-16,24000.0
2026-01-16,12000.0
2026-01-16,15000.0
2026-01-16,24000.0
2026-01-16,62700.0
2026-01-16,12000.0
2026-01-16,24000.0
2026-01-16,10000.0
2026-01-16,20000.0
2026-01-16,22000.0
2026-01-16,44000.0
2026-01-16,12000.0
2026-01-16,6000.0
2026-01-16,15000.0
2026-01-16,12000.0
2026-01-16,11400.0
2026-01-16,23000.0
2026-01-16,20000.0
2026-01-16,12000.0
2026-01-16,5000.0
2026-01-16,22000.0
2026-01-16,23000.0
2026-01-16,15000.0
2026-01-16,16000.0
2026-01-16,75000.0
2026-01-17,10000.0
2026-01-17,54000.0
2026-01-17,16000.0
2026-01-17,40000.0
2026-01-17,8000.0
2026-01-17,44000.0
2026-01-17,25000.0
2026-01-17,12000.0
2026-01-17,44000.0
2026-01-17,9500.0
2026-01-17,25000.0
2026-01-17,4750.0
2026-01-17,92000.0
2026-01-17,20900.0
2026-01-17,48000.0
2026-01-17,44000.0
2026-01-17,5000.0
2026-01-17,48000.0
2026-01-17,6000.0
2026-01-17,5000.0
2026-01-17,8000.0
2026-01-17,60000.0
2026-01-17,11400.0
2026-01-17,16000.0
2026-01-17,20900.0
2026-01-17,15000.0
2026-01-17,44000.0
2026-01-17,44000.0
2026-01-17,27000.0
2026-01-17,24000.0
2026-01-17,6000.0
2026-01-17,22000.0
2026-01-17,20000.0
2026-01-17,36000.0
2026-01-17,8000.0
2026-01-17,24000.0
2026-01-17,8000.0
2026-01-17,6000.0
2026-01-17,6000.0
2026-01-17,44000.0
2026-01-17,12000.0
2026-01-17,8000.0
2026-01-17,10000.0
2026-01-17,88000.0
2026-01-17,25000.0
2026-01-17,12000.0
2026-01-17,23000.0
2026-01-17,24000.0
2026-01-17,25000.0
2026-01-17,12000.0
2026-01-17,22000.0
2026-01-17,12000.0
2026-01-17,15000.0
2026-01-17,5700.0
2026-01-17,48000.0
2026-01-17,22000.0
2026-01-17,24000.0
2026-01-17,50000.0
2026-01-17,60000.0
2026-01-17,40000.0
2026-01-17,12000.0
2026-01-17,88000.0
2026-01-17,24000.0
2026-01-17,92000.0
2026-01-17,10000.0
2026-01-17,36000.0
2026-01-17,22000.0
2026-01-17,40000.0
2026-01-17,15000.0
2026-01-17,22000.0
2026-01-17,15000.0
2026-01-17,23750.0
2026-01-17,46000.0
2026-01-17,22000.0
2026-01-17,12000.0
2026-01-17,6000.0
2026-01-17,15000.0
2026-01-17,6000.0
2026-01-17,24000.0
2026-01-17,60000.0
2026-01-17,20000.0
2026-01-17,5000.0
2026-01-17,100000.0
2026-01-17,18000.0
2026-01-17,10000.0
2026-01-17,40000.0
2026-01-17,50000.0
2026-01-17,6000.0
2026-01-17,15000.0
2026-01-17,48000.0
2026-01-17,16000.0
2026-01-17,6000.0
2026-01-17,15000.0
2026-01-17,27000.0
2026-01-17,60000.0
2026-01-17,60000.0
2026-01-17,100000.0
2026-01-17,9500.0
2026-01-17,44000.0
2026-01-17,5700.0
2026-01-17,22000.0
2026-01-17,24000.0
2026-01-17,14250.0
2026-01-17,6000.0
2026-01-17,60000.0
2026-01-17,40000.0
2026-01-17,12000.0
2026-01-17,8000.0
2026-01-17,20000.0
2026-01-17,23000.0
2026-01-17,24000.0
2026-01-17,12000.0
2026-01-17,22000.0
2026-01-17,4750.0
2026-01-17,25000.0
2026-01-17,12000.0
2026-01-17,6000.0
2026-01-17,44000.0
2026-01-17,24000.0
2026-01-17,25000.0
2026-01-17,54000.0
2026-01-17,12000.0
2026-01-17,10000.0
2026-01-17,20000.0
2026-01-17,60000.0
2026-01-17,5000.0
2026-01-17,15000.0
2026-01-17,40000.0
2026-01-17,8000.0
2026-01-17,48000.0
2026-01-17,40000.0
2026-01-17,12000.0
2026-01-17,6000.0
2026-01-17,23000.0
2026-01-17,12000.0
2026-01-17,25000.0
2026-01-17,40000.0
2026-01-17,40000.0
2026-01-17,9500.0
2026-01-17,23750.0
2026-01-17,46000.0
2026-01-17,6000.0
2026-01-17,10000.0
2026-01-17,16000.0
2026-01-17,75000.0
2026-01-17,71250.0
2026-01-17,6000.0
2026-01-17,44000.0
2026-01-17,24000.0
2026-01-17,24000.0
2026-01-17,75000.0
2026-01-17,5700.0
2026-01-17,6000.0
2026-01-17,12000.0
2026-01-17,15000.0
2026-01-17,24000.0
2026-01-17,22000.0
2026-01-17,22800.0
2026-01-17,12000.0
2026-01-17,24000.0
2026-01-17,10000.0
2026-01-17,16000.0
2026-01-17,40000.0
2026-01-17,15000.0
2026-01-17,20900.0
2026-01-17,24000.0
2026-01-17,66000.0
2026-01-17,6000.0
2026-01-17,36000.0
2026-01-17,40000.0
2026-01-17,80000.0
2026-01-17,25000.0
2026-01-17,46000.0
2026-01-17,9500.0
2026-01-17,25000.0
2026-01-17,5000.0
2026-01-17,24000.0
2026-01-17,12000.0
2026-01-17,10000.0
2026-01-17,44000.0
2026-01-17,8000.0
2026-01-17,36000.0
2026-01-17,10000.0
2026-01-17,20000.0
2026-01-17,10000.0
2026-01-17,12000.0
2026-01-17,22800.0
2026-01-17,81000.0
2026-01-17,24000.0
2026-01-17,10000.0
2026-01-17,6000.0
2026-01-17,12000.0
2026-01-17,10000.0
2026-01-17,16000.0
2026-01-17,50000.0
2026-01-17,22000.0
2026-01-17,47500.0
2026-01-17,14250.0
2026-01-17,20000.0
2026-01-17,30000.0
2026-01-17,60000.0
2026-01-17,23000.0
2026-01-17,5000.0
2026-01-17,18000.0
2026-01-17,7600.0
2026-01-17,10000.0
2026-01-17,44000.0
2026-01-17,6000.0
2026-01-17,83600.0
2026-01-17,15000.0
2026-01-17,40000.0
2026-01-17,75000.0
2026-01-17,6000.0
2026-01-17,12000.0
2026-01-17,12000.0
2026-01-17,12000.0
2026-01-17,12000.0
2026-01-17,75000.0
2026-01-17,46000.0
2026-01-17,44000.0
2026-01-17,6000.0
2026-01-17,48000.0
2026-01-17,15000.0
2026-01-17,12000.0
2026-01-17,12000.0
2026-01-17,24000.0
2026-01-17,20000.0
2026-01-17,24000.0
2026-01-17,15200.0
2026-01-17,48000.0
2026-01-17,62700.0
2026-01-17,48000.0
2026-01-17,24000.0
2026-01-17,23000.0
2026-01-17,10000.0
2026-01-17,8000.0
2026-01-17,44000.0
2026-01-17,20000.0
2026-01-17,30000.0
2026-01-17,12000.0
2026-01-17,25000.0
2026-01-17,48000.0
2026-01-17,27000.0
2026-01-17,6000.0
2026-01-17,27000.0
2026-01-17,6000.0
2026-01-17,100000.0
2026-01-17,22000.0
2026-01-17,10000.0
2026-01-17,8000.0
2026-01-17,47500.0
2026-01-17,10000.0
2026-01-17,54000.0
2026-01-17,15000.0
2026-01-17,23000.0
2026-01-17,54000.0
2026-01-17,24000.0
2026-01-17,40000.0
2026-01-17,20000.0
2026-01-17,54000.0
2026-01-17,50000.0
2026-01-17,24000.0
2026-01-17,12000.0
2026-01-17,12000.0
2026-01-17,40000.0
2026-01-17,20000.0
2026-01-17,54000.0
2026-01-17,23000.0
2026-01-17,12000.0
2026-01-17,23000.0
2026-01-17,22000.0
2026-01-17,24000.0
2026-01-17,5000.0
2026-01-17,27000.0
2026-01-17,23000.0
2026-01-17,11400.0
2026-01-17,25000.0
2026-01-17,66000.0
2026-01-17,24000.0
2026-01-18,27000.0
2026-01-18,22000.0
2026-01-18,47500.0
2026-01-18,27000.0
2026-01-18,60000.0
2026-01-18,6000.0
2026-01-18,48000.0
2026-01-18,8000.0
2026-01-18,12000.0
2026-01-18,25000.0
2026-01-18,20000.0
2026-01-18,25000.0
2026-01-18,10000.0
2026-01-18,11400.0
2026-01-18,69000.0
2026-01-18,46000.0
2026-01-18,8000.0
2026-01-18,5000.0
2026-01-18,6000.0
2026-01-18,15000.0
2026-01-18,5000.0
2026-01-18,12000.0
2026-01-18,5700.0
2026-01-18,15000.0
2026-01-18,23000.0
2026-01-18,42750.0
2026-01-18,46000.0
2026-01-18,54000.0
2026-01-18,40000.0
2026-01-18,24000.0
2026-01-18,10000.0
2026-01-18,36000.0
2026-01-18,23000.0
2026-01-18,15000.0
2026-01-18,50000.0
2026-01-18,23750.0
2026-01-18,25000.0
2026-01-18,48000.0
2026-01-18,6000.0
2026-01-18,12000.0
2026-01-18,44000.0
2026-01-18,16000.0
2026-01-18,12000.0
2026-01-18,11400.0
2026-01-18,20000.0
2026-01-18,81000.0
2026-01-18,5000.0
2026-01-18,22000.0
2026-01-18,96000.0
2026-01-18,10000.0
2026-01-18,46000.0
2026-01-18,60000.0
2026-01-18,12000.0
2026-01-18,66000.0
2026-01-18,10000.0
2026-01-18,12000.0
2026-01-18,10000.0
2026-01-18,15000.0
2026-01-18,22800.0
2026-01-18,46000.0
2026-01-18,54000.0
2026-01-18,6000.0
2026-01-18,15000.0
2026-01-18,11400.0
2026-01-18,10000.0
2026-01-18,40000.0
2026-01-18,23000.0
2026-01-18,88000.0
2026-01-18,12000.0
2026-01-18,6000.0
2026-01-18,23000.0
2026-01-18,8000.0
2026-01-18,15000.0
2026-01-18,20000.0
2026-01-18,6000.0
2026-01-18,6000.0
2026-01-18,25000.0
2026-01-18,6000.0
2026-01-18,4750.0
2026-01-18,12000.0
2026-01-18,40000.0
2026-01-18,30000.0
2026-01-18,12000.0
2026-01-18,6000.0
2026-01-18,47500.0
2026-01-18,15000.0
2026-01-18,22000.0
2026-01-18,27000.0
2026-01-18,15000.0
2026-01-18,6000.0
2026-01-18,5000.0
2026-01-18,50000.0
2026-01-18,20000.0
2026-01-18,60000.0
2026-01-18,22000.0
2026-01-18,46000.0
2026-01-18,54000.0
2026-01-18,54000.0
2026-01-18,27000.0
2026-01-18,20000.0
2026-01-18,14250.0
2026-01-18,6000.0
2026-01-18,25650.0
2026-01-18,20000.0
2026-01-18,20000.0
2026-01-18,30000.0
2026-01-18,18000.0
2026-01-18,10000.0
2026-01-18,46000.0
2026-01-18,25000.0
2026-01-18,6000.0
2026-01-18,20900.0
2026-01-18,5000.0
2026-01-18,25650.0
2026-01-18,12000.0
2026-01-18,25000.0
2026-01-18,20000.0
2026-01-18,27000.0
2026-01-18,15200.0
2026-01-18,46000.0
2026-01-18,5000.0
2026-01-18,45600.0
2026-01-18,21850.0
2026-01-18,27000.0
2026-01-18,7600.0
2026-01-18,10000.0
2026-01-18,5000.0
2026-01-18,54000.0
2026-01-18,10000.0
2026-01-18,44000.0
2026-01-18,10000.0
2026-01-18,50000.0
2026-01-18,81000.0
2026-01-18,10000.0
2026-01-18,45000.0
2026-01-18,22000.0
2026-01-18,92000.0
2026-01-18,24000.0
2026-01-18,5000.0
2026-01-18,23000.0
2026-01-18,51300.0
2026-01-18,23000.0
2026-01-18,6000.0
2026-01-18,30000.0
2026-01-18,27000.0
2026-01-18,24000.0
2026-01-18,10000.0
2026-01-18,6000.0
2026-01-18,24000.0
2026-01-18,5000.0
2026-01-18,8000.0
2026-01-18,12000.0
2026-01-18,34200.0
2026-01-18,46000.0
2026-01-18,24000.0
2026-01-18,10000.0
2026-01-18,48000.0
2026-01-18,5000.0
2026-01-18,10000.0
2026-01-18,22000.0
2026-01-18,30000.0
2026-01-18,15000.0
2026-01-18,10000.0
2026-01-18,24000.0
2026-01-18,27000.0
2026-01-18,48000.0
2026-01-18,28500.0
2026-01-18,48000.0
2026-01-18,15000.0
2026-01-18,16000.0
2026-01-18,15000.0
2026-01-18,10000.0
2026-01-18,12000.0
2026-01-18,20000.0
2026-01-18,24000.0
2026-01-18,27000.0
2026-01-18,22000.0
2026-01-18,6000.0
2026-01-18,45000.0
2026-01-18,20000.0
2026-01-18,6000.0
2026-01-18,50000.0
2026-01-18,22000.0
2026-01-18,20000.0
2026-01-18,20000.0
2026-01-18,81000.0
2026-01-18,41800.0
2026-01-18,25650.0
2026-01-18,15000.0
2026-01-18,22000.0
2026-01-18,6000.0
2026-01-18,45000.0
2026-01-18,36000.0
2026-01-18,27000.0
2026-01-18,44000.0
2026-01-18,16000.0
2026-01-18,20000.0
2026-01-18,23000.0
2026-01-18,8000.0
2026-01-18,20000.0
2026-01-18,12000.0
2026-01-18,50000.0
2026-01-18,44000.0
2026-01-18,20000.0
2026-01-18,5000.0
2026-01-18,24000.0
2026-01-18,28500.0
2026-01-18,72000.0
2026-01-18,40000.0
2026-01-18,10000.0
2026-01-18,50000.0
2026-01-18,9500.0
2026-01-18,50000.0
2026-01-18,60000.0
2026-01-18,22000.0
2026-01-18,66000.0
2026-01-18,24000.0
2026-01-18,24000.0
2026-01-18,20000.0
2026-01-18,18000.0
2026-01-18,10000.0
2026-01-18,20000.0
2026-01-18,45000.0
2026-01-18,20000.0
2026-01-18,27000.0
2026-01-18,20000.0
2026-01-18,15000.0
2026-01-18,15000.0
2026-01-18,12000.0
2026-01-18,10000.0
2026-01-18,10000.0
2026-01-18,62700.0
2026-01-18,23000.0
2026-01-18,20000.0
2026-01-18,6000.0
2026-01-18,81000.0
2026-01-18,20000.0
2026-01-18,12000.0
2026-01-18,10000.0
2026-01-18,10000.0
2026-01-18,12000.0
2026-01-18,50000.0
2026-01-18,30000.0
2026-01-19,10000.0
2026-01-19,12000.0
2026-01-19,92000.0
2026-01-19,23000.0
2026-01-19,20000.0
2026-01-19,24000.0
2026-01-19,8000.0
2026-01-19,75000.0
2026-01-19,12000.0
2026-01-19,40000.0
2026-01-19,22000.0
2026-01-19,60000.0
2026-01-19,83600.0
2026-01-19,16000.0
2026-01-19,15000.0
2026-01-19,5000.0
2026-01-19,12000.0
2026-01-19,20000.0
2026-01-19,15000.0
2026-01-19,12000.0
2026-01-19,8000.0
2026-01-19,8000.0
2026-01-19,6000.0
2026-01-19,8000.0
2026-01-19,10000.0
2026-01-19,12000.0
2026-01-19,60000.0
2026-01-19,22000.0
2026-01-19,8000.0
2026-01-19,75000.0
2026-01-19,20000.0
2026-01-19,23750.0
2026-01-19,48000.0
2026-01-19,36000.0
2026-01-19,75000.0
2026-01-19,24000.0
2026-01-19,27000.0
2026-01-19,44000.0
2026-01-19,15000.0
2026-01-19,24000.0
2026-01-19,12000.0
2026-01-19,43700.0
2026-01-19,24000.0
2026-01-19,8000.0
2026-01-19,54000.0
2026-01-19,25000.0
2026-01-19,45000.0
2026-01-19,8000.0
2026-01-19,10000.0
2026-01-19,5000.0
2026-01-19,8000.0
2026-01-19,20000.0
2026-01-19,100000.0
2026-01-19,24000.0
2026-01-19,44000.0
2026-01-19,16000.0
2026-01-19,25000.0
2026-01-19,19000.0
2026-01-19,12000.0
2026-01-19,48000.0
2026-01-19,6000.0
2026-01-19,25000.0
2026-01-19,27000.0
2026-01-19,23000.0
2026-01-19,27000.0
2026-01-19,12000.0
2026-01-19,30000.0
2026-01-19,25000.0
2026-01-19,12000.0
2026-01-19,14250.0
2026-01-19,23750.0
2026-01-19,15000.0
2026-01-19,15000.0
2026-01-19,10000.0
2026-01-19,12000.0
2026-01-19,48000.0
2026-01-19,22000.0
2026-01-19,10000.0
2026-01-19,6000.0
2026-01-19,25000.0
2026-01-19,47500.0
2026-01-19,15000.0
2026-01-19,12000.0
2026-01-19,30000.0
2026-01-19,10000.0
2026-01-19,23000.0
2026-01-19,22800.0
2026-01-19,50000.0
2026-01-19,10000.0
2026-01-19,6000.0
2026-01-19,12000.0
2026-01-19,8000.0
2026-01-19,16000.0
2026-01-19,5000.0
2026-01-19,54000.0
2026-01-19,24000.0
2026-01-19,23000.0
2026-01-19,15000.0
2026-01-19,30000.0
2026-01-19,12000.0
2026-01-19,25000.0
2026-01-19,76950.0
2026-01-19,69000.0
2026-01-19,20000.0
2026-01-19,44000.0
2026-01-19,28500.0
2026-01-19,25000.0
2026-01-19,48000.0
2026-01-19,4750.0
2026-01-19,24000.0
2026-01-19,45000.0
2026-01-19,10000.0
2026-01-19,5000.0
2026-01-19,10000.0
2026-01-19,44000.0
2026-01-19,30000.0
2026-01-19,5000.0
2026-01-19,16000.0
2026-01-19,20900.0
2026-01-19,19000.0
2026-01-19,27000.0
2026-01-19,44000.0
2026-01-19,25000.0
2026-01-19,24000.0
2026-01-19,54000.0
2026-01-19,24000.0
2026-01-19,25000.0
2026-01-19,20000.0
2026-01-19,44000.0
2026-01-19,24000.0
2026-01-19,5000.0
2026-01-19,15000.0
2026-01-19,45600.0
2026-01-19,10000.0
2026-01-19,48000.0
2026-01-19,25000.0
2026-01-19,81000.0
2026-01-19,92000.0
2026-01-19,22800.0
2026-01-19,15000.0
2026-01-19,6000.0
2026-01-19,12000.0
2026-01-19,27000.0
2026-01-19,12000.0
2026-01-19,6000.0
2026-01-19,69000.0
2026-01-19,40000.0
2026-01-19,12000.0
2026-01-19,10000.0
2026-01-19,22000.0
2026-01-19,46000.0
2026-01-19,23000.0
2026-01-19,48000.0
2026-01-19,66000.0
2026-01-19,30000.0
2026-01-19,20900.0
2026-01-19,23750.0
2026-01-19,5000.0
2026-01-19,6000.0
2026-01-19,12000.0
2026-01-19,75000.0
2026-01-19,24000.0
2026-01-19,5000.0
2026-01-19,12000.0
2026-01-19,23000.0
2026-01-19,44000.0
2026-01-19,24000.0
2026-01-19,40000.0
2026-01-19,23000.0
2026-01-19,45000.0
2026-01-19,25000.0
2026-01-19,48000.0
2026-01-19,6000.0
2026-01-19,48000.0
2026-01-19,12000.0
2026-01-19,41800.0
2026-01-19,22000.0
2026-01-19,6000.0
2026-01-19,15000.0
2026-01-19,7600.0
2026-01-19,12000.0
2026-01-19,5000.0
2026-01-19,36000.0
2026-01-19,12000.0
2026-01-19,10000.0
2026-01-19,15000.0
2026-01-19,8000.0
2026-01-19,8000.0
2026-01-19,11400.0
2026-01-19,10000.0
2026-01-19,72000.0
2026-01-19,20000.0
2026-01-19,6000.0
2026-01-19,44000.0
2026-01-19,5000.0
2026-01-19,24000.0
2026-01-19,24000.0
2026-01-19,30000.0
2026-01-19,6000.0
2026-01-19,15000.0
2026-01-19,60000.0
2026-01-19,20900.0
2026-01-20,8000.0
2026-01-20,24000.0
2026-01-20,6000.0
2026-01-20,62700.0
2026-01-20,7600.0
2026-01-20,8000.0
2026-01-20,6000.0
2026-01-20,44000.0
2026-01-20,75000.0
2026-01-20,15000.0
2026-01-20,20000.0
2026-01-20,5000.0
2026-01-20,25000.0
2026-01-20,20900.0
2026-01-20,6000.0
2026-01-20,12000.0
2026-01-20,20000.0
2026-01-20,36000.0
2026-01-20,5000.0
2026-01-20,22000.0
2026-01-20,10000.0
2026-01-20,12000.0
2026-01-20,36000.0
2026-01-20,11400.0
2026-01-20,100000.0
2026-01-20,36000.0
2026-01-20,25000.0
2026-01-20,27000.0
2026-01-20,12000.0
2026-01-20,6000.0
2026-01-20,8000.0
2026-01-20,20000.0
2026-01-20,80000.0
2026-01-20,12000.0
2026-01-20,24000.0
2026-01-20,12000.0
2026-01-20,30000.0
2026-01-20,30000.0
2026-01-20,6000.0
2026-01-20,24000.0
2026-01-20,66000.0
2026-01-20,5000.0
2026-01-20,24000.0
2026-01-20,10000.0
2026-01-20,30000.0
2026-01-20,15000.0
2026-01-20,66000.0
2026-01-20,10000.0
2026-01-20,15000.0
2026-01-20,27000.0
2026-01-20,36000.0
2026-01-20,54000.0
2026-01-20,46000.0
2026-01-20,15000.0
2026-01-20,12000.0
2026-01-20,40000.0
2026-01-20,5000.0
2026-01-20,50000.0
2026-01-20,20000.0
2026-01-20,8000.0
2026-01-20,6000.0
2026-01-20,44000.0
2026-01-20,10000.0
2026-01-20,23000.0
2026-01-20,44000.0
2026-01-20,25000.0
2026-01-20,27000.0
2026-01-20,45000.0
2026-01-20,6000.0
2026-01-20,15000.0
2026-01-20,44000.0
2026-01-20,50000.0
2026-01-20,15000.0
2026-01-20,24000.0
2026-01-20,12000.0
2026-01-20,20000.0
2026-01-20,8000.0
2026-01-20,24000.0
2026-01-20,40000.0
2026-01-20,12000.0
2026-01-20,10000.0
2026-01-20,24000.0
2026-01-20,22800.0
2026-01-20,19000.0
2026-01-20,15000.0
2026-01-20,20000.0
2026-01-20,5700.0
2026-01-20,25650.0
2026-01-20,6000.0
2026-01-20,25650.0
2026-01-20,25000.0
2026-01-20,27000.0
2026-01-20,15000.0
2026-01-20,10000.0
2026-01-20,12000.0
2026-01-20,54000.0
2026-01-20,18000.0
2026-01-20,23000.0
2026-01-20,20000.0
2026-01-20,24000.0
2026-01-20,12000.0
2026-01-20,48000.0
2026-01-20,24000.0
2026-01-20,22000.0
2026-01-20,6000.0
2026-01-20,10000.0
2026-01-20,22000.0
2026-01-20,20000.0
2026-01-20,44000.0
2026-01-20,12000.0
2026-01-20,20000.0
2026-01-20,25000.0
2026-01-20,24000.0
2026-01-20,5000.0
2026-01-20,10000.0
2026-01-20,48000.0
2026-01-20,60000.0
2026-01-20,20000.0
2026-01-20,20000.0
2026-01-20,44000.0
2026-01-20,8000.0
2026-01-20,5000.0
2026-01-20,12000.0
2026-01-20,20900.0
2026-01-20,30000.0
2026-01-20,22000.0
2026-01-20,15000.0
2026-01-20,10000.0
2026-01-20,19000.0
2026-01-20,24000.0
2026-01-20,6000.0
2026-01-20,22800.0
2026-01-20,24000.0
2026-01-20,6000.0
2026-01-20,80000.0
2026-01-20,6000.0
2026-01-20,11400.0
2026-01-20,6000.0
2026-01-20,22000.0
2026-01-20,10000.0
2026-01-20,6000.0
2026-01-20,10000.0
2026-01-20,6000.0
2026-01-20,22000.0
2026-01-20,5000.0
2026-01-20,54000.0
2026-01-20,24000.0
2026-01-20,12000.0
2026-01-20,25000.0
2026-01-20,54000.0
2026-01-20,24000.0
2026-01-20,10000.0
2026-01-20,6000.0
2026-01-20,81000.0
2026-01-20,23750.0
2026-01-20,8000.0
2026-01-20,15000.0
2026-01-20,20000.0
2026-01-20,6000.0
2026-01-20,88000.0
2026-01-20,4750.0
2026-01-20,24000.0
2026-01-20,30000.0
2026-01-20,25000.0
2026-01-20,24000.0
2026-01-20,20000.0
2026-01-20,7600.0
2026-01-20,8000.0
2026-01-20,5000.0
2026-01-20,69000.0
2026-01-20,30000.0
2026-01-20,6000.0
2026-01-20,30000.0
2026-01-20,12000.0
2026-01-20,18000.0
2026-01-20,8000.0
2026-01-20,23000.0
2026-01-20,8000.0
2026-01-20,24000.0
2026-01-20,25000.0
2026-01-20,30000.0
2026-01-20,24000.0
2026-01-20,24000.0
2026-01-20,12000.0
2026-01-20,20000.0
2026-01-20,22000.0
2026-01-20,24000.0
2026-01-20,15000.0
2026-01-20,7600.0
2026-01-20,22000.0
2026-01-20,15000.0
2026-01-20,4750.0
2026-01-20,22000.0
2026-01-20,23000.0
2026-01-20,81000.0
2026-01-20,6000.0
2026-01-20,6000.0
2026-01-20,24000.0
2026-01-20,24000.0
2026-01-20,30000.0
2026-01-20,6000.0
2026-01-20,20000.0
2026-01-20,80000.0
2026-01-20,44000.0
2026-01-20,6000.0
2026-01-20,24000.0
2026-01-20,69000.0
2026-01-20,22000.0
2026-01-20,6000.0
2026-01-20,23000.0
2026-01-20,8000.0
2026-01-20,15000.0
2026-01-20,30000.0
2026-01-20,6000.0
2026-01-20,46000.0
2026-01-20,24000.0
2026-01-21,5000.0
2026-01-21,24000.0
2026-01-21,36000.0
2026-01-21,46000.0
2026-01-21,66000.0
2026-01-21,20000.0
2026-01-21,8000.0
2026-01-21,8000.0
2026-01-21,23000.0
2026-01-21,25000.0
2026-01-21,12000.0
2026-01-21,15000.0
2026-01-21,23750.0
2026-01-21,12000.0
2026-01-21,12000.0
2026-01-21,44000.0
2026-01-21,23000.0
2026-01-21,8000.0
2026-01-21,6000.0
2026-01-21,10000.0
2026-01-21,12000.0
2026-01-21,81000.0
2026-01-21,23000.0
2026-01-21,5700.0
2026-01-21,22000.0
2026-01-21,12000.0
2026-01-21,44000.0
2026-01-21,20000.0
2026-01-21,23000.0
2026-01-21,10000.0
2026-01-21,25000.0
2026-01-21,6000.0
2026-01-21,5000.0
2026-01-21,25000.0
2026-01-21,22000.0
2026-01-21,25000.0
2026-01-21,25000.0
2026-01-21,12000.0
2026-01-21,6000.0
2026-01-21,24000.0
2026-01-21,16000.0
2026-01-21,36000.0
2026-01-21,6000.0
2026-01-21,8000.0
2026-01-21,6000.0
2026-01-21,5000.0
2026-01-21,75000.0
2026-01-21,8000.0
2026-01-21,44000.0
2026-01-21,22800.0
2026-01-21,24000.0
2026-01-21,15000.0
2026-01-21,18000.0
2026-01-21,12000.0
2026-01-21,25650.0
2026-01-21,25000.0
2026-01-21,48000.0
2026-01-21,5000.0
2026-01-21,81000.0
2026-01-21,20000.0
2026-01-21,5000.0
2026-01-21,15000.0
2026-01-21,10000.0
2026-01-21,15000.0
2026-01-21,12000.0
2026-01-21,23000.0
2026-01-21,30000.0
2026-01-21,12000.0
2026-01-21,19000.0
2026-01-21,30000.0
2026-01-21,23000.0
2026-01-21,20000.0
2026-01-21,44000.0
2026-01-21,12000.0
2026-01-21,10000.0
2026-01-21,102600.0
2026-01-21,69000.0
2026-01-21,10000.0
2026-01-21,25000.0
2026-01-21,12000.0
2026-01-21,50000.0
2026-01-21,15000.0
2026-01-21,8000.0
2026-01-21,24000.0
2026-01-21,18000.0
2026-01-21,23000.0
2026-01-21,19000.0
2026-01-21,16000.0
2026-01-21,20000.0
2026-01-21,92000.0
2026-01-21,22000.0
2026-01-21,81000.0
2026-01-21,18000.0
2026-01-21,12000.0
2026-01-21,50000.0
2026-01-21,12000.0
2026-01-21,27000.0
2026-01-21,15000.0
2026-01-21,22000.0
2026-01-21,21850.0
2026-01-21,12000.0
2026-01-21,51300.0
2026-01-21,20000.0
2026-01-21,72000.0
2026-01-21,12000.0
2026-01-21,47500.0
2026-01-21,22000.0
2026-01-21,18000.0
2026-01-21,15000.0
2026-01-21,22000.0
2026-01-21,44000.0
2026-01-21,20900.0
2026-01-21,25000.0
2026-01-21,15200.0
2026-01-21,69000.0
2026-01-21,15000.0
2026-01-21,46000.0
2026-01-21,14250.0
2026-01-21,22000.0
2026-01-21,10000.0
2026-01-21,16000.0
2026-01-21,22000.0
2026-01-21,8000.0
2026-01-21,27000.0
2026-01-21,15000.0
2026-01-21,20000.0
2026-01-21,20000.0
2026-01-21,15000.0
2026-01-21,23000.0
2026-01-21,6000.0
2026-01-21,23000.0
2026-01-21,22000.0
2026-01-21,65550.0
2026-01-21,12000.0
2026-01-21,10000.0
2026-01-21,15000.0
2026-01-21,8000.0
2026-01-21,24000.0
2026-01-21,30000.0
2026-01-21,15200.0
2026-01-21,6000.0
2026-01-21,22000.0
2026-01-21,62700.0
2026-01-21,5000.0
2026-01-21,9500.0
2026-01-21,12000.0
2026-01-21,11400.0
2026-01-21,8000.0
2026-01-21,15000.0
2026-01-21,22000.0
2026-01-21,24000.0
2026-01-21,15000.0
2026-01-21,44000.0
2026-01-21,23000.0
2026-01-21,96000.0
2026-01-21,75000.0
2026-01-21,30000.0
2026-01-21,24000.0
2026-01-21,44000.0
2026-01-21,54000.0
2026-01-21,8000.0
2026-01-21,100000.0
2026-01-21,24000.0
2026-01-21,30000.0
2026-01-21,20000.0
2026-01-21,6000.0
2026-01-21,24000.0
2026-01-21,20000.0
2026-01-21,75000.0
2026-01-21,10000.0
2026-01-21,66000.0
2026-01-21,15000.0
2026-01-21,23000.0
2026-01-21,30000.0
2026-01-21,27000.0
2026-01-21,24000.0
2026-01-21,6000.0
2026-01-21,14250.0
2026-01-21,27000.0
2026-01-21,12000.0
2026-01-21,6000.0
2026-01-21,8000.0
2026-01-21,20000.0
2026-01-21,8000.0
2026-01-21,60000.0
2026-01-21,11400.0
2026-01-21,5000.0
2026-01-21,12000.0
2026-01-21,23000.0
2026-01-21,5000.0
2026-01-21,6000.0
2026-01-21,16000.0
2026-01-21,20000.0
2026-01-21,27000.0
2026-01-21,40000.0
2026-01-21,30000.0
2026-01-21,66000.0
2026-01-21,25000.0
2026-01-21,20000.0
2026-01-21,15000.0
2026-01-21,24000.0
2026-01-21,8000.0
2026-01-21,12000.0
2026-01-21,15000.0
2026-01-21,23000.0
2026-01-21,75000.0
2026-01-21,15000.0
2026-01-21,81000.0
2026-01-21,15000.0
2026-01-21,25000.0
2026-01-21,15000.0
2026-01-21,100000.0
2026-01-21,8000.0
2026-01-21,46000.0
2026-01-21,4750.0
2026-01-21,6000.0
2026-01-21,20000.0
2026-01-21,6000.0
2026-01-21,7600.0
2026-01-22,6000.0
2026-01-22,15000.0
2026-01-22,50000.0
2026-01-22,6000.0
2026-01-22,27000.0
2026-01-22,25000.0
2026-01-22,23000.0
2026-01-22,20000.0
2026-01-22,16000.0
2026-01-22,15000.0
2026-01-22,15000.0
2026-01-22,14250.0
2026-01-22,11400.0
2026-01-22,20000.0
2026-01-22,6000.0
2026-01-22,25000.0
2026-01-22,40000.0
2026-01-22,24000.0
2026-01-22,24000.0
2026-01-22,24000.0
2026-01-22,24000.0
2026-01-22,12000.0
2026-01-22,24000.0
2026-01-22,54000.0
2026-01-22,5000.0
2026-01-22,15000.0
2026-01-22,12000.0
2026-01-22,25000.0
2026-01-22,24000.0
2026-01-22,45000.0
2026-01-22,50000.0
2026-01-22,22000.0
2026-01-22,12000.0
2026-01-22,51300.0
2026-01-22,30000.0
2026-01-22,27000.0
2026-01-22,32000.0
2026-01-22,54000.0
2026-01-22,20900.0
2026-01-22,24000.0
2026-01-22,19000.0
2026-01-22,41800.0
2026-01-22,12000.0
2026-01-22,41800.0
2026-01-22,96000.0
2026-01-22,15000.0
2026-01-22,20000.0
2026-01-22,46000.0
2026-01-22,18000.0
2026-01-22,20900.0
2026-01-22,8000.0
2026-01-22,16000.0
2026-01-22,45600.0
2026-01-22,88000.0
2026-01-22,10000.0
2026-01-22,5700.0
2026-01-22,25000.0
2026-01-22,24000.0
2026-01-22,22000.0
2026-01-22,14250.0
2026-01-22,69000.0
2026-01-22,27000.0
2026-01-22,8000.0
2026-01-22,20000.0
2026-01-22,6000.0
2026-01-22,25000.0
2026-01-22,48000.0
2026-01-22,65550.0
2026-01-22,23000.0
2026-01-22,96000.0
2026-01-22,46000.0
2026-01-22,22000.0
2026-01-22,27000.0
2026-01-22,10000.0
2026-01-22,15000.0
2026-01-22,12000.0
2026-01-22,23000.0
2026-01-22,6000.0
2026-01-22,40000.0
2026-01-22,48000.0
2026-01-22,60000.0
2026-01-22,22000.0
2026-01-22,10000.0
2026-01-22,15000.0
2026-01-22,27000.0
2026-01-22,40000.0
2026-01-22,27000.0
2026-01-22,25000.0
2026-01-22,15000.0
2026-01-22,18000.0
2026-01-22,8000.0
2026-01-22,24000.0
2026-01-22,22000.0
2026-01-22,15000.0
2026-01-22,54000.0
2026-01-22,12000.0
2026-01-22,27000.0
2026-01-22,25000.0
2026-01-22,5000.0
2026-01-22,8000.0
2026-01-22,15000.0
2026-01-22,14250.0
2026-01-22,19000.0
2026-01-22,8000.0
2026-01-22,5000.0
2026-01-22,10000.0
2026-01-22,108000.0
2026-01-22,10000.0
2026-01-22,22000.0
2026-01-22,22000.0
2026-01-22,30000.0
2026-01-22,12000.0
2026-01-22,30000.0
2026-01-22,36000.0
2026-01-22,30000.0
2026-01-22,22800.0
2026-01-22,24000.0
2026-01-22,20000.0
2026-01-22,7600.0
2026-01-22,72000.0
2026-01-22,15000.0
2026-01-22,15000.0
2026-01-22,20000.0
2026-01-22,6000.0
2026-01-22,12000.0
2026-01-22,4750.0
2026-01-22,10000.0
2026-01-22,15000.0
2026-01-22,5000.0
2026-01-22,16000.0
2026-01-22,20900.0
2026-01-22,22000.0
2026-01-22,16000.0
2026-01-22,50000.0
2026-01-22,22000.0
2026-01-22,24000.0
2026-01-22,12000.0
2026-01-22,44000.0
2026-01-22,24000.0
2026-01-22,43700.0
2026-01-22,18000.0
2026-01-22,27000.0
2026-01-22,27000.0
2026-01-22,25000.0
2026-01-22,96000.0
2026-01-22,69000.0
2026-01-22,22800.0
2026-01-22,27000.0
2026-01-22,50000.0
2026-01-22,20000.0
2026-01-22,30000.0
2026-01-22,12000.0
2026-01-22,25000.0
2026-01-22,22000.0
2026-01-22,15000.0
2026-01-22,25000.0
2026-01-22,7600.0
2026-01-22,108000.0
2026-01-22,24000.0
2026-01-22,60000.0
2026-01-22,12000.0
2026-01-22,6000.0
2026-01-22,6000.0
2026-01-22,48000.0
2026-01-22,54000.0
2026-01-22,81000.0
2026-01-22,25000.0
2026-01-22,48000.0
2026-01-22,20000.0
2026-01-22,10000.0
2026-01-22,6000.0
2026-01-22,24000.0
2026-01-22,12000.0
2026-01-22,48000.0
2026-01-22,45000.0
2026-01-22,40000.0
2026-01-22,15000.0
2026-01-22,22000.0
2026-01-22,25000.0
2026-01-22,46000.0
2026-01-22,25000.0
2026-01-22,22000.0
2026-01-22,23000.0
2026-01-22,50000.0
2026-01-22,12000.0
2026-01-22,23000.0
2026-01-22,24000.0
2026-01-22,108000.0
2026-01-22,23000.0
2026-01-22,40000.0
2026-01-22,14250.0
2026-01-22,5000.0
2026-01-22,40000.0
2026-01-22,12000.0
2026-01-22,27000.0
2026-01-22,45000.0
2026-01-22,48000.0
2026-01-22,5000.0
2026-01-22,88000.0
2026-01-22,23000.0
2026-01-22,44000.0
2026-01-22,24000.0
2026-01-22,11400.0
2026-01-22,27000.0
2026-01-22,14250.0
2026-01-22,12000.0
2026-01-22,10000.0
2026-01-22,22000.0
2026-01-22,15000.0
2026-01-22,25000.0
2026-01-22,10000.0
2026-01-22,30000.0
2026-01-22,81000.0
2026-01-22,19000.0
2026-01-22,25000.0
2026-01-22,25000.0
2026-01-22,6000.0
2026-01-22,24000.0
2026-01-23,15000.0
2026-01-23,8000.0
2026-01-23,72000.0
2026-01-23,8000.0
2026-01-23,18000.0
2026-01-23,69000.0
2026-01-23,8000.0
2026-01-23,9500.0
2026-01-23,45600.0
2026-01-23,10000.0
2026-01-23,8000.0
2026-01-23,15000.0
2026-01-23,48000.0
2026-01-23,38000.0
2026-01-23,22000.0
2026-01-23,27000.0
2026-01-23,108000.0
2026-01-23,5000.0
2026-01-23,44000.0
2026-01-23,8000.0
2026-01-23,9500.0
2026-01-23,12000.0
2026-01-23,24000.0
2026-01-23,24000.0
2026-01-23,19000.0
2026-01-23,10000.0
2026-01-23,22000.0
2026-01-23,15000.0
2026-01-23,22000.0
2026-01-23,22000.0
2026-01-23,40000.0
2026-01-23,27000.0
2026-01-23,10000.0
2026-01-23,10000.0
2026-01-23,25000.0
2026-01-23,25000.0
2026-01-23,30000.0
2026-01-23,44000.0
2026-01-23,22000.0
2026-01-23,6000.0
2026-01-23,40000.0
2026-01-23,16000.0
2026-01-23,6000.0
2026-01-23,12000.0
2026-01-23,48000.0
2026-01-23,10000.0
2026-01-23,66000.0
2026-01-23,18000.0
2026-01-23,81000.0
2026-01-23,30000.0
2026-01-23,24000.0
2026-01-23,10000.0
2026-01-23,45600.0
2026-01-23,24000.0
2026-01-23,46000.0
2026-01-23,25000.0
2026-01-23,24000.0
2026-01-23,5000.0
2026-01-23,24000.0
2026-01-23,22000.0
2026-01-23,66000.0
2026-01-23,11400.0
2026-01-23,40000.0
2026-01-23,25000.0
2026-01-23,19000.0
2026-01-23,10000.0
2026-01-23,14250.0
2026-01-23,44000.0
2026-01-23,100000.0
2026-01-23,51300.0
2026-01-23,23000.0
2026-01-23,10000.0
2026-01-23,25000.0
2026-01-23,92000.0
2026-01-23,22000.0
2026-01-23,5700.0
2026-01-23,23000.0
2026-01-23,41800.0
2026-01-23,24000.0
2026-01-23,10000.0
2026-01-23,6000.0
2026-01-23,81000.0
2026-01-23,24000.0
2026-01-23,23000.0
2026-01-23,11400.0
2026-01-23,12000.0
2026-01-23,15000.0
2026-01-23,22800.0
2026-01-23,23750.0
2026-01-23,46000.0
2026-01-23,22000.0
2026-01-23,27000.0
2026-01-23,24000.0
2026-01-23,6000.0
2026-01-23,50000.0
2026-01-23,5000.0
2026-01-23,8000.0
2026-01-23,46000.0
2026-01-23,20000.0
2026-01-23,24000.0
2026-01-23,60000.0
2026-01-23,22000.0
2026-01-23,15000.0
2026-01-23,40000.0
2026-01-23,5000.0
2026-01-23,12000.0
2026-01-23,20000.0
2026-01-23,81000.0
2026-01-23,50000.0
2026-01-23,32000.0
2026-01-23,20000.0
2026-01-23,6000.0
2026-01-23,12000.0
2026-01-23,20000.0
2026-01-23,45600.0
2026-01-23,15000.0
2026-01-23,54000.0
2026-01-23,22000.0
2026-01-23,24000.0
2026-01-23,5700.0
2026-01-23,27000.0
2026-01-23,16000.0
2026-01-23,30000.0
2026-01-23,24000.0
2026-01-23,27000.0
2026-01-23,48000.0
2026-01-23,6000.0
2026-01-23,15000.0
2026-01-23,12000.0
2026-01-23,10000.0
2026-01-23,20900.0
2026-01-23,44000.0
2026-01-23,27000.0
2026-01-23,20000.0
2026-01-23,24000.0
2026-01-23,22000.0
2026-01-23,8000.0
2026-01-23,15000.0
2026-01-23,12000.0
2026-01-23,20000.0
2026-01-23,69000.0
2026-01-23,20000.0
2026-01-23,5000.0
2026-01-23,24000.0
2026-01-23,12000.0
2026-01-23,46000.0
2026-01-23,8000.0
2026-01-23,5000.0
2026-01-23,46000.0
2026-01-23,7600.0
2026-01-23,23000.0
2026-01-23,41800.0
2026-01-23,46000.0
2026-01-23,20000.0
2026-01-23,6000.0
2026-01-23,44000.0
2026-01-23,24000.0
2026-01-23,27000.0
2026-01-23,10000.0
2026-01-23,22000.0
2026-01-23,15000.0
2026-01-23,12000.0
2026-01-23,22800.0
2026-01-23,25000.0
2026-01-23,15000.0
2026-01-23,16000.0
2026-01-23,5000.0
2026-01-23,81000.0
2026-01-23,24000.0
2026-01-23,5000.0
2026-01-23,27000.0
2026-01-23,8000.0
2026-01-23,5000.0
2026-01-23,6000.0
2026-01-23,23000.0
2026-01-23,6000.0
2026-01-23,23000.0
2026-01-23,15000.0
2026-01-23,12000.0
2026-01-23,15000.0
2026-01-23,12000.0
2026-01-23,5000.0
2026-01-23,30000.0
2026-01-23,10000.0
2026-01-23,8000.0
2026-01-23,25000.0
2026-01-23,6000.0
2026-01-23,40000.0
2026-01-23,15000.0
2026-01-23,23000.0
2026-01-23,6000.0
2026-01-23,14250.0
2026-01-23,27000.0
2026-01-23,27000.0
2026-01-23,15000.0
2026-01-23,25000.0
2026-01-23,8000.0
2026-01-23,46000.0
2026-01-23,22000.0
2026-01-23,12000.0
2026-01-23,20000.0
2026-01-23,24000.0
2026-01-23,5000.0
2026-01-23,30000.0
2026-01-23,22800.0
2026-01-23,24000.0
2026-01-23,15000.0
2026-01-23,46000.0
2026-01-23,10000.0
2026-01-23,6000.0
2026-01-23,66000.0
2026-01-23,22800.0
2026-01-23,8000.0
2026-01-23,22000.0
2026-01-23,12000.0
2026-01-23,6000.0
2026-01-23,11400.0
2026-01-23,51300.0
2026-01-23,100000.0
2026-01-23,24000.0
2026-01-23,22000.0
2026-01-23,10000.0
2026-01-23,44000.0
2026-01-23,8000.0
2026-01-23,47500.0
2026-01-23,20000.0
2026-01-23,12000.0
2026-01-23,25000.0
2026-01-23,54000.0
2026-01-23,46000.0
2026-01-23,6000.0
2026-01-23,10000.0
2026-01-23,25650.0
2026-01-23,18000.0
2026-01-23,7600.0
2026-01-23,9500.0
2026-01-23,21850.0
2026-01-23,23000.0
2026-01-23,20900.0
2026-01-23,20000.0
2026-01-23,100000.0
2026-01-23,25650.0
2026-01-23,8000.0
2026-01-23,19000.0
2026-01-23,8000.0
2026-01-23,6000.0
2026-01-23,50000.0
2026-01-23,5700.0
2026-01-23,5000.0
2026-01-23,60000.0
2026-01-23,81000.0
2026-01-23,8000.0
2026-01-23,88000.0
2026-01-23,60000.0
2026-01-23,12000.0
2026-01-23,60000.0
2026-01-23,24000.0
2026-01-23,22000.0
2026-01-23,11400.0
2026-01-23,25000.0
2026-01-23,19000.0
2026-01-23,28500.0
2026-01-23,12000.0
2026-01-23,22000.0
2026-01-23,22000.0
2026-01-23,24000.0
2026-01-23,15000.0
2026-01-24,45000.0
2026-01-24,12000.0
2026-01-24,6000.0
2026-01-24,15000.0
2026-01-24,92000.0
2026-01-24,8000.0
2026-01-24,22000.0
2026-01-24,10000.0
2026-01-24,48000.0
2026-01-24,7600.0
2026-01-24,12000.0
2026-01-24,20000.0
2026-01-24,15000.0
2026-01-24,46000.0
2026-01-24,40000.0
2026-01-24,20000.0
2026-01-24,22800.0
2026-01-24,27000.0
2026-01-24,9500.0
2026-01-24,40000.0
2026-01-24,12000.0
2026-01-24,45000.0
2026-01-24,25000.0
2026-01-24,30000.0
2026-01-24,10000.0
2026-01-24,24000.0
2026-01-24,8000.0
2026-01-24,10000.0
2026-01-24,12000.0
2026-01-24,15000.0
2026-01-24,20000.0
2026-01-24,45000.0
2026-01-24,24000.0
2026-01-24,50000.0
2026-01-24,23000.0
2026-01-24,47500.0
2026-01-24,5000.0
2026-01-24,24000.0
2026-01-24,27000.0
2026-01-24,16000.0
2026-01-24,18000.0
2026-01-24,24000.0
2026-01-24,19000.0
2026-01-24,12000.0
2026-01-24,24000.0
2026-01-24,5000.0
2026-01-24,25000.0
2026-01-24,6000.0
2026-01-24,10000.0
2026-01-24,22000.0
2026-01-24,10000.0
2026-01-24,8000.0
2026-01-24,20000.0
2026-01-24,20900.0
2026-01-24,24000.0
2026-01-24,24000.0
2026-01-24,23000.0
2026-01-24,6000.0
2026-01-24,6000.0
2026-01-24,22000.0
2026-01-24,12000.0
2026-01-24,12000.0
2026-01-24,15200.0
2026-01-24,14250.0
2026-01-24,8000.0
2026-01-24,6000.0
2026-01-24,24000.0
2026-01-24,12000.0
2026-01-24,16000.0
2026-01-24,72000.0
2026-01-24,36000.0
2026-01-24,60000.0
2026-01-24,5000.0
2026-01-24,15000.0
2026-01-24,8000.0
2026-01-24,6000.0
2026-01-24,24000.0
2026-01-24,24000.0
2026-01-24,24000.0
2026-01-24,30000.0
2026-01-24,46000.0
2026-01-24,27000.0
2026-01-24,25000.0
2026-01-24,24000.0
2026-01-24,5000.0
2026-01-24,6000.0
2026-01-24,20000.0
2026-01-24,30000.0
2026-01-24,24000.0
2026-01-24,15000.0
2026-01-24,50000.0
2026-01-24,25650.0
2026-01-24,20000.0
2026-01-24,6000.0
2026-01-24,69000.0
2026-01-24,27000.0
2026-01-24,6000.0
2026-01-24,23000.0
2026-01-24,44000.0
2026-01-24,27000.0
2026-01-24,8000.0
2026-01-24,10000.0
2026-01-24,92000.0
2026-01-24,20000.0
2026-01-24,19000.0
2026-01-24,15000.0
2026-01-24,24000.0
2026-01-24,14250.0
2026-01-24,24000.0
2026-01-24,66000.0
2026-01-24,27000.0
2026-01-24,22000.0
2026-01-24,25000.0
2026-01-24,10000.0
2026-01-24,6000.0
2026-01-24,22000.0
2026-01-24,54000.0
2026-01-24,24000.0
2026-01-24,18000.0
2026-01-24,5000.0
2026-01-24,50000.0
2026-01-24,9500.0
2026-01-24,25000.0
2026-01-24,25000.0
2026-01-24,30000.0
2026-01-24,25000.0
2026-01-24,27000.0
2026-01-24,6000.0
2026-01-24,27000.0
2026-01-24,66000.0
2026-01-24,23000.0
2026-01-24,20000.0
2026-01-24,15000.0
2026-01-24,15000.0
2026-01-24,22000.0
2026-01-24,25000.0
2026-01-24,45000.0
2026-01-24,6000.0
2026-01-24,6000.0
2026-01-24,24000.0
2026-01-24,5000.0
2026-01-24,30000.0
2026-01-24,48000.0
2026-01-24,80000.0
2026-01-24,12000.0
2026-01-24,15000.0
2026-01-24,80000.0
2026-01-24,15000.0
2026-01-24,30000.0
2026-01-24,22000.0
2026-01-24,25000.0
2026-01-24,25000.0
2026-01-24,25000.0
2026-01-24,24000.0
2026-01-24,10000.0
2026-01-24,6000.0
2026-01-24,25000.0
2026-01-24,23000.0
2026-01-24,12000.0
2026-01-24,6000.0
2026-01-24,5000.0
2026-01-24,54000.0
2026-01-24,25000.0
2026-01-24,40000.0
2026-01-24,20000.0
2026-01-24,20000.0
2026-01-24,12000.0
2026-01-24,24000.0
2026-01-24,23000.0
2026-01-24,44000.0
2026-01-24,6000.0
2026-01-24,12000.0
2026-01-24,25000.0
2026-01-24,22000.0
2026-01-24,15000.0
2026-01-24,20000.0
2026-01-24,10000.0
2026-01-24,108000.0
2026-01-24,44000.0
2026-01-24,30000.0
2026-01-24,25000.0
2026-01-24,10000.0
2026-01-24,54000.0
2026-01-24,46000.0
2026-01-24,22800.0
2026-01-24,15000.0
2026-01-24,50000.0
2026-01-24,10000.0
2026-01-24,10000.0
2026-01-24,12000.0
2026-01-24,24000.0
2026-01-24,4750.0
2026-01-24,12000.0
2026-01-24,15000.0
2026-01-24,21850.0
2026-01-24,54000.0
2026-01-24,12000.0
2026-01-24,22000.0
2026-01-24,8000.0
2026-01-24,15000.0
2026-01-24,25000.0
2026-01-24,16000.0
2026-01-24,25000.0
2026-01-24,48000.0
2026-01-24,22000.0
2026-01-24,27000.0
2026-01-24,15000.0
2026-01-24,10000.0
2026-01-24,44000.0
2026-01-24,45000.0
2026-01-24,100000.0
2026-01-24,46000.0
2026-01-24,12000.0
2026-01-24,16000.0
2026-01-24,15000.0
2026-01-24,24000.0
2026-01-24,10000.0
2026-01-24,20000.0
2026-01-24,12000.0
2026-01-24,12000.0
2026-01-24,5700.0
2026-01-24,50000.0
2026-01-24,20000.0
2026-01-24,44000.0
2026-01-24,12000.0
2026-01-24,24000.0
2026-01-24,23000.0
2026-01-24,48000.0
2026-01-24,30000.0
2026-01-24,44000.0
2026-01-24,6000.0
2026-01-24,48000.0
2026-01-24,15000.0
2026-01-24,27000.0
2026-01-24,20000.0
2026-01-24,46000.0
2026-01-24,27000.0
2026-01-24,10000.0
2026-01-24,25000.0
2026-01-24,46000.0
2026-01-24,15000.0
2026-01-24,12000.0
2026-01-24,80000.0
2026-01-24,6000.0
2026-01-24,11400.0
2026-01-24,10000.0
2026-01-24,10000.0
2026-01-24,47500.0
2026-01-24,22000.0
2026-01-24,24000.0
2026-01-24,36000.0
2026-01-24,54000.0
2026-01-24,36000.0
2026-01-24,24000.0
2026-01-24,6000.0
2026-01-24,6000.0
2026-01-24,20000.0
2026-01-24,88000.0
2026-01-24,12000.0
2026-01-24,8000.0
2026-01-24,6000.0
2026-01-24,22000.0
2026-01-24,11400.0
2026-01-24,20000.0
2026-01-24,23750.0
2026-01-24,15200.0
2026-01-24,23000.0
2026-01-24,12000.0
2026-01-24,30000.0
2026-01-24,16000.0
2026-01-24,46000.0
2026-01-24,27000.0
2026-01-24,22000.0
2026-01-24,10000.0
2026-01-24,102600.0
2026-01-24,15000.0
2026-01-24,23750.0
2026-01-24,24000.0
2026-01-24,66000.0
2026-01-24,80000.0
2026-01-24,22000.0
2026-01-24,22000.0
2026-01-24,18000.0
2026-01-24,36000.0
2026-01-24,8000.0
2026-01-24,12000.0
2026-01-24,5700.0
2026-01-24,24000.0
2026-01-24,48000.0
2026-01-24,11400.0
2026-01-24,15000.0
2026-01-24,22000.0
2026-01-24,23000.0
2026-01-24,30000.0
2026-01-24,8000.0
2026-01-24,10000.0
2026-01-24,20000.0
2026-01-24,8000.0
2026-01-24,6000.0
2026-01-24,22000.0
2026-01-24,25000.0
2026-01-24,6000.0
2026-01-24,25000.0
2026-01-24,30000.0
2026-01-24,25000.0
2026-01-25,24000.0
2026-01-25,48000.0
2026-01-25,20000.0
2026-01-25,54000.0
2026-01-25,20000.0
2026-01-25,23000.0
2026-01-25,22800.0
2026-01-25,8000.0
2026-01-25,5000.0
2026-01-25,65550.0
2026-01-25,5000.0
2026-01-25,19000.0
2026-01-25,54000.0
2026-01-25,51300.0
2026-01-25,30000.0
2026-01-25,48000.0
2026-01-25,66000.0
2026-01-25,6000.0
2026-01-25,50000.0
2026-01-25,22000.0
2026-01-25,10000.0
2026-01-25,80000.0
2026-01-25,22000.0
2026-01-25,10000.0
2026-01-25,44000.0
2026-01-25,24000.0
2026-01-25,25000.0
2026-01-25,20000.0
2026-01-25,22000.0
2026-01-25,12000.0
2026-01-25,15000.0
2026-01-25,30000.0
2026-01-25,32000.0
2026-01-25,12000.0
2026-01-25,12000.0
2026-01-25,40000.0
2026-01-25,46000.0
2026-01-25,6000.0
2026-01-25,40000.0
2026-01-25,24000.0
2026-01-25,24000.0
2026-01-25,15200.0
2026-01-25,44000.0
2026-01-25,81000.0
2026-01-25,27000.0
2026-01-25,20000.0
2026-01-25,22000.0
2026-01-25,24000.0
2026-01-25,15000.0
2026-01-25,25000.0
2026-01-25,20000.0
2026-01-25,5000.0
2026-01-25,108000.0
2026-01-25,25000.0
2026-01-25,12000.0
2026-01-25,27000.0
2026-01-25,25000.0
2026-01-25,10000.0
2026-01-25,16000.0
2026-01-25,25000.0
2026-01-25,22000.0
2026-01-25,24000.0
2026-01-25,44000.0
2026-01-25,10000.0
2026-01-25,15000.0
2026-01-25,16000.0
2026-01-25,25000.0
2026-01-25,24000.0
2026-01-25,24000.0
2026-01-25,44000.0
2026-01-25,20000.0
2026-01-25,96000.0
2026-01-25,24000.0
2026-01-25,68400.0
2026-01-25,22000.0
2026-01-25,24000.0
2026-01-25,15000.0
2026-01-25,16000.0
2026-01-25,12000.0
2026-01-25,40000.0
2026-01-25,6000.0
2026-01-25,12000.0
2026-01-25,24000.0
2026-01-25,25000.0
2026-01-25,15000.0
2026-01-25,22000.0
2026-01-25,20000.0
2026-01-25,15000.0
2026-01-25,45000.0
2026-01-25,10000.0
2026-01-25,5000.0
2026-01-25,20000.0
2026-01-25,50000.0
2026-01-25,46000.0
2026-01-25,11400.0
2026-01-25,12000.0
2026-01-25,22000.0
2026-01-25,11400.0
2026-01-25,10000.0
2026-01-25,20000.0
2026-01-25,23000.0
2026-01-25,6000.0
2026-01-25,20000.0
2026-01-25,19000.0
2026-01-25,15000.0
2026-01-25,6000.0
2026-01-25,30000.0
2026-01-25,22000.0
2026-01-25,20000.0
2026-01-25,7600.0
2026-01-25,12000.0
2026-01-25,50000.0
2026-01-25,48000.0
2026-01-25,30000.0
2026-01-25,24000.0
2026-01-25,8000.0
2026-01-25,22000.0
2026-01-25,10000.0
2026-01-25,8000.0
2026-01-25,44000.0
2026-01-25,5000.0
2026-01-25,6000.0
2026-01-25,60000.0
2026-01-25,50000.0
2026-01-25,6000.0
2026-01-25,48000.0
2026-01-25,44000.0
2026-01-25,24000.0
2026-01-25,12000.0
2026-01-25,24000.0
2026-01-25,25000.0
2026-01-25,16000.0
2026-01-25,23000.0
2026-01-25,45000.0
2026-01-25,48000.0
2026-01-25,24000.0
2026-01-25,60000.0
2026-01-25,12000.0
2026-01-25,15000.0
2026-01-25,10000.0
2026-01-25,10000.0
2026-01-25,15000.0
2026-01-25,32000.0
2026-01-25,24000.0
2026-01-25,48000.0
2026-01-25,80000.0
2026-01-25,11400.0
2026-01-25,5000.0
2026-01-25,25000.0
2026-01-25,16000.0
2026-01-25,5000.0
2026-01-25,30000.0
2026-01-25,24000.0
2026-01-25,10000.0
2026-01-25,20000.0
2026-01-25,48000.0
2026-01-25,22000.0
2026-01-25,27000.0
2026-01-25,24000.0
2026-01-25,54000.0
2026-01-25,50000.0
2026-01-25,24000.0
2026-01-25,10000.0
2026-01-25,24000.0
2026-01-25,12000.0
2026-01-25,46000.0
2026-01-25,22000.0
2026-01-25,20000.0
2026-01-25,38000.0
2026-01-25,14250.0
2026-01-25,15000.0
2026-01-25,54000.0
2026-01-25,30000.0
2026-01-25,51300.0
2026-01-25,27000.0
2026-01-25,22000.0
2026-01-25,30000.0
2026-01-25,15000.0
2026-01-25,10000.0
2026-01-25,25000.0
2026-01-25,5000.0
2026-01-25,20000.0
2026-01-25,48000.0
2026-01-25,20000.0
2026-01-25,4750.0
2026-01-25,18000.0
2026-01-25,22000.0
2026-01-25,5000.0
2026-01-25,50000.0
2026-01-25,23000.0
2026-01-25,16000.0
2026-01-25,6000.0
2026-01-25,22000.0
2026-01-25,25000.0
2026-01-25,15000.0
2026-01-25,16000.0
2026-01-25,23000.0
2026-01-25,15000.0
2026-01-25,15000.0
2026-01-25,30000.0
2026-01-25,66000.0
2026-01-25,24000.0
2026-01-25,16000.0
2026-01-25,76950.0
2026-01-25,22000.0
2026-01-25,20000.0
2026-01-25,27000.0
2026-01-25,30000.0
2026-01-25,54000.0
2026-01-25,12000.0
2026-01-25,50000.0
2026-01-25,27000.0
2026-01-25,22000.0
2026-01-25,25000.0
2026-01-25,6000.0
2026-01-25,24000.0
2026-01-25,15000.0
2026-01-25,20000.0
2026-01-25,6000.0
2026-01-25,15000.0
2026-01-25,50000.0
2026-01-25,5000.0
2026-01-25,44000.0
2026-01-25,60000.0
2026-01-25,38000.0
2026-01-25,24000.0
2026-01-25,44000.0
2026-01-25,22000.0
2026-01-25,25000.0
2026-01-25,24000.0
2026-01-25,41800.0
2026-01-25,22000.0
2026-01-25,8000.0
2026-01-25,19000.0
2026-01-25,22000.0
2026-01-25,11400.0
2026-01-25,24000.0
2026-01-25,20000.0
2026-01-25,8000.0
2026-01-26,8000.0
2026-01-26,6000.0
2026-01-26,22000.0
2026-01-26,12000.0
2026-01-26,23000.0
2026-01-26,22000.0
2026-01-26,24000.0
2026-01-26,8000.0
2026-01-26,6000.0
2026-01-26,20000.0
2026-01-26,30000.0
2026-01-26,6000.0
2026-01-26,25000.0
2026-01-26,22800.0
2026-01-26,30000.0
2026-01-26,11400.0
2026-01-26,23750.0
2026-01-26,54000.0
2026-01-26,16000.0
2026-01-26,12000.0
2026-01-26,24000.0
2026-01-26,46000.0
2026-01-26,6000.0
2026-01-26,30000.0
2026-01-26,45000.0
2026-01-26,27000.0
2026-01-26,15000.0
2026-01-26,6000.0
2026-01-26,24000.0
2026-01-26,22000.0
2026-01-26,7600.0
2026-01-26,72000.0
2026-01-26,24000.0
2026-01-26,25000.0
2026-01-26,8000.0
2026-01-26,27000.0
2026-01-26,12000.0
2026-01-26,48000.0
2026-01-26,25000.0
2026-01-26,21850.0
2026-01-26,20900.0
2026-01-26,24000.0
2026-01-26,8000.0
2026-01-26,12000.0
2026-01-26,15000.0
2026-01-26,15000.0
2026-01-26,12000.0
2026-01-26,27000.0
2026-01-26,10000.0
2026-01-26,20000.0
2026-01-26,5700.0
2026-01-26,20000.0
2026-01-26,5700.0
2026-01-26,25000.0
2026-01-26,12000.0
2026-01-26,22000.0
2026-01-26,27000.0
2026-01-26,20900.0
2026-01-26,5000.0
2026-01-26,22000.0
2026-01-26,15000.0
2026-01-26,20000.0
2026-01-26,6000.0
2026-01-26,30000.0
2026-01-26,25650.0
2026-01-26,23000.0
2026-01-26,12000.0
2026-01-26,23000.0
2026-01-26,23000.0
2026-01-26,44000.0
2026-01-26,25000.0
2026-01-26,28500.0
2026-01-26,8000.0
2026-01-26,66000.0
2026-01-26,6000.0
2026-01-26,32000.0
2026-01-26,30000.0
2026-01-26,5000.0
2026-01-26,50000.0
2026-01-26,24000.0
2026-01-26,27000.0
2026-01-26,24000.0
2026-01-26,72000.0
2026-01-26,24000.0
2026-01-26,15000.0
2026-01-26,16000.0
2026-01-26,36000.0
2026-01-26,23750.0
2026-01-26,5000.0
2026-01-26,23000.0
2026-01-26,6000.0
2026-01-26,15000.0
2026-01-26,18000.0
2026-01-26,21850.0
2026-01-26,24000.0
2026-01-26,30000.0
2026-01-26,44000.0
2026-01-26,75000.0
2026-01-26,24000.0
2026-01-26,46000.0
2026-01-26,23000.0
2026-01-26,44000.0
2026-01-26,20000.0
2026-01-26,66000.0
2026-01-26,48000.0
2026-01-26,57000.0
2026-01-26,7600.0
2026-01-26,20000.0
2026-01-26,46000.0
2026-01-26,20000.0
2026-01-26,16000.0
2026-01-26,12000.0
2026-01-26,6000.0
2026-01-26,10000.0
2026-01-26,20000.0
2026-01-26,6000.0
2026-01-26,24000.0
2026-01-26,18000.0
2026-01-26,22000.0
2026-01-26,24000.0
2026-01-26,22000.0
2026-01-26,6000.0
2026-01-26,50000.0
2026-01-26,16000.0
2026-01-26,46000.0
2026-01-26,10000.0
2026-01-26,54000.0
2026-01-26,46000.0
2026-01-26,24000.0
2026-01-26,22000.0
2026-01-26,46000.0
2026-01-26,27000.0
2026-01-26,10000.0
2026-01-26,22000.0
2026-01-26,80000.0
2026-01-26,60000.0
2026-01-26,12000.0
2026-01-26,23000.0
2026-01-26,12000.0
2026-01-26,6000.0
2026-01-26,23000.0
2026-01-26,24000.0
2026-01-26,24000.0
2026-01-26,50000.0
2026-01-26,44000.0
2026-01-26,15000.0
2026-01-26,12000.0
2026-01-26,6000.0
2026-01-26,10000.0
2026-01-26,6000.0
2026-01-26,92000.0
2026-01-26,88000.0
2026-01-26,6000.0
2026-01-26,25000.0
2026-01-26,81000.0
2026-01-26,10000.0
2026-01-26,5000.0
2026-01-26,27000.0
2026-01-26,24000.0
2026-01-26,12000.0
2026-01-26,12000.0
2026-01-26,22000.0
2026-01-26,60000.0
2026-01-26,20000.0
2026-01-26,9500.0
2026-01-26,10000.0
2026-01-26,88000.0
2026-01-26,16000.0
2026-01-26,23000.0
2026-01-26,54000.0
2026-01-26,22000.0
2026-01-26,12000.0
2026-01-27,20000.0
2026-01-27,5700.0
2026-01-27,46000.0
2026-01-27,14250.0
2026-01-27,25000.0
2026-01-27,8000.0
2026-01-27,45000.0
2026-01-27,22000.0
2026-01-27,71250.0
2026-01-27,20000.0
2026-01-27,22000.0
2026-01-27,22000.0
2026-01-27,15200.0
2026-01-27,30000.0
2026-01-27,12000.0
2026-01-27,22000.0
2026-01-27,88000.0
2026-01-27,5000.0
2026-01-27,6000.0
2026-01-27,66000.0
2026-01-27,46000.0
2026-01-27,25000.0
2026-01-27,12000.0
2026-01-27,36000.0
2026-01-27,12000.0
2026-01-27,22000.0
2026-01-27,6000.0
2026-01-27,23000.0
2026-01-27,15000.0
2026-01-27,12000.0
2026-01-27,75000.0
2026-01-27,5700.0
2026-01-27,44000.0
2026-01-27,72000.0
2026-01-27,30000.0
2026-01-27,21850.0
2026-01-27,8000.0
2026-01-27,24000.0
2026-01-27,5000.0
2026-01-27,20000.0
2026-01-27,16000.0
2026-01-27,38000.0
2026-01-27,22000.0
2026-01-27,7600.0
2026-01-27,54000.0
2026-01-27,44000.0
2026-01-27,20000.0
2026-01-27,12000.0
2026-01-27,25000.0
2026-01-27,6000.0
2026-01-27,25000.0
2026-01-27,10000.0
2026-01-27,18000.0
2026-01-27,6000.0
2026-01-27,41800.0
2026-01-27,12000.0
2026-01-27,44000.0
2026-01-27,24000.0
2026-01-27,10000.0
2026-01-27,50000.0
2026-01-27,16000.0
2026-01-27,28500.0
2026-01-27,23000.0
2026-01-27,7600.0
2026-01-27,34200.0
2026-01-27,20000.0
2026-01-27,20000.0
2026-01-27,40000.0
2026-01-27,22000.0
2026-01-27,22000.0
2026-01-27,22800.0
2026-01-27,10000.0
2026-01-27,6000.0
2026-01-27,6000.0
2026-01-27,12000.0
2026-01-27,69000.0
2026-01-27,12000.0
2026-01-27,27000.0
2026-01-27,22000.0
2026-01-27,23000.0
2026-01-27,51300.0
2026-01-27,9500.0
2026-01-27,80000.0
2026-01-27,12000.0
2026-01-27,8000.0
2026-01-27,48000.0
2026-01-27,75000.0
2026-01-27,23000.0
2026-01-27,46000.0
2026-01-27,88000.0
2026-01-27,25000.0
2026-01-27,12000.0
2026-01-27,60000.0
2026-01-27,19000.0
2026-01-27,75000.0
2026-01-27,27000.0
2026-01-27,15000.0
2026-01-27,6000.0
2026-01-27,12000.0
2026-01-27,8000.0
2026-01-27,12000.0
2026-01-27,24000.0
2026-01-27,15000.0
2026-01-27,6000.0
2026-01-27,16000.0
2026-01-27,24000.0
2026-01-27,27000.0
2026-01-27,8000.0
2026-01-27,48000.0
2026-01-27,25000.0
2026-01-27,20000.0
2026-01-27,50000.0
2026-01-27,11400.0
2026-01-27,40000.0
2026-01-27,14250.0
2026-01-27,25000.0
2026-01-27,21850.0
2026-01-27,25000.0
2026-01-27,6000.0
2026-01-27,25000.0
2026-01-27,24000.0
2026-01-27,14250.0
2026-01-27,71250.0
2026-01-27,8000.0
2026-01-27,12000.0
2026-01-27,20900.0
2026-01-27,8000.0
2026-01-27,24000.0
2026-01-27,21850.0
2026-01-27,5000.0
2026-01-27,15000.0
2026-01-27,23000.0
2026-01-27,5700.0
2026-01-27,25000.0
2026-01-27,16000.0
2026-01-27,24000.0
2026-01-27,62700.0
2026-01-27,15000.0
2026-01-27,22000.0
2026-01-27,15000.0
2026-01-27,25000.0
2026-01-27,10000.0
2026-01-27,8000.0
2026-01-27,46000.0
2026-01-27,25000.0
2026-01-27,40000.0
2026-01-27,6000.0
2026-01-27,12000.0
2026-01-27,10000.0
2026-01-27,69000.0
2026-01-27,12000.0
2026-01-27,10000.0
2026-01-27,46000.0
2026-01-27,5000.0
2026-01-27,24000.0
2026-01-27,54000.0
2026-01-27,8000.0
2026-01-27,6000.0
2026-01-27,24000.0
2026-01-27,19000.0
2026-01-27,20000.0
2026-01-27,24000.0
2026-01-27,23000.0
2026-01-27,15000.0
2026-01-27,32000.0
2026-01-27,24000.0
2026-01-27,5000.0
2026-01-27,8000.0
2026-01-27,24000.0
2026-01-27,12000.0
2026-01-27,69000.0
2026-01-27,25000.0
2026-01-27,6000.0
2026-01-27,36000.0
2026-01-27,54000.0
2026-01-27,25000.0
2026-01-27,5000.0
2026-01-27,44000.0
2026-01-27,5000.0
2026-01-27,12000.0
2026-01-27,15000.0
2026-01-27,100000.0
2026-01-27,23000.0
2026-01-27,22000.0
2026-01-27,5000.0
2026-01-27,54000.0
2026-01-27,14250.0
2026-01-27,69000.0
2026-01-27,21850.0
2026-01-27,20000.0
2026-01-27,57000.0
2026-01-27,45000.0
2026-01-27,50000.0
2026-01-27,45000.0
2026-01-27,36000.0
2026-01-27,24000.0
2026-01-27,36000.0
2026-01-27,6000.0
2026-01-27,30000.0
2026-01-27,72000.0
2026-01-27,80000.0
2026-01-27,30000.0
2026-01-27,54000.0
2026-01-27,25000.0
2026-01-27,24000.0
2026-01-27,27000.0
2026-01-27,75000.0
2026-01-27,24000.0
2026-01-27,20000.0
2026-01-27,5000.0
2026-01-27,66000.0
2026-01-27,10000.0
2026-01-27,6000.0
2026-01-27,12000.0
2026-01-27,12000.0
2026-01-28,8000.0
2026-01-28,46000.0
2026-01-28,22000.0
2026-01-28,15000.0
2026-01-28,48000.0
2026-01-28,40000.0
2026-01-28,48000.0
2026-01-28,20000.0
2026-01-28,24000.0
2026-01-28,27000.0
2026-01-28,11400.0
2026-01-28,8000.0
2026-01-28,45000.0
2026-01-28,92000.0
2026-01-28,10000.0
2026-01-28,8000.0
2026-01-28,30000.0
2026-01-28,6000.0
2026-01-28,25000.0
2026-01-28,20000.0
2026-01-28,24000.0
2026-01-28,12000.0
2026-01-28,16000.0
2026-01-28,15000.0
2026-01-28,16000.0
2026-01-28,22000.0
2026-01-28,22000.0
2026-01-28,46000.0
2026-01-28,10000.0
2026-01-28,25000.0
2026-01-28,6000.0
2026-01-28,12000.0
2026-01-28,22000.0
2026-01-28,12000.0
2026-01-28,12000.0
2026-01-28,30000.0
2026-01-28,5000.0
2026-01-28,6000.0
2026-01-28,8000.0
2026-01-28,16000.0
2026-01-28,25000.0
2026-01-28,19000.0
2026-01-28,24000.0
2026-01-28,27000.0
2026-01-28,8000.0
2026-01-28,25000.0
2026-01-28,27000.0
2026-01-28,12000.0
2026-01-28,8000.0
2026-01-28,12000.0
2026-01-28,23000.0
2026-01-28,12000.0
2026-01-28,24000.0
2026-01-28,6000.0
2026-01-28,60000.0
2026-01-28,23000.0
2026-01-28,16000.0
2026-01-28,10000.0
2026-01-28,5000.0
2026-01-28,8000.0
2026-01-28,5000.0
2026-01-28,50000.0
2026-01-28,15000.0
2026-01-28,10000.0
2026-01-28,9500.0
2026-01-28,22800.0
2026-01-28,15000.0
2026-01-28,15000.0
2026-01-28,20000.0
2026-01-28,6000.0
2026-01-28,24000.0
2026-01-28,27000.0
2026-01-28,20000.0
2026-01-28,20000.0
2026-01-28,10000.0
2026-01-28,44000.0
2026-01-28,40000.0
2026-01-28,8000.0
2026-01-28,71250.0
2026-01-28,15000.0
2026-01-28,25000.0
2026-01-28,4750.0
2026-01-28,18000.0
2026-01-28,46000.0
2026-01-28,24000.0
2026-01-28,24000.0
2026-01-28,25000.0
2026-01-28,27000.0
2026-01-28,66000.0
2026-01-28,5000.0
2026-01-28,54000.0
2026-01-28,50000.0
2026-01-28,24000.0
2026-01-28,75000.0
2026-01-28,24000.0
2026-01-28,20000.0
2026-01-28,6000.0
2026-01-28,44000.0
2026-01-28,50000.0
2026-01-28,22000.0
2026-01-28,12000.0
2026-01-28,30000.0
2026-01-28,24000.0
2026-01-28,15000.0
2026-01-28,40000.0
2026-01-28,20000.0
2026-01-28,8000.0
2026-01-28,5700.0
2026-01-28,20900.0
2026-01-28,23000.0
2026-01-28,8000.0
2026-01-28,15000.0
2026-01-28,22000.0
2026-01-28,47500.0
2026-01-28,24000.0
2026-01-28,50000.0
2026-01-28,5000.0
2026-01-28,10000.0
2026-01-28,15000.0
2026-01-28,12000.0
2026-01-28,66000.0
2026-01-28,16000.0
2026-01-28,25000.0
2026-01-28,10000.0
2026-01-28,15000.0
2026-01-28,48000.0
2026-01-28,12000.0
2026-01-28,27000.0
2026-01-28,15000.0
2026-01-28,20900.0
2026-01-28,24000.0
2026-01-28,5000.0
2026-01-28,44000.0
2026-01-28,25000.0
2026-01-28,44000.0
2026-01-28,23000.0
2026-01-28,20000.0
2026-01-28,12000.0
2026-01-28,22800.0
2026-01-28,32000.0
2026-01-28,24000.0
2026-01-28,50000.0
2026-01-28,23000.0
2026-01-28,40000.0
2026-01-28,44000.0
2026-01-28,15000.0
2026-01-28,7600.0
2026-01-28,5700.0
2026-01-28,22000.0
2026-01-28,40000.0
2026-01-28,24000.0
2026-01-28,72000.0
2026-01-28,15000.0
2026-01-28,24000.0
2026-01-28,6000.0
2026-01-28,14250.0
2026-01-28,8000.0
2026-01-28,10000.0
2026-01-28,46000.0
2026-01-28,30000.0
2026-01-28,12000.0
2026-01-28,44000.0
2026-01-28,12000.0
2026-01-28,18000.0
2026-01-28,27000.0
2026-01-28,15000.0
2026-01-28,23000.0
2026-01-28,24000.0
2026-01-28,23000.0
2026-01-28,25000.0
2026-01-28,15000.0
2026-01-28,8000.0
2026-01-28,15000.0
2026-01-28,27000.0
2026-01-28,23000.0
2026-01-28,15000.0
2026-01-28,40000.0
2026-01-28,20000.0
2026-01-28,16000.0
2026-01-28,45000.0
2026-01-28,81000.0
2026-01-28,41800.0
2026-01-28,6000.0
2026-01-28,12000.0
2026-01-28,23000.0
2026-01-28,21850.0
2026-01-28,24000.0
2026-01-28,36000.0
2026-01-28,10000.0
2026-01-28,15000.0
2026-01-28,6000.0
2026-01-28,54000.0
2026-01-28,48000.0
2026-01-28,12000.0
2026-01-28,12000.0
2026-01-28,28500.0
2026-01-28,12000.0
2026-01-28,10000.0
2026-01-28,22000.0
2026-01-28,23000.0
2026-01-28,6000.0
2026-01-28,15000.0
2026-01-28,23750.0
2026-01-28,20000.0
2026-01-28,23000.0
2026-01-28,24000.0
2026-01-28,44000.0
2026-01-28,20000.0
2026-01-29,24000.0
2026-01-29,46000.0
2026-01-29,24000.0
2026-01-29,8000.0
2026-01-29,40000.0
2026-01-29,60000.0
2026-01-29,27000.0
2026-01-29,69000.0
2026-01-29,25000.0
2026-01-29,72000.0
2026-01-29,46000.0
2026-01-29,30000.0
2026-01-29,5700.0
2026-01-29,24000.0
2026-01-29,80000.0
2026-01-29,24000.0
2026-01-29,20000.0
2026-01-29,48000.0
2026-01-29,5000.0
2026-01-29,15000.0
2026-01-29,16000.0
2026-01-29,23000.0
2026-01-29,40000.0
2026-01-29,24000.0
2026-01-29,15000.0
2026-01-29,23000.0
2026-01-29,22000.0
2026-01-29,10000.0
2026-01-29,10000.0
2026-01-29,12000.0
2026-01-29,81000.0
2026-01-29,24000.0
2026-01-29,10000.0
2026-01-29,20000.0
2026-01-29,4750.0
2026-01-29,23000.0
2026-01-29,5000.0
2026-01-29,48000.0
2026-01-29,6000.0
2026-01-29,75000.0
2026-01-29,45000.0
2026-01-29,23000.0
2026-01-29,6000.0
2026-01-29,50000.0
2026-01-29,23000.0
2026-01-29,5000.0
2026-01-29,30000.0
2026-01-29,27000.0
2026-01-29,24000.0
2026-01-29,21850.0
2026-01-29,8000.0
2026-01-29,23000.0
2026-01-29,24000.0
2026-01-29,23000.0
2026-01-29,22000.0
2026-01-29,10000.0
2026-01-29,20000.0
2026-01-29,22000.0
2026-01-29,23000.0
2026-01-29,18000.0
2026-01-29,10000.0
2026-01-29,8000.0
2026-01-29,12000.0
2026-01-29,69000.0
2026-01-29,22000.0
2026-01-29,27000.0
2026-01-29,12000.0
2026-01-29,25000.0
2026-01-29,22000.0
2026-01-29,24000.0
2026-01-29,36000.0
2026-01-29,16000.0
2026-01-29,12000.0
2026-01-29,20000.0
2026-01-29,60000.0
2026-01-29,30000.0
2026-01-29,23000.0
2026-01-29,12000.0
2026-01-29,20000.0
2026-01-29,5000.0
2026-01-29,24000.0
2026-01-29,10000.0
2026-01-29,72000.0
2026-01-29,20000.0
2026-01-29,15000.0
2026-01-29,75000.0
2026-01-29,11400.0
2026-01-29,16000.0
2026-01-29,15000.0
2026-01-29,18000.0
2026-01-29,10000.0
2026-01-29,25000.0
2026-01-29,27000.0
2026-01-29,24000.0
2026-01-29,45000.0
2026-01-29,24000.0
2026-01-29,10000.0
2026-01-29,48000.0
2026-01-29,6000.0
2026-01-29,27000.0
2026-01-29,22000.0
2026-01-29,15000.0
2026-01-29,5700.0
2026-01-29,8000.0
2026-01-29,10000.0
2026-01-29,60000.0
2026-01-29,44000.0
2026-01-29,11400.0
2026-01-29,15000.0
2026-01-29,10000.0
2026-01-29,5000.0
2026-01-29,81000.0
2026-01-29,40000.0
2026-01-29,5000.0
2026-01-29,6000.0
2026-01-29,20000.0
2026-01-29,40000.0
2026-01-29,20000.0
2026-01-29,96000.0
2026-01-29,48000.0
2026-01-29,50000.0
2026-01-29,10000.0
2026-01-29,6000.0
2026-01-29,10000.0
2026-01-29,8000.0
2026-01-29,12000.0
2026-01-29,6000.0
2026-01-29,24000.0
2026-01-29,6000.0
2026-01-29,81000.0
2026-01-29,30000.0
2026-01-29,15000.0
2026-01-29,44000.0
2026-01-29,16000.0
2026-01-29,44000.0
2026-01-29,10000.0
2026-01-29,25000.0
2026-01-29,20000.0
2026-01-29,6000.0
2026-01-29,27000.0
2026-01-29,6000.0
2026-01-29,30000.0
2026-01-29,15000.0
2026-01-29,8000.0
2026-01-29,22800.0
2026-01-29,22000.0
2026-01-29,6000.0
2026-01-29,12000.0
2026-01-29,8000.0
2026-01-29,24000.0
2026-01-29,15000.0
2026-01-29,9500.0
2026-01-29,20000.0
2026-01-29,25000.0
2026-01-29,22000.0
2026-01-29,8000.0
2026-01-29,15200.0
2026-01-29,66000.0
2026-01-29,10000.0
2026-01-29,18000.0
2026-01-29,24000.0
2026-01-29,12000.0
2026-01-29,23000.0
2026-01-29,40000.0
2026-01-29,15000.0
2026-01-29,25000.0
2026-01-29,30000.0
2026-01-29,47500.0
2026-01-29,8000.0
2026-01-29,12000.0
2026-01-29,30000.0
2026-01-29,22000.0
2026-01-29,81000.0
2026-01-29,54000.0
2026-01-29,6000.0
2026-01-29,10000.0
2026-01-29,27000.0
2026-01-29,30000.0
2026-01-29,24000.0
2026-01-29,23000.0
2026-01-29,20000.0
2026-01-29,6000.0
2026-01-29,48000.0
2026-01-29,20000.0
2026-01-29,15000.0
2026-01-29,96000.0
2026-01-29,8000.0
2026-01-29,88000.0
2026-01-29,5000.0
2026-01-29,50000.0
2026-01-29,24000.0
2026-01-29,20000.0
2026-01-29,6000.0
2026-01-29,25000.0
2026-01-29,25000.0
2026-01-29,108000.0
2026-01-29,8000.0
2026-01-29,6000.0
2026-01-29,25000.0
2026-01-29,6000.0
2026-01-29,81000.0
2026-01-29,6000.0
2026-01-29,22000.0
2026-01-29,48000.0
2026-01-29,20000.0
2026-01-29,23000.0
2026-01-29,24000.0
2026-01-29,20000.0
2026-01-29,5700.0
2026-01-29,75000.0
2026-01-29,5000.0
2026-01-29,54000.0
2026-01-29,22000.0
2026-01-29,44000.0
2026-01-29,18000.0
2026-01-29,69000.0
2026-01-29,12000.0
2026-01-29,30000.0
2026-01-29,10000.0
2026-01-29,12000.0
2026-01-29,20000.0
2026-01-30,12000.0
2026-01-30,69000.0
2026-01-30,8000.0
2026-01-30,22000.0
2026-01-30,15000.0
2026-01-30,20000.0
2026-01-30,75000.0
2026-01-30,50000.0
2026-01-30,23000.0
2026-01-30,25000.0
2026-01-30,24000.0
2026-01-30,22800.0
2026-01-30,15000.0
2026-01-30,24000.0
2026-01-30,8000.0
2026-01-30,108000.0
2026-01-30,20000.0
2026-01-30,22000.0
2026-01-30,30000.0
2026-01-30,45000.0
2026-01-30,27000.0
2026-01-30,12000.0
2026-01-30,15000.0
2026-01-30,25650.0
2026-01-30,25000.0
2026-01-30,6000.0
2026-01-30,22000.0
2026-01-30,5000.0
2026-01-30,50000.0
2026-01-30,16000.0
2026-01-30,80000.0
2026-01-30,5700.0
2026-01-30,10000.0
2026-01-30,18000.0
2026-01-30,8000.0
2026-01-30,20000.0
2026-01-30,14250.0
2026-01-30,41800.0
2026-01-30,20000.0
2026-01-30,48000.0
2026-01-30,15000.0
2026-01-30,41800.0
2026-01-30,8000.0
2026-01-30,23000.0
2026-01-30,12000.0
2026-01-30,14250.0
2026-01-30,12000.0
2026-01-30,8000.0
2026-01-30,19000.0
2026-01-30,8000.0
2026-01-30,12000.0
2026-01-30,10000.0
2026-01-30,15000.0
2026-01-30,15000.0
2026-01-30,22000.0
2026-01-30,12000.0
2026-01-30,22000.0
2026-01-30,12000.0
2026-01-30,50000.0
2026-01-30,54000.0
2026-01-30,22000.0
2026-01-30,18000.0
2026-01-30,6000.0
2026-01-30,20000.0
2026-01-30,5000.0
2026-01-30,14250.0
2026-01-30,14250.0
2026-01-30,23750.0
2026-01-30,6000.0
2026-01-30,75000.0
2026-01-30,24000.0
2026-01-30,8000.0
2026-01-30,81000.0
2026-01-30,44000.0
2026-01-30,16000.0
2026-01-30,22000.0
2026-01-30,12000.0
2026-01-30,5000.0
2026-01-30,15000.0
2026-01-30,23000.0
2026-01-30,12000.0
2026-01-30,23000.0
2026-01-30,25000.0
2026-01-30,28500.0
2026-01-30,6000.0
2026-01-30,25000.0
2026-01-30,40000.0
2026-01-30,16000.0
2026-01-30,5700.0
2026-01-30,19000.0
2026-01-30,66000.0
2026-01-30,6000.0
2026-01-30,27000.0
2026-01-30,23750.0
2026-01-30,10000.0
2026-01-30,40000.0
2026-01-30,6000.0
2026-01-30,12000.0
2026-01-30,21850.0
2026-01-30,14250.0
2026-01-30,15000.0
2026-01-30,20000.0
2026-01-30,20000.0
2026-01-30,8000.0
2026-01-30,22000.0
2026-01-30,108000.0
2026-01-30,20000.0
2026-01-30,40000.0
2026-01-30,12000.0
2026-01-30,15000.0
2026-01-30,24000.0
2026-01-30,15000.0
2026-01-30,6000.0
2026-01-30,12000.0
2026-01-30,25000.0
2026-01-30,25000.0
2026-01-30,88000.0
2026-01-30,40000.0
2026-01-30,27000.0
2026-01-30,30000.0
2026-01-30,44000.0
2026-01-30,50000.0
2026-01-30,30000.0
2026-01-30,44000.0
2026-01-30,9500.0
2026-01-30,20000.0
2026-01-30,15000.0
2026-01-30,23000.0
2026-01-30,22000.0
2026-01-30,24000.0
2026-01-30,22000.0
2026-01-30,12000.0
2026-01-30,27000.0
2026-01-30,6000.0
2026-01-30,16000.0
2026-01-30,22000.0
2026-01-30,20000.0
2026-01-30,19000.0
2026-01-30,44000.0
2026-01-30,24000.0
2026-01-30,5000.0
2026-01-30,12000.0
2026-01-30,22800.0
2026-01-30,25000.0
2026-01-30,6000.0
2026-01-30,8000.0
2026-01-30,44000.0
2026-01-30,75000.0
2026-01-30,20000.0
2026-01-30,6000.0
2026-01-30,25000.0
2026-01-30,12000.0
2026-01-30,10000.0
2026-01-30,27000.0
2026-01-30,20000.0
2026-01-30,15000.0
2026-01-30,50000.0
2026-01-30,44000.0
2026-01-30,20000.0
2026-01-30,6000.0
2026-01-30,75000.0
2026-01-30,6000.0
2026-01-30,46000.0
2026-01-30,12000.0
2026-01-30,12000.0
2026-01-30,22800.0
2026-01-30,27000.0
2026-01-30,19000.0
2026-01-30,22000.0
2026-01-30,22000.0
2026-01-30,46000.0
2026-01-30,6000.0
2026-01-30,44000.0
2026-01-30,65550.0
2026-01-30,27000.0
2026-01-30,12000.0
2026-01-30,24000.0
2026-01-30,45600.0
2026-01-30,15000.0
2026-01-30,12000.0
2026-01-30,8000.0
2026-01-30,6000.0
2026-01-30,23000.0
2026-01-30,16000.0
2026-01-30,6000.0
2026-01-30,6000.0
2026-01-30,10000.0
2026-01-30,76950.0
2026-01-30,12000.0
2026-01-30,8000.0
2026-01-30,8000.0
2026-01-30,100000.0
2026-01-30,12000.0
2026-01-30,12000.0
2026-01-30,24000.0
2026-01-30,22800.0
2026-01-30,6000.0
2026-01-30,44000.0
2026-01-30,25000.0
2026-01-30,44000.0
2026-01-30,12000.0
2026-01-30,24000.0
2026-01-30,6000.0
2026-01-30,24000.0
2026-01-30,66000.0
2026-01-30,23000.0
2026-01-30,5000.0
2026-01-30,40000.0
2026-01-30,18000.0
2026-01-31,12000.0
2026-01-31,24000.0
2026-01-31,10000.0
2026-01-31,54000.0
2026-01-31,72000.0
2026-01-31,66000.0
2026-01-31,24000.0
2026-01-31,100000.0
2026-01-31,12000.0
2026-01-31,8000.0
2026-01-31,8000.0
2026-01-31,5000.0
2026-01-31,5700.0
2026-01-31,22800.0
2026-01-31,24000.0
2026-01-31,20000.0
2026-01-31,50000.0
2026-01-31,23000.0
2026-01-31,27000.0
2026-01-31,23000.0
2026-01-31,11400.0
2026-01-31,22000.0
2026-01-31,16000.0
2026-01-31,28500.0
2026-01-31,25000.0
2026-01-31,20000.0
2026-01-31,15000.0
2026-01-31,10000.0
2026-01-31,12000.0
2026-01-31,15000.0
2026-01-31,11400.0
2026-01-31,15000.0
2026-01-31,15000.0
2026-01-31,14250.0
2026-01-31,5700.0
2026-01-31,24000.0
2026-01-31,22000.0
2026-01-31,22000.0
2026-01-31,5000.0
2026-01-31,12000.0
2026-01-31,47500.0
2026-01-31,24000.0
2026-01-31,12000.0
2026-01-31,16000.0
2026-01-31,40000.0
2026-01-31,6000.0
2026-01-31,6000.0
2026-01-31,40000.0
2026-01-31,40000.0
2026-01-31,22000.0
2026-01-31,24000.0
2026-01-31,9500.0
2026-01-31,12000.0
2026-01-31,22000.0
2026-01-31,12000.0
2026-01-31,5000.0
2026-01-31,12000.0
2026-01-31,16000.0
2026-01-31,6000.0
2026-01-31,15000.0
2026-01-31,15000.0
2026-01-31,23000.0
2026-01-31,10000.0
2026-01-31,6000.0
2026-01-31,30000.0
2026-01-31,45600.0
2026-01-31,81000.0
2026-01-31,22000.0
2026-01-31,15000.0
2026-01-31,23000.0
2026-01-31,25650.0
2026-01-31,22000.0
2026-01-31,6000.0
2026-01-31,30000.0
2026-01-31,20000.0
2026-01-31,102600.0
2026-01-31,8000.0
2026-01-31,54000.0
2026-01-31,38000.0
2026-01-31,12000.0
2026-01-31,18000.0
2026-01-31,23000.0
2026-01-31,23000.0
2026-01-31,16000.0
2026-01-31,81000.0
2026-01-31,45000.0
2026-01-31,75000.0
2026-01-31,8000.0
2026-01-31,5000.0
2026-01-31,6000.0
2026-01-31,60000.0
2026-01-31,6000.0
2026-01-31,44000.0
2026-01-31,10000.0
2026-01-31,12000.0
2026-01-31,20000.0
2026-01-31,24000.0
2026-01-31,10000.0
2026-01-31,25000.0
2026-01-31,15000.0
2026-01-31,6000.0
2026-01-31,43700.0
2026-01-31,44000.0
2026-01-31,25000.0
2026-01-31,8000.0
2026-01-31,6000.0
2026-01-31,15000.0
2026-01-31,10000.0
2026-01-31,30000.0
2026-01-31,12000.0
2026-01-31,30000.0
2026-01-31,15000.0
2026-01-31,44000.0
2026-01-31,12000.0
2026-01-31,24000.0
2026-01-31,66000.0
2026-01-31,60000.0
2026-01-31,8000.0
2026-01-31,10000.0
2026-01-31,46000.0
2026-01-31,24000.0
2026-01-31,44000.0
2026-01-31,38000.0
2026-01-31,8000.0
2026-01-31,27000.0
2026-01-31,22000.0
2026-01-31,23000.0
2026-01-31,19000.0
2026-01-31,30000.0
2026-01-31,9500.0
2026-01-31,25000.0
2026-01-31,40000.0
2026-01-31,25000.0
2026-01-31,20900.0
2026-01-31,75000.0
2026-01-31,22800.0
2026-01-31,6000.0
2026-01-31,46000.0
2026-01-31,20000.0
2026-01-31,6000.0
2026-01-31,10000.0
2026-01-31,15000.0
2026-01-31,25000.0
2026-01-31,45000.0
2026-01-31,23000.0
2026-01-31,22000.0
2026-01-31,46000.0
2026-01-31,8000.0
2026-01-31,20000.0
2026-01-31,12000.0
2026-01-31,48000.0
2026-01-31,15000.0
2026-01-31,25000.0
2026-01-31,40000.0
2026-01-31,30000.0
2026-01-31,5000.0
2026-01-31,24000.0
2026-01-31,50000.0
2026-01-31,5000.0
2026-01-31,24000.0
2026-01-31,8000.0
2026-01-31,50000.0
2026-01-31,11400.0
2026-01-31,12000.0
2026-01-31,48000.0
2026-01-31,6000.0
2026-01-31,23000.0
2026-01-31,14250.0
2026-01-31,32000.0
2026-01-31,15000.0
2026-01-31,5000.0
2026-01-31,30000.0
2026-01-31,5000.0
2026-01-31,5000.0
2026-01-31,12000.0
2026-01-31,8000.0
2026-01-31,45000.0
2026-01-31,27000.0
2026-01-31,15000.0
2026-01-31,50000.0
2026-01-31,27000.0
2026-01-31,25000.0
2026-01-31,27000.0
2026-01-31,15000.0
2026-01-31,8000.0
2026-01-31,20000.0
2026-01-31,46000.0
2026-01-31,6000.0
2026-01-31,20000.0
2026-01-31,24000.0
2026-01-31,75000.0
2026-01-31,12000.0
2026-01-31,12000.0
2026-01-31,6000.0
2026-01-31,12000.0
2026-01-31,22800.0
2026-01-31,20000.0
2026-01-31,27000.0
2026-01-31,22000.0
2026-01-31,15000.0
2026-01-31,6000.0
2026-01-31,6000.0
2026-01-31,27000.0
2026-01-31,25650.0
2026-01-31,24000.0
2026-01-31,66000.0
2026-01-31,12000.0
2026-01-31,25000.0
2026-01-31,22000.0
2026-01-31,20000.0
2026-01-31,11400.0
2026-01-31,6000.0
2026-01-31,100000.0
2026-01-31,18000.0
2026-01-31,27000.0
2026-01-31,48000.0
2026-01-31,22000.0
2026-01-31,10000.0
2026-01-31,16000.0
2026-01-31,12000.0
2026-01-31,12000.0
2026-01-31,12000.0
2026-01-31,24000.0
2026-01-31,72000.0
2026-01-31,24000.0
2026-01-31,66000.0
2026-01-31,108000.0
2026-01-31,8000.0
2026-01-31,50000.0
2026-01-31,15000.0
2026-01-31,20000.0
2026-01-31,6000.0
2026-01-31,45600.0
2026-01-31,24000.0
2026-01-31,60000.0
2026-01-31,25000.0
2026-01-31,72000.0
2026-01-31,22000.0
2026-01-31,23750.0
2026-01-31,44000.0
2026-01-31,20000.0
2026-01-31,25000.0
2026-01-31,12000.0
2026-01-31,12000.0
2026-01-31,24000.0
2026-01-31,5000.0
2026-01-31,20000.0
2026-01-31,11400.0
2026-01-31,54000.0
2026-01-31,50000.0
2026-01-31,22000.0
2026-01-31,22000.0
2026-01-31,20000.0
2026-01-31,10000.0
2026-01-31,40000.0
2026-01-31,10000.0
2026-01-31,5000.0
2026-01-31,45000.0
2026-01-31,6000.0
2026-01-31,24000.0
2026-01-31,24000.0
2026-01-31,19000.0
2026-02-01,16000.0
2026-02-01,50000.0
2026-02-01,22000.0
2026-02-01,6000.0
2026-02-01,48000.0
2026-02-01,25000.0
2026-02-01,12000.0
2026-02-01,6000.0
2026-02-01,15000.0
2026-02-01,24000.0
2026-02-01,8000.0
2026-02-01,22800.0
2026-02-01,15000.0
2026-02-01,25000.0
2026-02-01,12000.0
2026-02-01,23000.0
2026-02-01,16000.0
2026-02-01,6000.0
2026-02-01,40000.0
2026-02-01,20000.0
2026-02-01,30000.0
2026-02-01,18000.0
2026-02-01,50000.0
2026-02-01,6000.0
2026-02-01,6000.0
2026-02-01,10000.0
2026-02-01,25000.0
2026-02-01,11400.0
2026-02-01,80000.0
2026-02-01,40000.0
2026-02-01,32000.0
2026-02-01,65550.0
2026-02-01,20900.0
2026-02-01,24000.0
2026-02-01,15000.0
2026-02-01,6000.0
2026-02-01,50000.0
2026-02-01,27000.0
2026-02-01,25000.0
2026-02-01,48000.0
2026-02-01,24000.0
2026-02-01,24000.0
2026-02-01,10000.0
2026-02-01,10000.0
2026-02-01,75000.0
2026-02-01,28500.0
2026-02-01,27000.0
2026-02-01,5700.0
2026-02-01,16000.0
2026-02-01,51300.0
2026-02-01,24000.0
2026-02-01,23000.0
2026-02-01,12000.0
2026-02-01,8000.0
2026-02-01,27000.0
2026-02-01,19000.0
2026-02-01,27000.0
2026-02-01,23000.0
2026-02-01,24000.0
2026-02-01,40000.0
2026-02-01,23000.0
2026-02-01,60000.0
2026-02-01,24000.0
2026-02-01,25000.0
2026-02-01,5700.0
2026-02-01,22000.0
2026-02-01,81000.0
2026-02-01,12000.0
2026-02-01,50000.0
2026-02-01,75000.0
2026-02-01,23000.0
2026-02-01,24000.0
2026-02-01,12000.0
2026-02-01,12000.0
2026-02-01,23000.0
2026-02-01,22000.0
2026-02-01,50000.0
2026-02-01,12000.0
2026-02-01,81000.0
2026-02-01,24000.0
2026-02-01,6000.0
2026-02-01,23000.0
2026-02-01,22000.0
2026-02-01,12000.0
2026-02-01,40000.0
2026-02-01,15000.0
2026-02-01,20000.0
2026-02-01,12000.0
2026-02-01,22000.0
2026-02-01,23000.0
2026-02-01,6000.0
2026-02-01,5000.0
2026-02-01,22000.0
2026-02-01,24000.0
2026-02-01,22000.0
2026-02-01,24000.0
2026-02-01,24000.0
2026-02-01,24000.0
2026-02-01,15000.0
2026-02-01,50000.0
2026-02-01,5700.0
2026-02-01,15000.0
2026-02-01,25000.0
2026-02-01,12000.0
2026-02-01,18000.0
2026-02-01,15000.0
2026-02-01,96000.0
2026-02-01,27000.0
2026-02-01,4750.0
2026-02-01,12000.0
2026-02-01,6000.0
2026-02-01,91200.0
2026-02-01,6000.0
2026-02-01,27000.0
2026-02-01,25000.0
2026-02-01,25000.0
2026-02-01,15000.0
2026-02-01,36000.0
2026-02-01,88000.0
2026-02-01,6000.0
2026-02-01,8000.0
2026-02-01,16000.0
2026-02-01,6000.0
2026-02-01,22000.0
2026-02-01,12000.0
2026-02-01,23000.0
2026-02-01,27000.0
2026-02-01,5000.0
2026-02-01,6000.0
2026-02-01,22800.0
2026-02-01,6000.0
2026-02-01,12000.0
2026-02-01,22000.0
2026-02-01,12000.0
2026-02-01,57000.0
2026-02-01,15000.0
2026-02-01,15000.0
2026-02-01,10000.0
2026-02-01,48000.0
2026-02-01,8000.0
2026-02-01,16000.0
2026-02-01,20000.0
2026-02-01,5000.0
2026-02-01,24000.0
2026-02-01,23000.0
2026-02-01,25000.0
2026-02-01,50000.0
2026-02-01,48000.0
2026-02-01,5000.0
2026-02-01,6000.0
2026-02-01,22800.0
2026-02-01,40000.0
2026-02-01,54000.0
2026-02-01,20000.0
2026-02-01,24000.0
2026-02-01,46000.0
2026-02-01,24000.0
2026-02-01,24000.0
2026-02-01,50000.0
2026-02-01,12000.0
2026-02-01,12000.0
2026-02-01,92000.0
2026-02-01,24000.0
2026-02-01,45000.0
2026-02-01,25000.0
2026-02-01,22000.0
2026-02-01,20900.0
2026-02-01,23000.0
2026-02-01,40000.0
2026-02-01,27000.0
2026-02-01,14250.0
2026-02-01,44000.0
2026-02-01,30000.0
2026-02-01,45000.0
2026-02-01,57000.0
2026-02-01,27000.0
2026-02-01,23000.0
2026-02-01,54000.0
2026-02-01,8000.0
2026-02-01,46000.0
2026-02-01,48000.0
2026-02-01,80000.0
2026-02-01,92000.0
2026-02-01,22000.0
2026-02-01,30000.0
2026-02-01,17100.0
2026-02-01,46000.0
2026-02-01,15000.0
2026-02-01,88000.0
2026-02-01,6000.0
2026-02-01,25000.0
2026-02-01,11400.0
2026-02-01,18000.0
2026-02-01,44000.0
2026-02-01,5700.0
2026-02-01,24000.0
2026-02-01,10000.0
2026-02-01,15000.0
2026-02-01,25650.0
2026-02-01,10000.0
2026-02-01,45000.0
2026-02-01,10000.0
2026-02-01,12000.0
2026-02-01,10000.0
2026-02-01,10000.0
2026-02-01,8000.0
2026-02-01,12000.0
2026-02-01,8000.0
2026-02-01,15000.0
2026-02-01,24000.0
2026-02-01,54000.0
2026-02-01,25000.0
2026-02-01,54000.0
2026-02-01,46000.0
2026-02-01,30000.0
2026-02-01,8000.0
2026-02-01,27000.0
2026-02-01,23750.0
2026-02-01,23000.0
2026-02-01,46000.0
2026-02-01,34200.0
2026-02-01,24000.0
2026-02-01,66000.0
2026-02-01,6000.0
2026-02-01,25000.0
2026-02-01,22000.0
2026-02-01,5000.0
2026-02-01,15000.0
2026-02-01,24000.0
2026-02-01,25000.0
2026-02-01,24000.0
2026-02-01,40000.0
2026-02-01,30000.0
2026-02-01,25000.0
2026-02-01,24000.0
2026-02-01,81000.0
2026-02-01,20000.0
2026-02-02,80000.0
2026-02-02,6000.0
2026-02-02,12000.0
2026-02-02,20000.0
2026-02-02,27000.0
2026-02-02,54000.0
2026-02-02,45000.0
2026-02-02,15000.0
2026-02-02,27000.0
2026-02-02,15000.0
2026-02-02,16000.0
2026-02-02,15000.0
2026-02-02,15000.0
2026-02-02,46000.0
2026-02-02,10000.0
2026-02-02,44000.0
2026-02-02,46000.0
2026-02-02,12000.0
2026-02-02,44000.0
2026-02-02,5700.0
2026-02-02,10000.0
2026-02-02,12000.0
2026-02-02,12000.0
2026-02-02,22000.0
2026-02-02,24000.0
2026-02-02,10000.0
2026-02-02,46000.0
2026-02-02,92000.0
2026-02-02,8000.0
2026-02-02,15000.0
2026-02-02,19000.0
2026-02-02,48000.0
2026-02-02,22000.0
2026-02-02,20000.0
2026-02-02,27000.0
2026-02-02,8000.0
2026-02-02,12000.0
2026-02-02,10000.0
2026-02-02,8000.0
2026-02-02,5700.0
2026-02-02,50000.0
2026-02-02,16000.0
2026-02-02,18000.0
2026-02-02,54000.0
2026-02-02,10000.0
2026-02-02,20000.0
2026-02-02,88000.0
2026-02-02,50000.0
2026-02-02,60000.0
2026-02-02,22000.0
2026-02-02,8000.0
2026-02-02,5000.0
2026-02-02,20900.0
2026-02-02,6000.0
2026-02-02,69000.0
2026-02-02,81000.0
2026-02-02,6000.0
2026-02-02,5000.0
2026-02-02,22000.0
2026-02-02,15000.0
2026-02-02,12000.0
2026-02-02,27000.0
2026-02-02,32000.0
2026-02-02,30000.0
2026-02-02,15000.0
2026-02-02,8000.0
2026-02-02,25000.0
2026-02-02,24000.0
2026-02-02,12000.0
2026-02-02,23000.0
2026-02-02,66000.0
2026-02-02,47500.0
2026-02-02,24000.0
2026-02-02,27000.0
2026-02-02,6000.0
2026-02-02,12000.0
2026-02-02,60000.0
2026-02-02,60000.0
2026-02-02,30000.0
2026-02-02,23000.0
2026-02-02,15000.0
2026-02-02,8000.0
2026-02-02,5700.0
2026-02-02,11400.0
2026-02-02,50000.0
2026-02-02,10000.0
2026-02-02,10000.0
2026-02-02,12000.0
2026-02-02,12000.0
2026-02-02,22000.0
2026-02-02,20000.0
2026-02-02,12000.0
2026-02-02,20000.0
2026-02-02,24000.0
2026-02-02,23000.0
2026-02-02,28500.0
2026-02-02,25000.0
2026-02-02,12000.0
2026-02-02,24000.0
2026-02-02,12000.0
2026-02-02,16000.0
2026-02-02,11400.0
2026-02-02,50000.0
2026-02-02,25000.0
2026-02-02,25000.0
2026-02-02,6000.0
2026-02-02,16000.0
2026-02-02,25000.0
2026-02-02,44000.0
2026-02-02,81000.0
2026-02-02,15000.0
2026-02-02,69000.0
2026-02-02,10000.0
2026-02-02,51300.0
2026-02-02,12000.0
2026-02-02,50000.0
2026-02-02,22000.0
2026-02-02,19000.0
2026-02-02,6000.0
2026-02-02,44000.0
2026-02-02,10000.0
2026-02-02,36000.0
2026-02-02,23000.0
2026-02-02,22000.0
2026-02-02,66000.0
2026-02-02,10000.0
2026-02-02,10000.0
2026-02-02,46000.0
2026-02-02,66000.0
2026-02-02,5000.0
2026-02-02,12000.0
2026-02-02,10000.0
2026-02-02,25650.0
2026-02-02,60000.0
2026-02-02,27000.0
2026-02-02,23000.0
2026-02-02,20000.0
2026-02-02,6000.0
2026-02-02,15000.0
2026-02-02,22000.0
2026-02-02,22800.0
2026-02-02,8000.0
2026-02-02,25000.0
2026-02-02,20000.0
2026-02-02,12000.0
2026-02-02,24000.0
2026-02-02,6000.0
2026-02-02,28500.0
2026-02-02,24000.0
2026-02-02,14250.0
2026-02-02,25000.0
2026-02-02,24000.0
2026-02-02,22800.0
2026-02-02,6000.0
2026-02-02,24000.0
2026-02-02,28500.0
2026-02-02,20000.0
2026-02-02,30000.0
2026-02-02,22800.0
2026-02-02,47500.0
2026-02-02,6000.0
2026-02-02,27000.0
2026-02-02,48000.0
2026-02-02,20000.0
2026-02-02,22800.0
2026-02-02,44000.0
2026-02-02,12000.0
2026-02-02,44000.0
2026-02-02,30000.0
2026-02-02,24000.0
2026-02-02,24000.0
2026-02-02,22000.0
2026-02-02,8000.0
2026-02-02,46000.0
2026-02-02,41800.0
2026-02-02,25000.0
2026-02-02,8000.0
2026-02-02,22800.0
2026-02-02,54000.0
2026-02-02,48000.0
2026-02-02,28500.0
2026-02-02,96000.0
2026-02-02,6000.0
2026-02-02,18000.0
2026-02-02,22000.0
2026-02-02,24000.0
2026-02-02,5000.0
2026-02-02,24000.0
2026-02-02,21850.0
2026-02-02,6000.0
2026-02-02,8000.0
2026-02-02,5000.0
2026-02-02,24000.0
2026-02-02,22000.0
2026-02-02,45000.0
2026-02-02,10000.0
2026-02-02,46000.0
2026-02-02,60000.0
2026-02-02,12000.0
2026-02-02,46000.0
2026-02-02,16000.0
2026-02-02,6000.0
2026-02-02,16000.0
2026-02-02,20000.0
2026-02-02,23000.0
2026-02-02,36000.0
2026-02-02,27000.0
2026-02-03,9500.0
2026-02-03,15000.0
2026-02-03,24000.0
2026-02-03,20000.0
2026-02-03,25000.0
2026-02-03,6000.0
2026-02-03,20000.0
2026-02-03,12000.0
2026-02-03,22000.0
2026-02-03,20000.0
2026-02-03,12000.0
2026-02-03,12000.0
2026-02-03,5700.0
2026-02-03,24000.0
2026-02-03,6000.0
2026-02-03,48000.0
2026-02-03,23000.0
2026-02-03,24000.0
2026-02-03,24000.0
2026-02-03,100000.0
2026-02-03,8000.0
2026-02-03,6000.0
2026-02-03,60000.0
2026-02-03,14250.0
2026-02-03,36000.0
2026-02-03,6000.0
2026-02-03,24000.0
2026-02-03,12000.0
2026-02-03,24000.0
2026-02-03,23000.0
2026-02-03,10000.0
2026-02-03,6000.0
2026-02-03,22000.0
2026-02-03,24000.0
2026-02-03,12000.0
2026-02-03,36000.0
2026-02-03,10000.0
2026-02-03,12000.0
2026-02-03,12000.0
2026-02-03,23000.0
2026-02-03,22000.0
2026-02-03,25000.0
2026-02-03,20000.0
2026-02-03,81000.0
2026-02-03,44000.0
2026-02-03,6000.0
2026-02-03,5700.0
2026-02-03,27000.0
2026-02-03,15000.0
2026-02-03,12000.0
2026-02-03,28500.0
2026-02-03,8000.0
2026-02-03,12000.0
2026-02-03,45000.0
2026-02-03,24000.0
2026-02-03,30000.0
2026-02-03,44000.0
2026-02-03,8000.0
2026-02-03,22800.0
2026-02-03,15000.0
2026-02-03,15000.0
2026-02-03,44000.0
2026-02-03,60000.0
2026-02-03,22000.0
2026-02-03,6000.0
2026-02-03,22000.0
2026-02-03,12000.0
2026-02-03,45600.0
2026-02-03,15000.0
2026-02-03,36000.0
2026-02-03,25000.0
2026-02-03,28500.0
2026-02-03,30000.0
2026-02-03,15000.0
2026-02-03,18000.0
2026-02-03,24000.0
2026-02-03,24000.0
2026-02-03,40000.0
2026-02-03,6000.0
2026-02-03,81000.0
2026-02-03,11400.0
2026-02-03,20000.0
2026-02-03,23000.0
2026-02-03,23000.0
2026-02-03,5000.0
2026-02-03,25000.0
2026-02-03,12000.0
2026-02-03,23000.0
2026-02-03,8000.0
2026-02-03,20000.0
2026-02-03,81000.0
2026-02-03,27000.0
2026-02-03,18000.0
2026-02-03,66000.0
2026-02-03,6000.0
2026-02-03,24000.0
2026-02-03,22000.0
2026-02-03,14250.0
2026-02-03,60000.0
2026-02-03,6000.0
2026-02-03,5000.0
2026-02-03,10000.0
2026-02-03,5000.0
2026-02-03,10000.0
2026-02-03,10000.0
2026-02-03,22000.0
2026-02-03,10000.0
2026-02-03,20000.0
2026-02-03,12000.0
2026-02-03,12000.0
2026-02-03,5000.0
2026-02-03,15000.0
2026-02-03,24000.0
2026-02-03,15000.0
2026-02-03,100000.0
2026-02-03,27000.0
2026-02-03,10000.0
2026-02-03,44000.0
2026-02-03,16000.0
2026-02-03,43700.0
2026-02-03,71250.0
2026-02-03,48000.0
2026-02-03,12000.0
2026-02-03,30000.0
2026-02-03,24000.0
2026-02-03,6000.0
2026-02-03,23000.0
2026-02-03,10000.0
2026-02-03,47500.0
2026-02-03,38000.0
2026-02-03,50000.0
2026-02-03,69000.0
2026-02-03,8000.0
2026-02-03,8000.0
2026-02-03,6000.0
2026-02-03,15000.0
2026-02-03,15000.0
2026-02-03,12000.0
2026-02-03,20000.0
2026-02-03,10000.0
2026-02-03,34200.0
2026-02-03,5000.0
2026-02-03,8000.0
2026-02-03,10000.0
2026-02-03,10000.0
2026-02-03,23000.0
2026-02-03,24000.0
2026-02-03,24000.0
2026-02-03,25000.0
2026-02-03,8000.0
2026-02-03,80000.0
2026-02-03,44000.0
2026-02-03,24000.0
2026-02-03,25000.0
2026-02-03,22800.0
2026-02-03,10000.0
2026-02-03,6000.0
2026-02-03,46000.0
2026-02-03,12000.0
2026-02-03,40000.0
2026-02-03,44000.0
2026-02-03,48000.0
2026-02-03,12000.0
2026-02-03,88000.0
2026-02-03,12000.0
2026-02-03,20000.0
2026-02-03,69000.0
2026-02-03,40000.0
2026-02-03,10000.0
2026-02-03,23000.0
2026-02-03,8000.0
2026-02-03,15000.0
2026-02-03,20000.0
2026-02-03,20000.0
2026-02-03,10000.0
2026-02-03,24000.0
2026-02-03,12000.0
2026-02-03,36000.0
2026-02-03,23000.0
2026-02-03,22000.0
2026-02-03,66000.0
2026-02-03,23000.0
2026-02-03,12000.0
2026-02-03,25000.0
2026-02-03,15000.0
2026-02-03,20000.0
2026-02-03,18000.0
2026-02-03,22000.0
2026-02-03,8000.0
2026-02-03,15000.0
2026-02-03,24000.0
2026-02-03,50000.0
2026-02-03,6000.0
2026-02-03,20000.0
2026-02-03,80000.0
2026-02-04,15000.0
2026-02-04,50000.0
2026-02-04,12000.0
2026-02-04,19000.0
2026-02-04,12000.0
2026-02-04,25000.0
2026-02-04,45000.0
2026-02-04,6000.0
2026-02-04,18000.0
2026-02-04,17100.0
2026-02-04,45000.0
2026-02-04,66000.0
2026-02-04,20000.0
2026-02-04,22000.0
2026-02-04,6000.0
2026-02-04,25000.0
2026-02-04,12000.0
2026-02-04,11400.0
2026-02-04,15000.0
2026-02-04,24000.0
2026-02-04,4750.0
2026-02-04,12000.0
2026-02-04,5700.0
2026-02-04,15000.0
2026-02-04,15000.0
2026-02-04,6000.0
2026-02-04,27000.0
2026-02-04,24000.0
2026-02-04,47500.0
2026-02-04,36000.0
2026-02-04,8000.0
2026-02-04,10000.0
2026-02-04,66000.0
2026-02-04,25000.0
2026-02-04,45000.0
2026-02-04,25000.0
2026-02-04,6000.0
2026-02-04,15000.0
2026-02-04,48000.0
2026-02-04,12000.0
2026-02-04,22000.0
2026-02-04,24000.0
2026-02-04,25000.0
2026-02-04,20000.0
2026-02-04,15000.0
2026-02-04,40000.0
2026-02-04,6000.0
2026-02-04,22000.0
2026-02-04,15000.0
2026-02-04,43700.0
2026-02-04,25650.0
2026-02-04,22000.0
2026-02-04,25000.0
2026-02-04,18000.0
2026-02-04,22000.0
2026-02-04,18000.0
2026-02-04,5000.0
2026-02-04,15000.0
2026-02-04,40000.0
2026-02-04,30000.0
2026-02-04,15000.0
2026-02-04,44000.0
2026-02-04,12000.0
2026-02-04,66000.0
2026-02-04,20000.0
2026-02-04,50000.0
2026-02-04,48000.0
2026-02-04,50000.0
2026-02-04,8000.0
2026-02-04,20900.0
2026-02-04,7600.0
2026-02-04,10000.0
2026-02-04,6000.0
2026-02-04,14250.0
2026-02-04,15000.0
2026-02-04,50000.0
2026-02-04,24000.0
2026-02-04,46000.0
2026-02-04,50000.0
2026-02-04,15200.0
2026-02-04,54000.0
2026-02-04,46000.0
2026-02-04,12000.0
2026-02-04,24000.0
2026-02-04,23750.0
2026-02-04,12000.0
2026-02-04,25000.0
2026-02-04,12000.0
2026-02-04,20000.0
2026-02-04,30000.0
2026-02-04,12000.0
2026-02-04,48000.0
2026-02-04,7600.0
2026-02-04,62700.0
2026-02-04,46000.0
2026-02-04,23750.0
2026-02-04,48000.0
2026-02-04,54000.0
2026-02-04,24000.0
2026-02-04,24000.0
2026-02-04,20900.0
2026-02-04,20000.0
2026-02-04,27000.0
2026-02-04,54000.0
2026-02-04,30000.0
2026-02-04,24000.0
2026-02-04,46000.0
2026-02-04,27000.0
2026-02-04,15000.0
2026-02-04,12000.0
2026-02-04,22000.0
2026-02-04,69000.0
2026-02-04,8000.0
2026-02-04,12000.0
2026-02-04,7600.0
2026-02-04,54000.0
2026-02-04,50000.0
2026-02-04,24000.0
2026-02-04,18000.0
2026-02-04,24000.0
2026-02-04,5000.0
2026-02-04,15000.0
2026-02-04,12000.0
2026-02-04,27000.0
2026-02-04,6000.0
2026-02-04,46000.0
2026-02-04,44000.0
2026-02-04,25000.0
2026-02-04,23000.0
2026-02-04,30000.0
2026-02-04,8000.0
2026-02-04,27000.0
2026-02-04,23000.0
2026-02-04,45600.0
2026-02-04,81000.0
2026-02-04,22000.0
2026-02-04,5000.0
2026-02-04,10000.0
2026-02-04,88000.0
2026-02-04,6000.0
2026-02-04,24000.0
2026-02-04,45000.0
2026-02-04,44000.0
2026-02-04,10000.0
2026-02-04,11400.0
2026-02-04,8000.0
2026-02-04,12000.0
2026-02-04,5700.0
2026-02-04,5000.0
2026-02-04,16000.0
2026-02-04,5700.0
2026-02-04,24000.0
2026-02-04,12000.0
2026-02-04,18000.0
2026-02-04,50000.0
2026-02-04,17100.0
2026-02-04,21850.0
2026-02-04,66000.0
2026-02-04,25000.0
2026-02-04,23000.0
2026-02-04,5700.0
2026-02-04,40000.0
2026-02-04,48000.0
2026-02-04,20000.0
2026-02-04,60000.0
2026-02-04,30000.0
2026-02-04,27000.0
2026-02-04,6000.0
2026-02-04,30000.0
2026-02-04,41800.0
2026-02-04,5000.0
2026-02-04,6000.0
2026-02-04,66000.0
2026-02-04,24000.0
2026-02-04,44000.0
2026-02-04,22800.0
2026-02-04,10000.0
2026-02-04,12000.0
2026-02-04,16000.0
2026-02-04,48000.0
2026-02-04,19000.0
2026-02-04,5000.0
2026-02-04,10000.0
2026-02-04,6000.0
2026-02-04,10000.0
2026-02-04,20000.0
2026-02-04,44000.0
2026-02-04,15000.0
2026-02-04,48000.0
2026-02-04,7600.0
2026-02-04,20000.0
2026-02-04,25000.0
2026-02-04,5000.0
2026-02-04,20000.0
2026-02-04,12000.0
2026-02-04,5700.0
2026-02-04,24000.0
2026-02-04,6000.0
2026-02-04,16000.0
2026-02-04,24000.0
2026-02-04,24000.0
2026-02-04,14250.0
2026-02-04,19000.0
2026-02-04,12000.0
2026-02-04,15000.0
2026-02-04,12000.0
2026-02-04,6000.0
2026-02-04,27000.0
2026-02-04,5000.0
2026-02-04,108000.0
2026-02-04,19000.0
2026-02-04,15000.0
2026-02-04,6000.0
2026-02-04,45000.0
2026-02-04,6000.0
2026-02-04,8000.0
2026-02-04,23000.0
2026-02-04,12000.0
2026-02-04,5000.0
2026-02-04,48000.0
2026-02-04,10000.0
2026-02-04,22000.0
2026-02-05,20900.0
2026-02-05,24000.0
2026-02-05,12000.0
2026-02-05,100000.0
2026-02-05,22000.0
2026-02-05,9500.0
2026-02-05,24000.0
2026-02-05,40000.0
2026-02-05,23000.0
2026-02-05,12000.0
2026-02-05,15000.0
2026-02-05,24000.0
2026-02-05,5700.0
2026-02-05,40000.0
2026-02-05,10000.0
2026-02-05,6000.0
2026-02-05,8000.0
2026-02-05,30000.0
2026-02-05,6000.0
2026-02-05,24000.0
2026-02-05,22000.0
2026-02-05,22000.0
2026-02-05,27000.0
2026-02-05,66000.0
2026-02-05,24000.0
2026-02-05,20000.0
2026-02-05,10000.0
2026-02-05,15000.0
2026-02-05,6000.0
2026-02-05,12000.0
2026-02-05,95000.0
2026-02-05,14250.0
2026-02-05,23000.0
2026-02-05,45600.0
2026-02-05,5000.0
2026-02-05,40000.0
2026-02-05,6000.0
2026-02-05,8000.0
2026-02-05,44000.0
2026-02-05,24000.0
2026-02-05,22800.0
2026-02-05,10000.0
2026-02-05,15000.0
2026-02-05,46000.0
2026-02-05,12000.0
2026-02-05,81000.0
2026-02-05,6000.0
2026-02-05,15000.0
2026-02-05,15000.0
2026-02-05,25000.0
2026-02-05,80000.0
2026-02-05,54000.0
2026-02-05,48000.0
2026-02-05,20000.0
2026-02-05,30000.0
2026-02-05,23000.0
2026-02-05,6000.0
2026-02-05,60000.0
2026-02-05,75000.0
2026-02-05,40000.0
2026-02-05,10000.0
2026-02-05,45000.0
2026-02-05,96000.0
2026-02-05,71250.0
2026-02-05,46000.0
2026-02-05,69000.0
2026-02-05,108000.0
2026-02-05,23000.0
2026-02-05,54000.0
2026-02-05,10000.0
2026-02-05,27000.0
2026-02-05,8000.0
2026-02-05,14250.0
2026-02-05,10000.0
2026-02-05,8000.0
2026-02-05,36000.0
2026-02-05,54000.0
2026-02-05,5700.0
2026-02-05,50000.0
2026-02-05,18000.0
2026-02-05,22000.0
2026-02-05,30000.0
2026-02-05,69000.0
2026-02-05,23000.0
2026-02-05,5000.0
2026-02-05,15000.0
2026-02-05,75000.0
2026-02-05,16000.0
2026-02-05,30000.0
2026-02-05,15000.0
2026-02-05,8000.0
2026-02-05,23000.0
2026-02-05,25000.0
2026-02-05,8000.0
2026-02-05,22000.0
2026-02-05,48000.0
2026-02-05,8000.0
2026-02-05,6000.0
2026-02-05,24000.0
2026-02-05,48000.0
2026-02-05,46000.0
2026-02-05,88000.0
2026-02-05,8000.0
2026-02-05,54000.0
2026-02-05,15000.0
2026-02-05,23000.0
2026-02-05,69000.0
2026-02-05,25000.0
2026-02-05,75000.0
2026-02-05,46000.0
2026-02-05,24000.0
2026-02-05,8000.0
2026-02-05,25000.0
2026-02-05,15000.0
2026-02-05,16000.0
2026-02-05,48000.0
2026-02-05,27000.0
2026-02-05,50000.0
2026-02-05,15000.0
2026-02-05,50000.0
2026-02-05,12000.0
2026-02-05,18000.0
2026-02-05,5700.0
2026-02-05,47500.0
2026-02-05,24000.0
2026-02-05,22000.0
2026-02-05,27000.0
2026-02-05,4750.0
2026-02-05,6000.0
2026-02-05,81000.0
2026-02-05,22000.0
2026-02-05,15000.0
2026-02-05,46000.0
2026-02-05,8000.0
2026-02-05,25000.0
2026-02-05,6000.0
2026-02-05,6000.0
2026-02-05,40000.0
2026-02-05,16000.0
2026-02-05,8000.0
2026-02-05,5000.0
2026-02-05,5700.0
2026-02-05,16000.0
2026-02-05,48000.0
2026-02-05,6000.0
2026-02-05,30000.0
2026-02-05,60000.0
2026-02-05,8000.0
2026-02-05,25000.0
2026-02-05,40000.0
2026-02-05,50000.0
2026-02-05,15000.0
2026-02-05,22000.0
2026-02-05,7600.0
2026-02-05,12000.0
2026-02-05,6000.0
2026-02-05,69000.0
2026-02-05,10000.0
2026-02-05,23000.0
2026-02-05,6000.0
2026-02-05,24000.0
2026-02-05,22000.0
2026-02-05,8000.0
2026-02-05,15000.0
2026-02-05,20900.0
2026-02-05,5000.0
2026-02-05,81000.0
2026-02-05,15000.0
2026-02-05,38000.0
2026-02-05,6000.0
2026-02-05,6000.0
2026-02-05,44000.0
2026-02-05,54000.0
2026-02-05,50000.0
2026-02-05,12000.0
2026-02-05,10000.0
2026-02-05,19000.0
2026-02-05,12000.0
2026-02-05,25000.0
2026-02-05,21850.0
2026-02-05,80000.0
2026-02-05,12000.0
2026-02-05,69000.0
2026-02-06,24000.0
2026-02-06,12000.0
2026-02-06,12000.0
2026-02-06,24000.0
2026-02-06,40000.0
2026-02-06,10000.0
2026-02-06,8000.0
2026-02-06,20000.0
2026-02-06,44000.0
2026-02-06,12000.0
2026-02-06,22000.0
2026-02-06,27000.0
2026-02-06,6000.0
2026-02-06,20000.0
2026-02-06,12000.0
2026-02-06,15000.0
2026-02-06,25000.0
2026-02-06,69000.0
2026-02-06,25000.0
2026-02-06,12000.0
2026-02-06,5000.0
2026-02-06,24000.0
2026-02-06,22800.0
2026-02-06,23000.0
2026-02-06,19000.0
2026-02-06,28500.0
2026-02-06,27000.0
2026-02-06,8000.0
2026-02-06,20000.0
2026-02-06,5000.0
2026-02-06,8000.0
2026-02-06,6000.0
2026-02-06,69000.0
2026-02-06,30000.0
2026-02-06,44000.0
2026-02-06,23000.0
2026-02-06,8000.0
2026-02-06,10000.0
2026-02-06,69000.0
2026-02-06,22000.0
2026-02-06,20000.0
2026-02-06,8000.0
2026-02-06,8000.0
2026-02-06,27000.0
2026-02-06,6000.0
2026-02-06,15000.0
2026-02-06,15000.0
2026-02-06,46000.0
2026-02-06,6000.0
2026-02-06,48000.0
2026-02-06,32000.0
2026-02-06,48000.0
2026-02-06,20000.0
2026-02-06,48000.0
2026-02-06,23000.0
2026-02-06,25000.0
2026-02-06,6000.0
2026-02-06,12000.0
2026-02-06,24000.0
2026-02-06,20000.0
2026-02-06,15000.0
2026-02-06,12000.0
2026-02-06,48000.0
2026-02-06,22000.0
2026-02-06,22000.0
2026-02-06,5700.0
2026-02-06,27000.0
2026-02-06,25000.0
2026-02-06,23750.0
2026-02-06,36000.0
2026-02-06,88000.0
2026-02-06,15000.0
2026-02-06,34200.0
2026-02-06,22000.0
2026-02-06,11400.0
2026-02-06,5000.0
2026-02-06,20000.0
2026-02-06,46000.0
2026-02-06,5000.0
2026-02-06,30000.0
2026-02-06,54000.0
2026-02-06,40000.0
2026-02-06,25000.0
2026-02-06,10000.0
2026-02-06,50000.0
2026-02-06,44000.0
2026-02-06,21850.0
2026-02-06,50000.0
2026-02-06,6000.0
2026-02-06,28500.0
2026-02-06,25000.0
2026-02-06,24000.0
2026-02-06,15000.0
2026-02-06,30000.0
2026-02-06,8000.0
2026-02-06,24000.0
2026-02-06,27000.0
2026-02-06,16000.0
2026-02-06,36000.0
2026-02-06,12000.0
2026-02-06,6000.0
2026-02-06,16000.0
2026-02-06,10000.0
2026-02-06,45000.0
2026-02-06,48000.0
2026-02-06,66000.0
2026-02-06,66000.0
2026-02-06,20000.0
2026-02-06,75000.0
2026-02-06,47500.0
2026-02-06,15000.0
2026-02-06,88000.0
2026-02-06,10000.0
2026-02-06,80000.0
2026-02-06,27000.0
2026-02-06,44000.0
2026-02-06,8000.0
2026-02-06,44000.0
2026-02-06,12000.0
2026-02-06,16000.0
2026-02-06,15000.0
2026-02-06,10000.0
2026-02-06,20000.0
2026-02-06,8000.0
2026-02-06,8000.0
2026-02-06,50000.0
2026-02-06,6000.0
2026-02-06,15000.0
2026-02-06,10000.0
2026-02-06,54000.0
2026-02-06,24000.0
2026-02-06,20000.0
2026-02-06,23000.0
2026-02-06,48000.0
2026-02-06,10000.0
2026-02-06,6000.0
2026-02-06,22800.0
2026-02-06,12000.0
2026-02-06,44000.0
2026-02-06,80000.0
2026-02-06,11400.0
2026-02-06,15000.0
2026-02-06,36000.0
2026-02-06,8000.0
2026-02-06,20000.0
2026-02-06,22800.0
2026-02-06,12000.0
2026-02-06,22000.0
2026-02-06,27000.0
2026-02-06,92000.0
2026-02-06,22000.0
2026-02-06,30000.0
2026-02-06,23000.0
2026-02-06,20000.0
2026-02-06,24000.0
2026-02-06,15000.0
2026-02-06,20000.0
2026-02-06,24000.0
2026-02-06,24000.0
2026-02-06,15000.0
2026-02-06,20000.0
2026-02-06,25000.0
2026-02-06,6000.0
2026-02-06,6000.0
2026-02-06,28500.0
2026-02-06,25000.0
2026-02-06,92000.0
2026-02-06,45000.0
2026-02-06,23750.0
2026-02-06,6000.0
2026-02-06,60000.0
2026-02-06,10000.0
2026-02-06,12000.0
2026-02-06,15000.0
2026-02-06,22000.0
2026-02-06,25000.0
2026-02-06,69000.0
2026-02-06,24000.0
2026-02-06,54000.0
2026-02-06,22000.0
2026-02-06,12000.0
2026-02-06,10000.0
2026-02-06,10000.0
2026-02-06,15000.0
2026-02-06,50000.0
2026-02-06,22000.0
2026-02-06,24000.0
2026-02-06,22000.0
2026-02-06,12000.0
2026-02-06,10000.0
2026-02-06,23000.0
2026-02-06,24000.0
2026-02-06,10000.0
2026-02-06,44000.0
2026-02-06,15000.0
2026-02-06,20000.0
2026-02-06,12000.0
2026-02-06,20000.0
2026-02-06,6000.0
2026-02-06,75000.0
2026-02-06,44000.0
2026-02-06,6000.0
2026-02-06,15000.0
2026-02-06,22000.0
2026-02-06,23000.0
2026-02-06,60000.0
2026-02-06,12000.0
2026-02-06,36000.0
2026-02-06,20000.0
2026-02-06,8000.0
2026-02-06,24000.0
2026-02-06,8000.0
2026-02-06,100000.0
2026-02-06,50000.0
2026-02-06,10000.0
2026-02-06,60000.0
2026-02-06,44000.0
2026-02-06,6000.0
2026-02-06,8000.0
2026-02-06,25650.0
2026-02-06,24000.0
2026-02-06,6000.0
2026-02-06,19000.0
2026-02-06,8000.0
2026-02-06,48000.0
2026-02-06,15000.0
2026-02-06,24000.0
2026-02-06,6000.0
2026-02-06,25000.0
2026-02-06,25000.0
2026-02-06,22000.0
2026-02-06,10000.0
2026-02-06,6000.0
2026-02-06,44000.0
2026-02-07,38000.0
2026-02-07,15000.0
2026-02-07,5000.0
2026-02-07,20000.0
2026-02-07,40000.0
2026-02-07,24000.0
2026-02-07,23750.0
2026-02-07,10000.0
2026-02-07,12000.0
2026-02-07,60000.0
2026-02-07,6000.0
2026-02-07,5000.0
2026-02-07,8000.0
2026-02-07,24000.0
2026-02-07,22000.0
2026-02-07,12000.0
2026-02-07,96000.0
2026-02-07,48000.0
2026-02-07,24000.0
2026-02-07,8000.0
2026-02-07,100000.0
2026-02-07,54000.0
2026-02-07,6000.0
2026-02-07,12000.0
2026-02-07,30000.0
2026-02-07,23000.0
2026-02-07,66000.0
2026-02-07,25000.0
2026-02-07,12000.0
2026-02-07,15000.0
2026-02-07,24000.0
2026-02-07,23750.0
2026-02-07,27000.0
2026-02-07,25000.0
2026-02-07,27000.0
2026-02-07,5700.0
2026-02-07,51300.0
2026-02-07,6000.0
2026-02-07,12000.0
2026-02-07,6000.0
2026-02-07,15000.0
2026-02-07,24000.0
2026-02-07,9500.0
2026-02-07,22000.0
2026-02-07,15000.0
2026-02-07,22000.0
2026-02-07,8000.0
2026-02-07,25000.0
2026-02-07,6000.0
2026-02-07,27000.0
2026-02-07,15000.0
2026-02-07,23000.0
2026-02-07,72000.0
2026-02-07,24000.0
2026-02-07,12000.0
2026-02-07,44000.0
2026-02-07,25000.0
2026-02-07,22000.0
2026-02-07,16000.0
2026-02-07,9500.0
2026-02-07,27000.0
2026-02-07,24000.0
2026-02-07,20000.0
2026-02-07,10000.0
2026-02-07,15000.0
2026-02-07,23000.0
2026-02-07,81000.0
2026-02-07,5000.0
2026-02-07,6000.0
2026-02-07,50000.0
2026-02-07,24000.0
2026-02-07,15000.0
2026-02-07,12000.0
2026-02-07,22000.0
2026-02-07,24000.0
2026-02-07,15200.0
2026-02-07,25000.0
2026-02-07,24000.0
2026-02-07,20000.0
2026-02-07,43700.0
2026-02-07,23000.0
2026-02-07,27000.0
2026-02-07,25000.0
2026-02-07,4750.0
2026-02-07,5000.0
2026-02-07,18000.0
2026-02-07,25000.0
2026-02-07,46000.0
2026-02-07,20000.0
2026-02-07,24000.0
2026-02-07,8000.0
2026-02-07,20000.0
2026-02-07,22000.0
2026-02-07,40000.0
2026-02-07,14250.0
2026-02-07,27000.0
2026-02-07,41800.0
2026-02-07,10000.0
2026-02-07,22000.0
2026-02-07,20000.0
2026-02-07,27000.0
2026-02-07,6000.0
2026-02-07,47500.0
2026-02-07,12000.0
2026-02-07,12000.0
2026-02-07,91200.0
2026-02-07,30000.0
2026-02-07,30000.0
2026-02-07,24000.0
2026-02-07,5000.0
2026-02-07,30000.0
2026-02-07,50000.0
2026-02-07,48000.0
2026-02-07,44000.0
2026-02-07,30000.0
2026-02-07,6000.0
2026-02-07,10000.0
2026-02-07,30000.0
2026-02-07,22000.0
2026-02-07,24000.0
2026-02-07,50000.0
2026-02-07,92000.0
2026-02-07,24000.0
2026-02-07,8000.0
2026-02-07,25000.0
2026-02-07,45600.0
2026-02-07,15000.0
2026-02-07,40000.0
2026-02-07,8000.0
2026-02-07,20000.0
2026-02-07,46000.0
2026-02-07,54000.0
2026-02-07,15000.0
2026-02-07,46000.0
2026-02-07,24000.0
2026-02-07,10000.0
2026-02-07,16000.0
2026-02-07,50000.0
2026-02-07,46000.0
2026-02-07,24000.0
2026-02-07,15000.0
2026-02-07,44000.0
2026-02-07,22800.0
2026-02-07,24000.0
2026-02-07,24000.0
2026-02-07,20000.0
2026-02-07,25000.0
2026-02-07,6000.0
2026-02-07,8000.0
2026-02-07,12000.0
2026-02-07,15000.0
2026-02-07,8000.0
2026-02-07,88000.0
2026-02-07,20000.0
2026-02-07,12000.0
2026-02-07,23750.0
2026-02-07,10000.0
2026-02-07,24000.0
2026-02-07,45600.0
2026-02-07,22800.0
2026-02-07,6000.0
2026-02-07,41800.0
2026-02-07,27000.0
2026-02-07,48000.0
2026-02-07,22000.0
2026-02-07,20000.0
2026-02-07,24000.0
2026-02-07,25000.0
2026-02-07,6000.0
2026-02-07,12000.0
2026-02-07,6000.0
2026-02-07,24000.0
2026-02-07,12000.0
2026-02-07,22800.0
2026-02-07,15000.0
2026-02-07,15000.0
2026-02-07,45600.0
2026-02-07,12000.0
2026-02-07,6000.0
2026-02-07,10000.0
2026-02-07,96000.0
2026-02-07,12000.0
2026-02-07,10000.0
2026-02-07,75000.0
2026-02-07,12000.0
2026-02-07,5000.0
2026-02-07,6000.0
2026-02-07,25000.0
2026-02-07,10000.0
2026-02-07,6000.0
2026-02-07,19000.0
2026-02-07,8000.0
2026-02-07,12000.0
2026-02-07,6000.0
2026-02-07,54000.0
2026-02-07,22000.0
2026-02-07,5700.0
2026-02-07,12000.0
2026-02-07,40000.0
2026-02-07,23000.0
2026-02-07,30000.0
2026-02-07,50000.0
2026-02-07,20000.0
2026-02-07,15000.0
2026-02-07,48000.0
2026-02-07,22000.0
2026-02-07,15000.0
2026-02-07,27000.0
2026-02-07,12000.0
2026-02-07,30000.0
2026-02-07,5000.0
2026-02-07,6000.0
2026-02-07,24000.0
2026-02-07,10000.0
2026-02-07,66000.0
2026-02-07,16000.0
2026-02-07,6000.0
2026-02-07,5000.0
2026-02-07,8000.0
2026-02-07,6000.0
2026-02-07,16000.0
2026-02-07,30000.0
2026-02-07,20000.0
2026-02-07,25000.0
2026-02-07,48000.0
2026-02-07,10000.0
2026-02-07,20000.0
2026-02-07,19000.0
2026-02-07,44000.0
2026-02-07,12000.0
2026-02-07,20000.0
2026-02-07,20000.0
2026-02-07,10000.0
2026-02-07,48000.0
2026-02-07,27000.0
2026-02-07,48000.0
2026-02-07,9500.0
2026-02-07,15000.0
2026-02-07,5000.0
2026-02-07,25000.0
2026-02-07,12000.0
2026-02-07,15000.0
2026-02-07,40000.0
2026-02-07,5000.0
2026-02-07,14250.0
2026-02-07,32000.0
2026-02-07,30000.0
2026-02-07,25000.0
2026-02-07,15000.0
2026-02-07,6000.0
2026-02-07,23000.0
2026-02-07,10000.0
2026-02-07,30000.0
2026-02-07,12000.0
2026-02-07,54000.0
2026-02-07,44000.0
2026-02-07,27000.0
2026-02-07,22800.0
2026-02-07,15000.0
2026-02-07,22000.0
2026-02-07,22000.0
2026-02-07,80000.0
2026-02-07,25000.0
2026-02-07,14250.0
2026-02-07,11400.0
2026-02-07,45000.0
2026-02-07,24000.0
2026-02-07,5000.0
2026-02-07,81000.0
2026-02-07,12000.0
2026-02-07,20000.0
2026-02-07,22000.0
2026-02-07,8000.0
2026-02-07,27000.0
2026-02-07,108000.0
2026-02-07,5000.0
2026-02-07,54000.0
2026-02-07,12000.0
2026-02-07,15000.0
2026-02-07,24000.0
2026-02-07,28500.0
2026-02-07,6000.0
2026-02-07,48000.0
2026-02-07,6000.0
2026-02-07,30000.0
2026-02-07,6000.0
2026-02-07,20000.0
2026-02-07,22000.0
2026-02-07,10000.0
2026-02-07,10000.0
2026-02-07,6000.0
2026-02-07,30000.0
2026-02-08,15000.0
2026-02-08,8000.0
2026-02-08,6000.0
2026-02-08,11400.0
2026-02-08,76950.0
2026-02-08,25000.0
2026-02-08,25000.0
2026-02-08,14250.0
2026-02-08,20000.0
2026-02-08,15000.0
2026-02-08,16000.0
2026-02-08,10000.0
2026-02-08,22800.0
2026-02-08,15000.0
2026-02-08,5000.0
2026-02-08,45000.0
2026-02-08,12000.0
2026-02-08,25000.0
2026-02-08,96000.0
2026-02-08,24000.0
2026-02-08,5000.0
2026-02-08,12000.0
2026-02-08,27000.0
2026-02-08,9500.0
2026-02-08,88000.0
2026-02-08,16000.0
2026-02-08,27000.0
2026-02-08,27000.0
2026-02-08,12000.0
2026-02-08,50000.0
2026-02-08,8000.0
2026-02-08,23750.0
2026-02-08,20000.0
2026-02-08,8000.0
2026-02-08,5000.0
2026-02-08,6000.0
2026-02-08,24000.0
2026-02-08,40000.0
2026-02-08,15000.0
2026-02-08,6000.0
2026-02-08,45000.0
2026-02-08,5000.0
2026-02-08,30000.0
2026-02-08,30000.0
2026-02-08,12000.0
2026-02-08,22000.0
2026-02-08,8000.0
2026-02-08,36000.0
2026-02-08,96000.0
2026-02-08,80000.0
2026-02-08,14250.0
2026-02-08,12000.0
2026-02-08,5000.0
2026-02-08,48000.0
2026-02-08,20000.0
2026-02-08,14250.0
2026-02-08,25000.0
2026-02-08,12000.0
2026-02-08,22000.0
2026-02-08,92000.0
2026-02-08,15000.0
2026-02-08,30000.0
2026-02-08,15200.0
2026-02-08,8000.0
2026-02-08,6000.0
2026-02-08,8000.0
2026-02-08,46000.0
2026-02-08,10000.0
2026-02-08,8000.0
2026-02-08,23750.0
2026-02-08,12000.0
2026-02-08,6000.0
2026-02-08,12000.0
2026-02-08,45600.0
2026-02-08,6000.0
2026-02-08,5000.0
2026-02-08,25000.0
2026-02-08,24000.0
2026-02-08,69000.0
2026-02-08,10000.0
2026-02-08,5000.0
2026-02-08,8000.0
2026-02-08,75000.0
2026-02-08,36000.0
2026-02-08,60000.0
2026-02-08,44000.0
2026-02-08,22000.0
2026-02-08,20000.0
2026-02-08,44000.0
2026-02-08,25000.0
2026-02-08,8000.0
2026-02-08,10000.0
2026-02-08,27000.0
2026-02-08,43700.0
2026-02-08,22000.0
2026-02-08,30000.0
2026-02-08,27000.0
2026-02-08,24000.0
2026-02-08,8000.0
2026-02-08,48000.0
2026-02-08,24000.0
2026-02-08,27000.0
2026-02-08,10000.0
2026-02-08,5000.0
2026-02-08,80000.0
2026-02-08,25000.0
2026-02-08,20000.0
2026-02-08,48000.0
2026-02-08,5700.0
2026-02-08,22000.0
2026-02-08,42750.0
2026-02-08,6000.0
2026-02-08,24000.0
2026-02-08,23750.0
2026-02-08,15000.0
2026-02-08,6000.0
2026-02-08,30000.0
2026-02-08,20000.0
2026-02-08,48000.0
2026-02-08,15000.0
2026-02-08,5000.0
2026-02-08,6000.0
2026-02-08,20000.0
2026-02-08,20000.0
2026-02-08,12000.0
2026-02-08,40000.0
2026-02-08,12000.0
2026-02-08,24000.0
2026-02-08,24000.0
2026-02-08,5000.0
2026-02-08,24000.0
2026-02-08,15000.0
2026-02-08,22000.0
2026-02-08,16000.0
2026-02-08,6000.0
2026-02-08,15000.0
2026-02-08,24000.0
2026-02-08,8000.0
2026-02-08,25000.0
2026-02-08,108000.0
2026-02-08,23000.0
2026-02-08,15000.0
2026-02-08,12000.0
2026-02-08,22000.0
2026-02-08,8000.0
2026-02-08,48000.0
2026-02-08,44000.0
2026-02-08,40000.0
2026-02-08,22000.0
2026-02-08,12000.0
2026-02-08,24000.0
2026-02-08,10000.0
2026-02-08,5000.0
2026-02-08,12000.0
2026-02-08,15000.0
2026-02-08,48000.0
2026-02-08,40000.0
2026-02-08,50000.0
2026-02-08,36000.0
2026-02-08,8000.0
2026-02-08,15000.0
2026-02-08,15000.0
2026-02-08,20000.0
2026-02-08,8000.0
2026-02-08,50000.0
2026-02-08,60000.0
2026-02-08,10000.0
2026-02-08,7600.0
2026-02-08,22000.0
2026-02-08,16000.0
2026-02-08,24000.0
2026-02-08,47500.0
2026-02-08,12000.0
2026-02-08,45600.0
2026-02-08,27000.0
2026-02-08,5000.0
2026-02-08,40000.0
2026-02-08,5000.0
2026-02-08,69000.0
2026-02-08,24000.0
2026-02-08,27000.0
2026-02-08,12000.0
2026-02-08,22800.0
2026-02-08,6000.0
2026-02-08,22000.0
2026-02-08,32000.0
2026-02-08,38000.0
2026-02-08,50000.0
2026-02-08,15000.0
2026-02-08,66000.0
2026-02-08,20000.0
2026-02-08,60000.0
2026-02-08,28500.0
2026-02-08,6000.0
2026-02-08,72000.0
2026-02-08,20000.0
2026-02-08,22000.0
2026-02-08,15000.0
2026-02-08,27000.0
2026-02-08,5000.0
2026-02-08,6000.0
2026-02-08,10000.0
2026-02-08,8000.0
2026-02-08,8000.0
2026-02-08,10000.0
2026-02-08,30000.0
2026-02-08,12000.0
2026-02-08,25000.0
2026-02-08,8000.0
2026-02-08,23000.0
2026-02-08,25000.0
2026-02-08,16000.0
2026-02-08,20000.0
2026-02-08,12000.0
2026-02-08,32000.0
2026-02-08,23000.0
2026-02-08,25000.0
2026-02-08,36000.0
2026-02-08,27000.0
2026-02-08,5000.0
2026-02-08,15000.0
2026-02-08,20000.0
2026-02-08,10000.0
2026-02-08,15000.0
2026-02-08,40000.0
2026-02-08,22000.0
2026-02-08,12000.0
2026-02-08,54000.0
2026-02-08,9500.0
2026-02-08,9500.0
2026-02-08,15000.0
2026-02-08,75000.0
2026-02-08,24000.0
2026-02-08,20000.0
2026-02-08,69000.0
2026-02-08,15000.0
2026-02-08,46000.0
2026-02-08,12000.0
2026-02-08,22000.0
2026-02-08,12000.0
2026-02-08,50000.0
2026-02-08,12000.0
2026-02-08,23000.0
2026-02-08,6000.0
2026-02-08,48000.0
2026-02-08,27000.0
2026-02-08,5700.0
2026-02-08,28500.0
2026-02-08,66000.0
2026-02-08,16000.0
2026-02-08,23000.0
2026-02-08,30000.0
2026-02-08,36000.0
2026-02-08,6000.0
2026-02-08,12000.0
2026-02-08,45000.0
2026-02-08,10000.0
2026-02-08,57000.0
2026-02-08,40000.0
2026-02-08,8000.0
2026-02-08,54000.0
2026-02-08,48000.0
2026-02-08,5700.0
2026-02-08,15000.0
2026-02-08,25000.0
2026-02-08,14250.0
2026-02-08,10000.0
2026-02-08,12000.0
2026-02-08,57000.0
2026-02-08,36000.0
2026-02-08,15000.0
2026-02-08,6000.0
2026-02-08,25650.0
2026-02-08,48000.0
2026-02-08,10000.0
2026-02-08,15000.0
2026-02-08,44000.0
2026-02-08,72000.0
2026-02-08,6000.0
2026-02-08,24000.0
2026-02-08,15000.0
2026-02-08,6000.0
2026-02-08,10000.0
2026-02-09,10800.0
2026-02-09,5000.0
2026-02-09,36000.0
2026-02-09,12000.0
2026-02-09,7200.0
2026-02-09,27000.0
2026-02-09,21600.0
2026-02-09,72900.0
2026-02-09,50000.0
2026-02-09,19800.0
2026-02-09,18000.0
2026-02-09,10800.0
2026-02-09,16000.0
2026-02-09,20000.0
2026-02-09,9000.0
2026-02-09,9000.0
2026-02-09,21600.0
2026-02-09,18000.0
2026-02-09,13500.0
2026-02-09,10800.0
2026-02-09,16200.0
2026-02-09,15000.0
2026-02-09,22000.0
2026-02-09,5400.0
2026-02-09,72000.0
2026-02-09,5400.0
2026-02-09,16200.0
2026-02-09,64800.0
2026-02-09,13500.0
2026-02-09,5400.0
2026-02-09,50000.0
2026-02-09,43200.0
2026-02-09,54000.0
2026-02-09,45000.0
2026-02-09,64800.0
2026-02-09,36000.0
2026-02-09,36000.0
2026-02-09,21600.0
2026-02-09,97200.0
2026-02-09,66000.0
2026-02-09,27000.0
2026-02-09,5400.0
2026-02-09,43200.0
2026-02-09,25000.0
2026-02-09,20700.0
2026-02-09,45000.0
2026-02-09,36000.0
2026-02-09,43200.0
2026-02-09,10800.0
2026-02-09,43200.0
2026-02-09,9000.0
2026-02-09,36000.0
2026-02-09,41400.0
2026-02-09,41400.0
2026-02-09,45000.0
2026-02-09,4500.0
2026-02-09,5400.0
2026-02-09,24000.0
2026-02-09,97200.0
2026-02-09,8000.0
2026-02-09,10000.0
2026-02-09,24300.0
2026-02-09,19800.0
2026-02-09,50000.0
2026-02-09,46000.0
2026-02-09,24000.0
2026-02-09,5400.0
2026-02-09,25000.0
2026-02-09,32400.0
2026-02-09,40500.0
2026-02-09,40000.0
2026-02-09,22500.0
2026-02-09,5400.0
2026-02-09,10800.0
2026-02-09,15000.0
2026-02-09,19800.0
2026-02-09,21600.0
2026-02-09,54000.0
2026-02-09,59400.0
2026-02-09,14400.0
2026-02-09,16200.0
2026-02-09,9000.0
2026-02-09,5400.0
2026-02-09,14400.0
2026-02-09,97200.0
2026-02-09,12000.0
2026-02-09,43200.0
2026-02-09,24300.0
2026-02-09,30000.0
2026-02-09,6000.0
2026-02-09,39600.0
2026-02-09,13500.0
2026-02-09,7200.0
2026-02-09,18000.0
2026-02-09,92000.0
2026-02-09,45000.0
2026-02-09,4500.0
2026-02-09,19800.0
2026-02-09,19800.0
2026-02-09,21600.0
2026-02-09,39600.0
2026-02-09,9000.0
2026-02-09,48600.0
2026-02-09,21600.0
2026-02-09,19800.0
2026-02-09,20700.0
2026-02-09,22500.0
2026-02-09,45000.0
2026-02-09,10800.0
2026-02-09,39600.0
2026-02-09,32400.0
2026-02-09,10800.0
2026-02-09,44000.0
2026-02-09,28800.0
2026-02-09,19800.0
2026-02-09,9000.0
2026-02-09,13500.0
2026-02-09,16200.0
2026-02-09,18000.0
2026-02-09,21600.0
2026-02-09,14400.0
2026-02-09,5000.0
2026-02-09,43200.0
2026-02-09,36000.0
2026-02-09,24000.0
2026-02-09,88000.0
2026-02-09,21600.0
2026-02-09,27000.0
2026-02-09,90000.0
2026-02-09,16200.0
2026-02-09,24000.0
2026-02-09,41400.0
2026-02-09,22500.0
2026-02-09,18000.0
2026-02-09,10800.0
2026-02-09,40500.0
2026-02-09,39600.0
2026-02-09,54000.0
2026-02-09,45000.0
2026-02-09,25000.0
2026-02-09,79200.0
2026-02-09,10000.0
2026-02-09,27000.0
2026-02-09,12000.0
2026-02-09,10800.0
2026-02-09,5400.0
2026-02-09,69000.0
2026-02-09,13500.0
2026-02-09,21600.0
2026-02-09,15000.0
2026-02-09,27000.0
2026-02-09,5000.0
2026-02-09,22500.0
2026-02-09,12000.0
2026-02-09,10000.0
2026-02-09,21600.0
2026-02-09,10800.0
2026-02-09,48600.0
2026-02-09,21600.0
2026-02-09,16200.0
2026-02-09,45000.0
2026-02-09,36000.0
2026-02-09,45000.0
2026-02-09,6000.0
2026-02-09,72000.0
2026-02-09,5400.0
2026-02-09,96000.0
2026-02-09,20700.0
2026-02-09,6000.0
2026-02-09,24300.0
2026-02-09,18000.0
2026-02-09,24300.0
2026-02-09,10800.0
2026-02-09,19800.0
2026-02-09,54000.0
2026-02-09,54000.0
2026-02-09,5400.0
2026-02-09,32400.0
2026-02-09,36000.0
2026-02-09,10800.0
2026-02-09,13500.0
2026-02-09,50000.0
2026-02-09,16200.0
2026-02-09,67500.0
2026-02-09,15000.0
2026-02-09,8000.0
2026-02-09,62100.0
2026-02-09,40000.0
2026-02-09,20000.0
2026-02-09,48000.0
2026-02-09,22500.0
2026-02-09,19800.0
2026-02-09,24000.0
2026-02-09,13500.0
2026-02-09,20000.0
2026-02-09,41400.0
2026-02-09,10000.0
2026-02-09,54000.0
2026-02-09,7200.0
2026-02-09,21600.0
2026-02-09,54000.0
2026-02-09,50000.0
2026-02-09,12000.0
2026-02-09,8000.0
2026-02-09,21600.0
2026-02-09,21600.0
2026-02-09,18000.0
2026-02-09,5400.0
2026-02-09,18000.0
2026-02-09,18000.0
2026-02-09,39600.0
2026-02-09,22500.0
2026-02-09,21600.0
2026-02-09,9000.0
2026-02-09,10800.0
2026-02-09,13500.0
2026-02-09,5400.0
2026-02-09,4500.0
2026-02-09,15000.0
2026-02-09,21600.0
2026-02-09,15000.0
2026-02-09,8000.0
2026-02-09,27000.0
2026-02-09,79200.0
2026-02-09,40000.0
2026-02-09,90000.0
2026-02-09,15000.0
2026-02-09,7200.0
2026-02-09,41400.0
2026-02-09,15000.0
2026-02-09,48600.0
2026-02-09,64800.0
2026-02-09,21600.0
2026-02-09,24000.0
2026-02-09,19800.0
2026-02-09,21600.0
2026-02-09,13500.0
2026-02-09,64800.0
2026-02-09,45000.0
2026-02-09,67500.0
2026-02-09,10800.0
2026-02-09,39600.0
2026-02-09,20700.0
2026-02-09,27000.0
2026-02-09,18000.0
2026-02-09,5400.0
2026-02-09,24300.0
2026-02-09,64800.0
2026-02-09,25000.0
2026-02-09,18000.0
2026-02-09,81000.0
2026-02-09,79200.0
2026-02-09,6000.0
2026-02-09,41400.0
2026-02-10,82800.0
2026-02-10,24300.0
2026-02-10,30000.0
2026-02-10,54000.0
2026-02-10,5400.0
2026-02-10,18000.0
2026-02-10,9000.0
2026-02-10,7200.0
2026-02-10,10800.0
2026-02-10,27000.0
2026-02-10,27000.0
2026-02-10,40000.0
2026-02-10,4500.0
2026-02-10,79200.0
2026-02-10,41400.0
2026-02-10,12000.0
2026-02-10,43200.0
2026-02-10,6000.0
2026-02-10,18000.0
2026-02-10,40500.0
2026-02-10,43200.0
2026-02-10,10800.0
2026-02-10,90000.0
2026-02-10,20700.0
2026-02-10,20000.0
2026-02-10,12000.0
2026-02-10,27000.0
2026-02-10,14400.0
2026-02-10,20000.0
2026-02-10,72900.0
2026-02-10,36000.0
2026-02-10,54000.0
2026-02-10,6000.0
2026-02-10,19800.0
2026-02-10,45000.0
2026-02-10,41400.0
2026-02-10,43200.0
2026-02-10,40500.0
2026-02-10,5400.0
2026-02-10,4500.0
2026-02-10,28800.0
2026-02-10,5400.0
2026-02-10,40500.0
2026-02-10,21600.0
2026-02-10,7200.0
2026-02-10,10800.0
2026-02-10,13500.0
2026-02-10,45000.0
2026-02-10,9000.0
2026-02-10,18000.0
2026-02-10,28800.0
2026-02-10,59400.0
2026-02-10,67500.0
2026-02-10,39600.0
2026-02-10,12000.0
2026-02-10,27000.0
2026-02-10,36000.0
2026-02-10,19800.0
2026-02-10,19800.0
2026-02-10,62100.0
2026-02-10,43200.0
2026-02-10,12000.0
2026-02-10,72000.0
2026-02-10,6000.0
2026-02-10,10800.0
2026-02-10,20000.0
2026-02-10,50000.0
2026-02-10,5400.0
2026-02-10,10000.0
2026-02-10,18000.0
2026-02-10,22500.0
2026-02-10,10000.0
2026-02-10,23000.0
2026-02-10,7200.0
2026-02-10,4500.0
2026-02-10,16200.0
2026-02-10,6000.0
2026-02-10,20700.0
2026-02-10,13500.0
2026-02-10,27000.0
2026-02-10,5400.0
2026-02-10,4500.0
2026-02-10,5400.0
2026-02-10,96000.0
2026-02-10,21600.0
2026-02-10,23000.0
2026-02-10,6000.0
2026-02-10,22500.0
2026-02-10,21600.0
2026-02-10,19800.0
2026-02-10,6000.0
2026-02-10,27000.0
2026-02-10,44000.0
2026-02-10,23000.0
2026-02-10,45000.0
2026-02-10,22000.0
2026-02-10,66000.0
2026-02-10,10800.0
2026-02-10,23000.0
2026-02-10,21600.0
2026-02-10,9000.0
2026-02-10,45000.0
2026-02-10,24000.0
2026-02-10,24000.0
2026-02-10,19800.0
2026-02-10,43200.0
2026-02-10,21600.0
2026-02-10,20700.0
2026-02-10,45000.0
2026-02-10,40000.0
2026-02-10,5400.0
2026-02-10,79200.0
2026-02-10,18000.0
2026-02-10,27000.0
2026-02-10,20700.0
2026-02-10,13500.0
2026-02-10,43200.0
2026-02-10,40500.0
2026-02-10,20000.0
2026-02-10,16200.0
2026-02-10,15000.0
2026-02-10,22500.0
2026-02-10,5400.0
2026-02-10,16200.0
2026-02-10,27000.0
2026-02-10,19800.0
2026-02-10,45000.0
2026-02-10,54000.0
2026-02-10,27000.0
2026-02-10,59400.0
2026-02-10,24300.0
2026-02-10,27000.0
2026-02-10,22000.0
2026-02-10,30000.0
2026-02-10,5400.0
2026-02-10,5000.0
2026-02-10,13500.0
2026-02-10,13500.0
2026-02-10,10800.0
2026-02-10,16000.0
2026-02-10,41400.0
2026-02-10,21600.0
2026-02-10,12000.0
2026-02-10,12000.0
2026-02-10,81000.0
2026-02-10,40500.0
2026-02-10,41400.0
2026-02-10,22500.0
2026-02-10,43200.0
2026-02-10,19800.0
2026-02-10,16000.0
2026-02-10,22500.0
2026-02-10,10800.0
2026-02-10,39600.0
2026-02-10,10800.0
2026-02-10,10000.0
2026-02-10,28800.0
2026-02-10,40000.0
2026-02-10,5400.0
2026-02-10,4500.0
2026-02-10,5400.0
2026-02-10,13500.0
2026-02-10,72000.0
2026-02-10,50000.0
2026-02-10,18000.0
2026-02-10,5000.0
2026-02-10,39600.0
2026-02-10,24300.0
2026-02-10,96000.0
2026-02-10,12000.0
2026-02-10,36000.0
2026-02-10,45000.0
2026-02-10,21600.0
2026-02-10,12000.0
2026-02-10,18000.0
2026-02-10,5000.0
2026-02-10,6000.0
2026-02-10,44000.0
2026-02-10,18000.0
2026-02-10,21600.0
2026-02-10,18000.0
2026-02-10,19800.0
2026-02-10,64800.0
2026-02-10,48600.0
2026-02-10,7200.0
2026-02-10,22500.0
2026-02-10,45000.0
2026-02-10,18000.0
2026-02-10,18000.0
2026-02-10,19800.0
2026-02-10,48600.0
2026-02-10,10800.0
2026-02-10,28800.0
2026-02-10,54000.0
2026-02-10,19800.0
2026-02-10,48000.0
2026-02-10,25000.0
2026-02-10,72900.0
2026-02-10,19800.0
2026-02-10,20000.0
2026-02-10,24000.0
2026-02-10,41400.0
2026-02-10,79200.0
2026-02-10,25000.0
2026-02-10,19800.0
2026-02-10,5400.0
2026-02-10,48000.0
2026-02-10,5400.0
2026-02-10,24000.0
2026-02-10,6000.0
2026-02-10,10000.0
2026-02-10,24300.0
2026-02-10,4500.0
2026-02-10,14400.0
2026-02-10,10800.0
2026-02-10,18000.0
2026-02-10,9000.0
2026-02-10,19800.0
2026-02-10,25000.0
2026-02-10,24000.0
2026-02-10,90000.0
2026-02-10,72900.0
2026-02-10,19800.0
2026-02-10,14400.0
2026-02-10,21600.0
2026-02-10,5400.0
2026-02-10,20700.0
2026-02-10,21600.0
2026-02-10,30000.0
2026-02-10,48000.0
2026-02-10,54000.0
2026-02-10,5400.0
2026-02-10,4500.0
2026-02-10,18000.0
2026-02-10,10800.0
2026-02-10,40500.0
2026-02-10,22500.0
2026-02-10,24000.0
2026-02-10,40000.0
2026-02-10,10800.0
2026-02-10,24000.0
2026-02-10,45000.0
2026-02-10,13500.0
2026-02-10,10000.0
2026-02-10,97200.0
2026-02-10,5400.0
2026-02-10,9000.0
2026-02-10,54000.0
2026-02-10,20700.0
2026-02-10,22000.0
2026-02-10,6000.0
2026-02-10,22500.0
2026-02-10,62100.0
2026-02-10,80000.0
2026-02-10,15000.0
2026-02-10,4500.0
2026-02-10,20000.0
2026-02-10,5000.0
2026-02-10,27000.0
2026-02-10,10800.0
2026-02-10,60000.0
2026-02-10,24000.0
2026-02-10,20700.0
2026-02-10,8000.0
2026-02-10,18000.0
2026-02-10,16200.0
2026-02-10,39600.0
2026-02-10,24000.0
2026-02-10,10800.0
2026-02-10,41400.0
2026-02-10,54000.0
2026-02-10,48000.0
2026-02-10,27000.0
2026-02-10,21600.0
2026-02-10,44000.0
2026-02-10,54000.0
2026-02-10,10800.0
2026-02-10,24000.0
2026-02-10,60000.0
2026-02-10,21600.0
2026-02-10,43200.0
2026-02-10,24300.0
2026-02-10,4500.0
2026-02-10,50000.0
2026-02-10,14400.0
2026-02-10,18000.0
2026-02-10,21600.0
2026-02-10,22500.0
2026-02-10,39600.0
2026-02-10,45000.0
2026-02-10,7200.0
2026-02-10,20000.0
2026-02-10,10000.0
2026-02-10,36000.0
2026-02-10,19800.0
2026-02-10,32400.0
2026-02-10,5400.0
2026-02-10,8000.0
2026-02-10,45000.0
2026-02-10,5400.0
2026-02-11,7200.0
2026-02-11,97200.0
2026-02-11,30000.0
2026-02-11,22000.0
2026-02-11,72000.0
2026-02-11,23000.0
2026-02-11,44000.0
2026-02-11,43200.0
2026-02-11,18000.0
2026-02-11,36000.0
2026-02-11,41400.0
2026-02-11,5000.0
2026-02-11,27000.0
2026-02-11,10000.0
2026-02-11,12000.0
2026-02-11,46000.0
2026-02-11,22000.0
2026-02-11,36000.0
2026-02-11,27000.0
2026-02-11,12000.0
2026-02-11,88000.0
2026-02-11,21600.0
2026-02-11,9000.0
2026-02-11,20000.0
2026-02-11,43200.0
2026-02-11,21600.0
2026-02-11,21600.0
2026-02-11,64800.0
2026-02-11,21600.0
2026-02-11,24300.0
2026-02-11,23000.0
2026-02-11,4500.0
2026-02-11,27000.0
2026-02-11,9000.0
2026-02-11,67500.0
2026-02-11,20700.0
2026-02-11,45000.0
2026-02-11,4500.0
2026-02-11,97200.0
2026-02-11,28800.0
2026-02-11,12000.0
2026-02-11,8000.0
2026-02-11,44000.0
2026-02-11,19800.0
2026-02-11,21600.0
2026-02-11,18000.0
2026-02-11,13500.0
2026-02-11,39600.0
2026-02-11,22500.0
2026-02-11,12000.0
2026-02-11,30000.0
2026-02-11,50000.0
2026-02-11,6000.0
2026-02-11,36000.0
2026-02-11,18000.0
2026-02-11,20000.0
2026-02-11,16200.0
2026-02-11,22500.0
2026-02-11,10800.0
2026-02-11,21600.0
2026-02-11,43200.0
2026-02-11,90000.0
2026-02-11,5400.0
2026-02-11,7200.0
2026-02-11,50000.0
2026-02-11,27000.0
2026-02-11,48000.0
2026-02-11,25000.0
2026-02-11,45000.0
2026-02-11,5400.0
2026-02-11,13500.0
2026-02-11,15000.0
2026-02-11,22000.0
2026-02-11,20700.0
2026-02-11,6000.0
2026-02-11,24300.0
2026-02-11,30000.0
2026-02-11,9000.0
2026-02-11,36000.0
2026-02-11,6000.0
2026-02-11,22500.0
2026-02-11,36000.0
2026-02-11,18000.0
2026-02-11,10800.0
2026-02-11,6000.0
2026-02-11,21600.0
2026-02-11,13500.0
2026-02-11,40500.0
2026-02-11,27000.0
2026-02-11,18000.0
2026-02-11,64800.0
2026-02-11,15000.0
2026-02-11,43200.0
2026-02-11,6000.0
2026-02-11,45000.0
2026-02-11,12000.0
2026-02-11,12000.0
2026-02-11,6000.0
2026-02-11,24300.0
2026-02-11,10000.0
2026-02-11,22500.0
2026-02-11,24000.0
2026-02-11,24300.0
2026-02-11,40000.0
2026-02-11,18000.0
2026-02-11,75000.0
2026-02-11,24300.0
2026-02-11,40500.0
2026-02-11,44000.0
2026-02-11,18000.0
2026-02-11,24000.0
2026-02-11,10800.0
2026-02-11,50000.0
2026-02-11,27000.0
2026-02-11,9000.0
2026-02-11,22000.0
2026-02-11,13500.0
2026-02-11,13500.0
2026-02-11,6000.0
2026-02-11,18000.0
2026-02-11,21600.0
2026-02-11,43200.0
2026-02-11,39600.0
2026-02-11,48000.0
2026-02-11,44000.0
2026-02-11,24000.0
2026-02-11,30000.0
2026-02-11,75000.0
2026-02-11,22500.0
2026-02-11,10800.0
2026-02-11,22000.0
2026-02-11,39600.0
2026-02-11,8000.0
2026-02-11,12000.0
2026-02-11,45000.0
2026-02-11,18000.0
2026-02-11,40500.0
2026-02-11,8000.0
2026-02-11,88000.0
2026-02-11,24300.0
2026-02-11,21600.0
2026-02-11,18000.0
2026-02-11,10800.0
2026-02-11,21600.0
2026-02-11,6000.0
2026-02-11,19800.0
2026-02-11,10000.0
2026-02-11,46000.0
2026-02-11,60000.0
2026-02-11,14400.0
2026-02-11,39600.0
2026-02-11,22500.0
2026-02-11,16200.0
2026-02-11,4500.0
2026-02-11,67500.0
2026-02-11,48000.0
2026-02-11,5400.0
2026-02-11,9000.0
2026-02-11,13500.0
2026-02-11,7200.0
2026-02-11,5400.0
2026-02-11,43200.0
2026-02-11,4500.0
2026-02-11,4500.0
2026-02-11,21600.0
2026-02-11,40500.0
2026-02-11,19800.0
2026-02-11,40500.0
2026-02-11,36000.0
2026-02-11,27000.0
2026-02-11,18000.0
2026-02-11,39600.0
2026-02-11,9000.0
2026-02-11,48600.0
2026-02-11,59400.0
2026-02-11,24000.0
2026-02-11,6000.0
2026-02-11,15000.0
2026-02-11,39600.0
2026-02-11,22000.0
2026-02-11,96000.0
2026-02-11,24000.0
2026-02-11,21600.0
2026-02-11,22500.0
2026-02-11,43200.0
2026-02-11,19800.0
2026-02-11,62100.0
2026-02-11,20000.0
2026-02-11,13500.0
2026-02-11,39600.0
2026-02-11,43200.0
2026-02-11,21600.0
2026-02-11,45000.0
2026-02-11,4500.0
2026-02-11,59400.0
2026-02-11,43200.0
2026-02-11,15000.0
2026-02-11,9000.0
2026-02-11,48600.0
2026-02-11,16200.0
2026-02-11,59400.0
2026-02-11,45000.0
2026-02-11,59400.0
2026-02-11,72900.0
2026-02-11,24000.0
2026-02-11,82800.0
2026-02-11,48600.0
2026-02-11,6000.0
2026-02-11,22500.0
2026-02-11,43200.0
2026-02-11,32400.0
2026-02-11,24000.0
2026-02-11,27000.0
2026-02-11,27000.0
2026-02-11,67500.0
2026-02-11,9000.0
2026-02-11,20700.0
2026-02-11,18000.0
2026-02-11,90000.0
2026-02-11,19800.0
2026-02-11,27000.0
2026-02-11,45000.0
2026-02-11,6000.0
2026-02-11,24300.0
2026-02-11,54000.0
2026-02-11,24000.0
2026-02-11,96000.0
2026-02-11,36000.0
2026-02-11,22500.0
2026-02-11,44000.0
2026-02-11,20700.0
2026-02-11,36000.0
2026-02-11,44000.0
2026-02-11,8000.0
2026-02-11,4500.0
2026-02-11,21600.0
2026-02-11,30000.0
2026-02-11,9000.0
2026-02-11,22500.0
2026-02-11,86400.0
2026-02-11,13500.0
2026-02-11,59400.0
2026-02-11,18000.0
2026-02-11,92000.0
2026-02-11,18000.0
2026-02-11,43200.0
2026-02-11,40500.0
2026-02-11,9000.0
2026-02-11,18000.0
2026-02-11,7200.0
2026-02-11,81000.0
2026-02-11,7200.0
2026-02-11,24000.0
2026-02-11,16200.0
2026-02-11,20000.0
2026-02-11,9000.0
2026-02-11,8000.0
2026-02-11,27000.0
2026-02-11,9000.0
2026-02-11,22500.0
2026-02-11,8000.0
2026-02-11,20700.0
2026-02-11,10800.0
2026-02-11,21600.0
2026-02-11,21600.0
2026-02-11,21600.0
2026-02-11,39600.0
2026-02-11,10800.0
2026-02-11,20000.0
2026-02-11,32400.0
2026-02-11,13500.0
2026-02-11,59400.0
2026-02-11,21600.0
2026-02-11,21600.0
2026-02-11,24000.0
2026-02-11,10000.0
2026-02-11,36000.0
2026-02-11,18000.0
2026-02-11,40500.0
2026-02-11,19800.0
2026-02-11,21600.0
2026-02-11,28800.0
2026-02-11,9000.0
2026-02-11,22500.0
2026-02-11,5400.0
2026-02-11,66000.0
2026-02-11,92000.0
2026-02-11,4500.0
2026-02-12,30000.0
2026-02-12,13500.0
2026-02-12,32400.0
2026-02-12,43200.0
2026-02-12,7200.0
2026-02-12,36000.0
2026-02-12,64800.0
2026-02-12,4500.0
2026-02-12,13500.0
2026-02-12,32400.0
2026-02-12,19800.0
2026-02-12,48000.0
2026-02-12,9000.0
2026-02-12,18000.0
2026-02-12,30000.0
2026-02-12,15000.0
2026-02-12,5400.0
2026-02-12,54000.0
2026-02-12,48000.0
2026-02-12,79200.0
2026-02-12,4500.0
2026-02-12,13500.0
2026-02-12,27000.0
2026-02-12,21600.0
2026-02-12,16200.0
2026-02-12,16200.0
2026-02-12,20000.0
2026-02-12,40000.0
2026-02-12,19800.0
2026-02-12,10800.0
2026-02-12,40500.0
2026-02-12,36000.0
2026-02-12,20000.0
2026-02-12,66000.0
2026-02-12,39600.0
2026-02-12,32400.0
2026-02-12,60000.0
2026-02-12,21600.0
2026-02-12,22500.0
2026-02-12,75000.0
2026-02-12,79200.0
2026-02-12,10800.0
2026-02-12,27000.0
2026-02-12,19800.0
2026-02-12,22500.0
2026-02-12,82800.0
2026-02-12,20700.0
2026-02-12,24000.0
2026-02-12,23000.0
2026-02-12,30000.0
2026-02-12,7200.0
2026-02-12,44000.0
2026-02-12,39600.0
2026-02-12,22500.0
2026-02-12,72900.0
2026-02-12,25000.0
2026-02-12,5400.0
2026-02-12,32400.0
2026-02-12,27000.0
2026-02-12,10800.0
2026-02-12,20000.0
2026-02-12,32400.0
2026-02-12,21600.0
2026-02-12,21600.0
2026-02-12,25000.0
2026-02-12,7200.0
2026-02-12,24000.0
2026-02-12,36000.0
2026-02-12,32400.0
2026-02-12,18000.0
2026-02-12,7200.0
2026-02-12,21600.0
2026-02-12,54000.0
2026-02-12,21600.0
2026-02-12,36000.0
2026-02-12,4500.0
2026-02-12,5400.0
2026-02-12,24300.0
2026-02-12,22000.0
2026-02-12,7200.0
2026-02-12,59400.0
2026-02-12,14400.0
2026-02-12,40500.0
2026-02-12,67500.0
2026-02-12,32400.0
2026-02-12,12000.0
2026-02-12,30000.0
2026-02-12,4500.0
2026-02-12,36000.0
2026-02-12,16000.0
2026-02-12,75000.0
2026-02-12,18000.0
2026-02-12,6000.0
2026-02-12,62100.0
2026-02-12,5400.0
2026-02-12,10800.0
2026-02-12,40000.0
2026-02-12,15000.0
2026-02-12,10800.0
2026-02-12,21600.0
2026-02-12,7200.0
2026-02-12,5400.0
2026-02-12,24300.0
2026-02-12,10000.0
2026-02-12,20700.0
2026-02-12,72000.0
2026-02-12,45000.0
2026-02-12,4500.0
2026-02-12,12000.0
2026-02-12,18000.0
2026-02-12,10800.0
2026-02-12,59400.0
2026-02-12,92000.0
2026-02-12,27000.0
2026-02-12,6000.0
2026-02-12,32400.0
2026-02-12,86400.0
2026-02-12,21600.0
2026-02-12,43200.0
2026-02-12,20000.0
2026-02-12,39600.0
2026-02-12,90000.0
2026-02-12,36000.0
2026-02-12,20700.0
2026-02-12,5400.0
2026-02-12,48600.0
2026-02-12,50000.0
2026-02-12,72900.0
2026-02-12,24000.0
2026-02-12,10000.0
2026-02-12,15000.0
2026-02-12,75000.0
2026-02-12,16000.0
2026-02-12,54000.0
2026-02-12,43200.0
2026-02-12,43200.0
2026-02-12,7200.0
2026-02-12,7200.0
2026-02-12,10800.0
2026-02-12,82800.0
2026-02-12,18000.0
2026-02-12,6000.0
2026-02-12,24300.0
2026-02-12,36000.0
2026-02-12,22500.0
2026-02-12,21600.0
2026-02-12,9000.0
2026-02-12,59400.0
2026-02-12,15000.0
2026-02-12,30000.0
2026-02-12,10800.0
2026-02-12,20700.0
2026-02-12,24000.0
2026-02-12,36000.0
2026-02-12,16200.0
2026-02-12,32400.0
2026-02-12,20700.0
2026-02-12,6000.0
2026-02-12,25000.0
2026-02-12,46000.0
2026-02-12,24000.0
2026-02-12,12000.0
2026-02-12,39600.0
2026-02-12,4500.0
2026-02-12,67500.0
2026-02-12,24000.0
2026-02-12,36000.0
2026-02-12,9000.0
2026-02-12,59400.0
2026-02-12,9000.0
2026-02-12,13500.0
2026-02-12,10800.0
2026-02-12,39600.0
2026-02-12,16200.0
2026-02-12,21600.0
2026-02-12,45000.0
2026-02-12,36000.0
2026-02-12,25000.0
2026-02-12,25000.0
2026-02-12,13500.0
2026-02-12,24300.0
2026-02-12,9000.0
2026-02-12,22000.0
2026-02-12,10800.0
2026-02-12,7200.0
2026-02-12,10800.0
2026-02-12,40000.0
2026-02-12,22500.0
2026-02-12,43200.0
2026-02-12,39600.0
2026-02-12,6000.0
2026-02-12,9000.0
2026-02-12,19800.0
2026-02-12,18000.0
2026-02-12,48600.0
2026-02-12,45000.0
2026-02-12,54000.0
2026-02-12,32400.0
2026-02-12,8000.0
2026-02-12,10800.0
2026-02-12,21600.0
2026-02-12,12000.0
2026-02-12,21600.0
2026-02-12,5400.0
2026-02-12,21600.0
2026-02-12,48600.0
2026-02-12,82800.0
2026-02-12,19800.0
2026-02-12,62100.0
2026-02-12,10000.0
2026-02-12,27000.0
2026-02-12,22500.0
2026-02-12,43200.0
2026-02-12,10000.0
2026-02-12,10800.0
2026-02-12,16000.0
2026-02-12,21600.0
2026-02-12,18000.0
2026-02-12,12000.0
2026-02-12,23000.0
2026-02-12,20700.0
2026-02-12,40500.0
2026-02-12,45000.0
2026-02-12,21600.0
2026-02-12,9000.0
2026-02-12,22000.0
2026-02-12,39600.0
2026-02-12,43200.0
2026-02-12,13500.0
2026-02-12,54000.0
2026-02-12,96000.0
2026-02-12,25000.0
2026-02-12,45000.0
2026-02-12,21600.0
2026-02-12,10800.0
2026-02-12,22500.0
2026-02-12,22000.0
2026-02-12,41400.0
2026-02-12,14400.0
2026-02-12,39600.0
2026-02-12,30000.0
2026-02-12,10800.0
2026-02-12,20000.0
2026-02-12,88000.0
2026-02-12,13500.0
2026-02-12,46000.0
2026-02-12,54000.0
2026-02-12,39600.0
2026-02-12,10800.0
2026-02-12,50000.0
2026-02-12,36000.0
2026-02-12,5400.0
2026-02-12,39600.0
2026-02-12,18000.0
2026-02-12,9000.0
2026-02-12,5400.0
2026-02-12,4500.0
2026-02-12,10800.0
2026-02-12,45000.0
2026-02-12,96000.0
2026-02-12,10800.0
2026-02-12,20000.0
2026-02-12,9000.0
2026-02-12,40500.0
2026-02-12,81000.0
2026-02-12,59400.0
2026-02-12,24300.0
2026-02-12,16200.0
2026-02-12,97200.0
2026-02-12,79200.0
2026-02-12,18000.0
2026-02-12,16200.0
2026-02-12,10800.0
2026-02-12,21600.0
2026-02-12,10800.0
2026-02-12,59400.0
2026-02-12,10000.0
2026-02-12,10800.0
2026-02-12,15000.0
2026-02-12,43200.0
2026-02-12,21600.0
2026-02-12,21600.0
2026-02-12,22500.0
2026-02-12,7200.0
2026-02-12,96000.0
2026-02-12,9000.0
2026-02-12,4500.0
2026-02-12,62100.0
2026-02-12,22500.0
2026-02-12,10800.0
2026-02-12,18000.0
2026-02-12,62100.0
2026-02-12,5000.0
2026-02-12,97200.0
2026-02-12,66000.0
2026-02-12,24000.0
2026-02-12,36000.0
2026-02-12,72900.0
2026-02-12,4500.0
2026-02-12,18000.0
2026-02-12,25000.0
2026-02-12,62100.0
2026-02-12,13500.0
2026-02-12,36000.0
2026-02-12,4500.0
2026-02-12,43200.0
2026-02-12,12000.0
2026-02-12,45000.0
2026-02-12,19800.0
2026-02-12,5400.0
2026-02-13,44000.0
2026-02-13,24000.0
2026-02-13,20700.0
2026-02-13,15000.0
2026-02-13,21600.0
2026-02-13,10000.0
2026-02-13,14400.0
2026-02-13,7200.0
2026-02-13,13500.0
2026-02-13,24000.0
2026-02-13,18000.0
2026-02-13,27000.0
2026-02-13,86400.0
2026-02-13,18000.0
2026-02-13,48600.0
2026-02-13,18000.0
2026-02-13,88000.0
2026-02-13,9000.0
2026-02-13,36000.0
2026-02-13,7200.0
2026-02-13,5400.0
2026-02-13,64800.0
2026-02-13,66000.0
2026-02-13,88000.0
2026-02-13,72900.0
2026-02-13,12000.0
2026-02-13,7200.0
2026-02-13,21600.0
2026-02-13,9000.0
2026-02-13,39600.0
2026-02-13,5400.0
2026-02-13,13500.0
2026-02-13,22000.0
2026-02-13,21600.0
2026-02-13,72900.0
2026-02-13,22000.0
2026-02-13,4500.0
2026-02-13,10800.0
2026-02-13,41400.0
2026-02-13,20700.0
2026-02-13,5400.0
2026-02-13,62100.0
2026-02-13,7200.0
2026-02-13,5400.0
2026-02-13,90000.0
2026-02-13,45000.0
2026-02-13,39600.0
2026-02-13,9000.0
2026-02-13,13500.0
2026-02-13,8000.0
2026-02-13,48000.0
2026-02-13,45000.0
2026-02-13,16200.0
2026-02-13,22000.0
2026-02-13,21600.0
2026-02-13,27000.0
2026-02-13,10800.0
2026-02-13,22500.0
2026-02-13,39600.0
2026-02-13,40000.0
2026-02-13,48600.0
2026-02-13,18000.0
2026-02-13,40500.0
2026-02-13,72000.0
2026-02-13,14400.0
2026-02-13,10800.0
2026-02-13,27000.0
2026-02-13,16000.0
2026-02-13,15000.0
2026-02-13,46000.0
2026-02-13,72900.0
2026-02-13,22000.0
2026-02-13,9000.0
2026-02-13,59400.0
2026-02-13,8000.0
2026-02-13,10800.0
2026-02-13,5400.0
2026-02-13,19800.0
2026-02-13,43200.0
2026-02-13,13500.0
2026-02-13,19800.0
2026-02-13,27000.0
2026-02-13,36000.0
2026-02-13,21600.0
2026-02-13,21600.0
2026-02-13,20700.0
2026-02-13,39600.0
2026-02-13,20000.0
2026-02-13,24000.0
2026-02-13,19800.0
2026-02-13,21600.0
2026-02-13,75000.0
2026-02-13,43200.0
2026-02-13,20000.0
2026-02-13,32000.0
2026-02-13,40500.0
2026-02-13,18000.0
2026-02-13,13500.0
2026-02-13,16200.0
2026-02-13,25000.0
2026-02-13,72000.0
2026-02-13,6000.0
2026-02-13,5400.0
2026-02-13,4500.0
2026-02-13,30000.0
2026-02-13,18000.0
2026-02-13,27000.0
2026-02-13,12000.0
2026-02-13,41400.0
2026-02-13,4500.0
2026-02-13,9000.0
2026-02-13,5400.0
2026-02-13,92000.0
2026-02-13,39600.0
2026-02-13,5400.0
2026-02-13,4500.0
2026-02-13,100000.0
2026-02-13,48600.0
2026-02-13,21600.0
2026-02-13,39600.0
2026-02-13,18000.0
2026-02-13,21600.0
2026-02-13,10800.0
2026-02-13,24000.0
2026-02-13,10800.0
2026-02-13,10800.0
2026-02-13,7200.0
2026-02-13,21600.0
2026-02-13,22500.0
2026-02-13,10800.0
2026-02-13,18000.0
2026-02-13,10000.0
2026-02-13,20000.0
2026-02-13,72900.0
2026-02-13,48600.0
2026-02-13,60000.0
2026-02-13,72000.0
2026-02-13,12000.0
2026-02-13,22500.0
2026-02-13,18000.0
2026-02-13,10800.0
2026-02-13,90000.0
2026-02-13,7200.0
2026-02-13,22500.0
2026-02-13,21600.0
2026-02-13,13500.0
2026-02-13,54000.0
2026-02-13,39600.0
2026-02-13,4500.0
2026-02-13,24000.0
2026-02-13,9000.0
2026-02-13,43200.0
2026-02-13,22500.0
2026-02-13,32000.0
2026-02-13,10800.0
2026-02-13,13500.0
2026-02-13,13500.0
2026-02-13,18000.0
2026-02-13,5400.0
2026-02-13,14400.0
2026-02-13,36000.0
2026-02-13,18000.0
2026-02-13,19800.0
2026-02-13,41400.0
2026-02-13,21600.0
2026-02-13,18000.0
2026-02-13,20700.0
2026-02-13,41400.0
2026-02-13,5400.0
2026-02-13,13500.0
2026-02-13,16000.0
2026-02-13,40000.0
2026-02-13,40500.0
2026-02-13,30000.0
2026-02-13,21600.0
2026-02-13,10800.0
2026-02-13,59400.0
2026-02-13,27000.0
2026-02-13,12000.0
2026-02-13,13500.0
2026-02-13,22000.0
2026-02-13,4500.0
2026-02-13,27000.0
2026-02-13,21600.0
2026-02-13,10800.0
2026-02-13,16200.0
2026-02-13,41400.0
2026-02-13,72900.0
2026-02-13,75000.0
2026-02-13,45000.0
2026-02-13,5400.0
2026-02-13,21600.0
2026-02-13,27000.0
2026-02-13,67500.0
2026-02-13,79200.0
2026-02-13,9000.0
2026-02-13,10800.0
2026-02-13,62100.0
2026-02-13,60000.0
2026-02-13,90000.0
2026-02-13,40000.0
2026-02-13,36000.0
2026-02-13,28800.0
2026-02-13,40500.0
2026-02-13,15000.0
2026-02-13,50000.0
2026-02-13,5400.0
2026-02-13,39600.0
2026-02-13,40500.0
2026-02-13,14400.0
2026-02-13,27000.0
2026-02-13,27000.0
2026-02-13,7200.0
2026-02-13,5400.0
2026-02-13,10000.0
2026-02-13,64800.0
2026-02-13,9000.0
2026-02-13,48000.0
2026-02-13,43200.0
2026-02-13,18000.0
2026-02-13,46000.0
2026-02-13,27000.0
2026-02-13,19800.0
2026-02-13,45000.0
2026-02-13,6000.0
2026-02-13,9000.0
2026-02-13,82800.0
2026-02-13,7200.0
2026-02-13,18000.0
2026-02-13,44000.0
2026-02-13,43200.0
2026-02-13,20700.0
2026-02-13,24000.0
2026-02-13,19800.0
2026-02-13,30000.0
2026-02-13,45000.0
2026-02-13,21600.0
2026-02-13,27000.0
2026-02-13,7200.0
2026-02-13,86400.0
2026-02-13,20000.0
2026-02-13,19800.0
2026-02-13,6000.0
2026-02-13,18000.0
2026-02-13,24000.0
2026-02-13,22500.0
2026-02-13,22000.0
2026-02-13,12000.0
2026-02-13,30000.0
2026-02-13,39600.0
2026-02-13,18000.0
2026-02-13,44000.0
2026-02-13,86400.0
2026-02-13,10800.0
2026-02-13,43200.0
2026-02-13,60000.0
2026-02-13,108000.0
2026-02-13,108000.0
2026-02-13,4500.0
2026-02-13,19800.0
2026-02-13,30000.0
2026-02-13,39600.0
2026-02-13,90000.0
2026-02-13,66000.0
2026-02-13,6000.0
2026-02-13,18000.0
2026-02-13,20700.0
2026-02-13,24000.0
2026-02-13,27000.0
2026-02-13,72900.0
2026-02-13,22000.0
2026-02-13,46000.0
2026-02-13,60000.0
2026-02-13,7200.0
2026-02-13,22500.0
2026-02-13,21600.0
2026-02-13,45000.0
2026-02-13,27000.0
2026-02-13,20000.0
2026-02-13,43200.0
2026-02-13,7200.0
2026-02-13,9000.0
2026-02-13,45000.0
2026-02-13,6000.0
2026-02-13,45000.0
2026-02-13,10800.0
2026-02-13,13500.0
2026-02-13,54000.0
2026-02-13,69000.0
2026-02-13,24000.0
2026-02-13,12000.0
2026-02-13,92000.0
2026-02-13,5400.0
2026-02-13,18000.0
2026-02-13,20700.0
2026-02-13,13500.0
2026-02-13,36000.0
2026-02-13,4500.0
2026-02-13,22500.0
2026-02-13,13500.0
2026-02-13,12000.0
2026-02-13,5400.0
2026-02-13,59400.0
2026-02-13,40500.0
2026-02-13,21600.0
2026-02-13,48000.0
2026-02-13,5400.0
2026-02-13,23000.0
2026-02-13,45000.0
2026-02-13,24000.0
2026-02-13,45000.0
2026-02-13,13500.0
2026-02-13,48600.0
2026-02-13,44000.0
2026-02-13,12000.0
2026-02-13,54000.0
2026-02-13,22500.0
2026-02-13,21600.0
2026-02-13,9000.0
2026-02-13,25000.0
2026-02-13,18000.0
2026-02-13,72900.0
2026-02-13,48600.0
2026-02-13,27000.0
2026-02-14,30000.0
2026-02-14,4500.0
2026-02-14,46000.0
2026-02-14,15000.0
2026-02-14,18000.0
2026-02-14,18000.0
2026-02-14,4500.0
2026-02-14,5400.0
2026-02-14,13500.0
2026-02-14,10800.0
2026-02-14,14400.0
2026-02-14,66000.0
2026-02-14,7200.0
2026-02-14,43200.0
2026-02-14,5400.0
2026-02-14,43200.0
2026-02-14,62100.0
2026-02-14,15000.0
2026-02-14,82800.0
2026-02-14,20000.0
2026-02-14,27000.0
2026-02-14,43200.0
2026-02-14,88000.0
2026-02-14,14400.0
2026-02-14,10800.0
2026-02-14,10800.0
2026-02-14,66000.0
2026-02-14,48600.0
2026-02-14,13500.0
2026-02-14,81000.0
2026-02-14,7200.0
2026-02-14,60000.0
2026-02-14,18000.0
2026-02-14,27000.0
2026-02-14,4500.0
2026-02-14,27000.0
2026-02-14,18000.0
2026-02-14,18000.0
2026-02-14,13500.0
2026-02-14,5400.0
2026-02-14,19800.0
2026-02-14,9000.0
2026-02-14,27000.0
2026-02-14,10800.0
2026-02-14,9000.0
2026-02-14,41400.0
2026-02-14,13500.0
2026-02-14,15000.0
2026-02-14,39600.0
2026-02-14,27000.0
2026-02-14,19800.0
2026-02-14,13500.0
2026-02-14,12000.0
2026-02-14,18000.0
2026-02-14,24000.0
2026-02-14,64800.0
2026-02-14,25000.0
2026-02-14,27000.0
2026-02-14,20700.0
2026-02-14,40500.0
2026-02-14,10800.0
2026-02-14,18000.0
2026-02-14,27000.0
2026-02-14,9000.0
2026-02-14,39600.0
2026-02-14,30000.0
2026-02-14,21600.0
2026-02-14,7200.0
2026-02-14,10800.0
2026-02-14,12000.0
2026-02-14,21600.0
2026-02-14,39600.0
2026-02-14,50000.0
2026-02-14,10800.0
2026-02-14,5000.0
2026-02-14,7200.0
2026-02-14,24300.0
2026-02-14,24000.0
2026-02-14,21600.0
2026-02-14,22000.0
2026-02-14,45000.0
2026-02-14,32400.0
2026-02-14,9000.0
2026-02-14,20700.0
2026-02-14,21600.0
2026-02-14,72900.0
2026-02-14,23000.0
2026-02-14,45000.0
2026-02-14,27000.0
2026-02-14,45000.0
2026-02-14,21600.0
2026-02-14,22000.0
2026-02-14,27000.0
2026-02-14,108000.0
2026-02-14,24000.0
2026-02-14,64800.0
2026-02-14,45000.0
2026-02-14,7200.0
2026-02-14,19800.0
2026-02-14,62100.0
2026-02-14,20700.0
2026-02-14,12000.0
2026-02-14,36000.0
2026-02-14,46000.0
2026-02-14,22500.0
2026-02-14,21600.0
2026-02-14,14400.0
2026-02-14,64800.0
2026-02-14,13500.0
2026-02-14,21600.0
2026-02-14,13500.0
2026-02-14,30000.0
2026-02-14,90000.0
2026-02-14,48000.0
2026-02-14,19800.0
2026-02-14,20000.0
2026-02-14,43200.0
2026-02-14,20700.0
2026-02-14,21600.0
2026-02-14,13500.0
2026-02-14,40500.0
2026-02-14,22000.0
2026-02-14,50000.0
2026-02-14,10800.0
2026-02-14,22000.0
2026-02-14,18000.0
2026-02-14,59400.0
2026-02-14,5400.0
2026-02-14,21600.0
2026-02-14,97200.0
2026-02-14,19800.0
2026-02-14,90000.0
2026-02-14,20000.0
2026-02-14,20000.0
2026-02-14,8000.0
2026-02-14,4500.0
2026-02-14,48600.0
2026-02-14,32400.0
2026-02-14,21600.0
2026-02-14,18000.0
2026-02-14,27000.0
2026-02-14,45000.0
2026-02-14,67500.0
2026-02-14,16000.0
2026-02-14,41400.0
2026-02-14,41400.0
2026-02-14,13500.0
2026-02-14,22500.0
2026-02-14,9000.0
2026-02-14,97200.0
2026-02-14,10800.0
2026-02-14,10800.0
2026-02-14,22500.0
2026-02-14,10800.0
2026-02-14,62100.0
2026-02-14,25000.0
2026-02-14,60000.0
2026-02-14,12000.0
2026-02-14,13500.0
2026-02-14,4500.0
2026-02-14,6000.0
2026-02-14,22000.0
2026-02-14,43200.0
2026-02-14,72000.0
2026-02-14,18000.0
2026-02-14,12000.0
2026-02-14,36000.0
2026-02-14,7200.0
2026-02-14,59400.0
2026-02-14,36000.0
2026-02-14,36000.0
2026-02-14,13500.0
2026-02-14,36000.0
2026-02-14,32400.0
2026-02-14,21600.0
2026-02-14,90000.0
2026-02-14,48600.0
2026-02-14,13500.0
2026-02-14,21600.0
2026-02-14,50000.0
2026-02-14,48000.0
2026-02-14,19800.0
2026-02-14,10800.0
2026-02-14,40000.0
2026-02-14,18000.0
2026-02-14,72900.0
2026-02-14,24000.0
2026-02-14,24000.0
2026-02-14,23000.0
2026-02-14,22500.0
2026-02-14,39600.0
2026-02-14,23000.0
2026-02-14,10800.0
2026-02-14,100000.0
2026-02-14,18000.0
2026-02-14,30000.0
2026-02-14,48600.0
2026-02-14,18000.0
2026-02-14,88000.0
2026-02-14,12000.0
2026-02-14,43200.0
2026-02-14,12000.0
2026-02-14,27000.0
2026-02-14,21600.0
2026-02-14,14400.0
2026-02-14,22000.0
2026-02-14,13500.0
2026-02-14,32400.0
2026-02-14,22000.0
2026-02-14,32400.0
2026-02-14,24000.0
2026-02-14,15000.0
2026-02-14,59400.0
2026-02-14,60000.0
2026-02-14,48000.0
2026-02-14,7200.0
2026-02-14,40500.0
2026-02-14,19800.0
2026-02-14,36000.0
2026-02-14,43200.0
2026-02-14,18000.0
2026-02-14,13500.0
2026-02-14,18000.0
2026-02-14,16200.0
2026-02-14,5400.0
2026-02-14,60000.0
2026-02-14,22000.0
2026-02-14,20000.0
2026-02-14,5400.0
2026-02-14,24000.0
2026-02-14,22000.0
2026-02-14,18000.0
2026-02-14,5400.0
2026-02-14,10800.0
2026-02-14,20700.0
2026-02-14,19800.0
2026-02-14,20700.0
2026-02-14,54000.0
2026-02-14,108000.0
2026-02-14,41400.0
2026-02-14,16200.0
2026-02-14,4500.0
2026-02-14,21600.0
2026-02-14,27000.0
2026-02-14,12000.0
2026-02-14,45000.0
2026-02-14,14400.0
2026-02-14,16200.0
2026-02-14,13500.0
2026-02-14,13500.0
2026-02-14,20700.0
2026-02-14,16000.0
2026-02-14,19800.0
2026-02-14,40500.0
2026-02-14,39600.0
2026-02-14,27000.0
2026-02-14,64800.0
2026-02-14,12000.0
2026-02-14,15000.0
2026-02-14,19800.0
2026-02-14,20000.0
2026-02-14,10800.0
2026-02-14,66000.0
2026-02-14,21600.0
2026-02-14,10800.0
2026-02-14,72900.0
2026-02-14,32400.0
2026-02-14,4500.0
2026-02-14,21600.0
2026-02-14,20700.0
2026-02-14,5400.0
2026-02-14,5400.0
2026-02-14,22500.0
2026-02-14,60000.0
2026-02-14,19800.0
2026-02-14,79200.0
2026-02-14,54000.0
2026-02-14,27000.0
2026-02-14,45000.0
2026-02-14,22000.0
2026-02-14,23000.0
2026-02-14,18000.0
2026-02-14,16200.0
2026-02-14,20700.0
2026-02-14,60000.0
2026-02-14,79200.0
2026-02-14,6000.0
2026-02-14,10800.0
2026-02-14,41400.0
2026-02-14,45000.0
2026-02-14,24300.0
2026-02-14,66000.0
2026-02-14,22500.0
2026-02-14,5400.0
2026-02-14,54000.0
2026-02-14,10800.0
2026-02-14,36000.0
2026-02-14,7200.0
2026-02-14,22000.0
2026-02-14,13500.0
2026-02-14,79200.0
2026-02-14,7200.0
2026-02-14,18000.0
2026-02-14,22500.0
2026-02-14,16000.0
2026-02-14,5400.0
2026-02-14,18000.0
2026-02-14,10800.0
2026-02-14,10800.0
2026-02-14,15000.0
2026-02-14,72900.0
2026-02-14,12000.0
2026-02-14,27000.0
2026-02-14,48000.0
2026-02-14,28800.0
2026-02-14,24000.0
2026-02-14,9000.0
2026-02-14,13500.0
2026-02-14,13500.0
2026-02-14,27000.0
2026-02-14,43200.0
2026-02-14,9000.0
2026-02-14,48600.0
2026-02-14,10800.0
2026-02-14,22500.0
2026-02-14,40500.0
2026-02-14,10800.0
2026-02-14,5400.0
2026-02-14,9000.0
2026-02-14,24300.0
2026-02-14,13500.0
2026-02-14,5000.0
2026-02-14,20000.0
2026-02-14,5400.0
2026-02-14,43200.0
2026-02-14,41400.0
2026-02-14,86400.0
2026-02-14,21600.0
2026-02-14,72900.0
2026-02-14,40000.0
2026-02-14,72900.0
2026-02-14,20700.0
2026-02-14,39600.0
2026-02-14,14400.0
2026-02-14,45000.0
2026-02-14,41400.0
2026-02-14,48600.0
2026-02-14,5000.0
2026-02-14,5400.0
2026-02-14,8000.0
2026-02-14,9000.0
2026-02-14,10800.0
2026-02-14,5000.0
2026-02-14,18000.0
2026-02-14,96000.0
2026-02-14,62100.0
2026-02-14,54000.0
2026-02-14,41400.0
2026-02-14,18000.0
2026-02-15,18000.0
2026-02-15,30000.0
2026-02-15,6000.0
2026-02-15,27000.0
2026-02-15,7200.0
2026-02-15,9000.0
2026-02-15,30000.0
2026-02-15,19800.0
2026-02-15,20000.0
2026-02-15,12000.0
2026-02-15,21600.0
2026-02-15,16200.0
2026-02-15,82800.0
2026-02-15,21600.0
2026-02-15,48000.0
2026-02-15,20700.0
2026-02-15,14400.0
2026-02-15,32400.0
2026-02-15,16200.0
2026-02-15,54000.0
2026-02-15,25000.0
2026-02-15,43200.0
2026-02-15,36000.0
2026-02-15,45000.0
2026-02-15,36000.0
2026-02-15,48600.0
2026-02-15,15000.0
2026-02-15,5400.0
2026-02-15,48000.0
2026-02-15,23000.0
2026-02-15,86400.0
2026-02-15,9000.0
2026-02-15,50000.0
2026-02-15,82800.0
2026-02-15,6000.0
2026-02-15,24000.0
2026-02-15,14400.0
2026-02-15,64800.0
2026-02-15,24300.0
2026-02-15,5400.0
2026-02-15,13500.0
2026-02-15,86400.0
2026-02-15,36000.0
2026-02-15,4500.0
2026-02-15,79200.0
2026-02-15,66000.0
2026-02-15,15000.0
2026-02-15,36000.0
2026-02-15,59400.0
2026-02-15,20000.0
2026-02-15,24300.0
2026-02-15,6000.0
2026-02-15,4500.0
2026-02-15,7200.0
2026-02-15,24300.0
2026-02-15,5400.0
2026-02-15,40000.0
2026-02-15,46000.0
2026-02-15,22500.0
2026-02-15,9000.0
2026-02-15,44000.0
2026-02-15,30000.0
2026-02-15,4500.0
2026-02-15,21600.0
2026-02-15,48600.0
2026-02-15,9000.0
2026-02-15,12000.0
2026-02-15,16000.0
2026-02-15,12000.0
2026-02-15,59400.0
2026-02-15,15000.0
2026-02-15,19800.0
2026-02-15,21600.0
2026-02-15,21600.0
2026-02-15,21600.0
2026-02-15,24000.0
2026-02-15,20000.0
2026-02-15,32400.0
2026-02-15,27000.0
2026-02-15,28800.0
2026-02-15,10800.0
2026-02-15,5400.0
2026-02-15,100000.0
2026-02-15,90000.0
2026-02-15,24000.0
2026-02-15,81000.0
2026-02-15,19800.0
2026-02-15,64800.0
2026-02-15,43200.0
2026-02-15,10800.0
2026-02-15,24000.0
2026-02-15,7200.0
2026-02-15,22000.0
2026-02-15,36000.0
2026-02-15,45000.0
2026-02-15,14400.0
2026-02-15,23000.0
2026-02-15,13500.0
2026-02-15,22000.0
2026-02-15,5400.0
2026-02-15,18000.0
2026-02-15,39600.0
2026-02-15,5400.0
2026-02-15,5000.0
2026-02-15,7200.0
2026-02-15,10800.0
2026-02-15,82800.0
2026-02-15,5400.0
2026-02-15,7200.0
2026-02-15,39600.0
2026-02-15,7200.0
2026-02-15,10800.0
2026-02-15,21600.0
2026-02-15,10000.0
2026-02-15,19800.0
2026-02-15,21600.0
2026-02-15,19800.0
2026-02-15,24300.0
2026-02-15,67500.0
2026-02-15,24300.0
2026-02-15,18000.0
2026-02-15,21600.0
2026-02-15,20700.0
2026-02-15,5400.0
2026-02-15,14400.0
2026-02-15,27000.0
2026-02-15,22000.0
2026-02-15,9000.0
2026-02-15,10800.0
2026-02-15,20700.0
2026-02-15,62100.0
2026-02-15,5400.0
2026-02-15,18000.0
2026-02-15,22500.0
2026-02-15,13500.0
2026-02-15,22500.0
2026-02-15,48600.0
2026-02-15,39600.0
2026-02-15,7200.0
2026-02-15,16000.0
2026-02-15,21600.0
2026-02-15,81000.0
2026-02-15,10800.0
2026-02-15,5400.0
2026-02-15,60000.0
2026-02-15,22500.0
2026-02-15,30000.0
2026-02-15,54000.0
2026-02-15,16200.0
2026-02-15,41400.0
2026-02-15,79200.0
2026-02-15,4500.0
2026-02-15,50000.0
2026-02-15,18000.0
2026-02-15,21600.0
2026-02-15,36000.0
2026-02-15,97200.0
2026-02-15,4500.0
2026-02-15,5400.0
2026-02-15,79200.0
2026-02-15,24000.0
2026-02-15,21600.0
2026-02-15,13500.0
2026-02-15,20700.0
2026-02-15,69000.0
2026-02-15,15000.0
2026-02-15,5400.0
2026-02-15,20000.0
2026-02-15,24000.0
2026-02-15,10800.0
2026-02-15,50000.0
2026-02-15,69000.0
2026-02-15,28800.0
2026-02-15,27000.0
2026-02-15,62100.0
2026-02-15,45000.0
2026-02-15,23000.0
2026-02-15,39600.0
2026-02-15,20000.0
2026-02-15,23000.0
2026-02-15,10800.0
2026-02-15,18000.0
2026-02-15,19800.0
2026-02-15,18000.0
2026-02-15,9000.0
2026-02-15,48600.0
2026-02-15,97200.0
2026-02-15,19800.0
2026-02-15,12000.0
2026-02-15,82800.0
2026-02-15,32400.0
2026-02-15,27000.0
2026-02-15,5400.0
2026-02-15,5400.0
2026-02-15,21600.0
2026-02-15,10000.0
2026-02-15,20700.0
2026-02-15,9000.0
2026-02-15,22500.0
2026-02-15,6000.0
2026-02-15,7200.0
2026-02-15,96000.0
2026-02-15,43200.0
2026-02-15,36000.0
2026-02-15,16200.0
2026-02-15,5000.0
2026-02-15,48000.0
2026-02-15,14400.0
2026-02-15,21600.0
2026-02-15,21600.0
2026-02-15,27000.0
2026-02-15,5000.0
2026-02-15,32400.0
2026-02-15,21600.0
2026-02-15,13500.0
2026-02-15,10000.0
2026-02-15,5400.0
2026-02-15,9000.0
2026-02-15,66000.0
2026-02-15,27000.0
2026-02-15,43200.0
2026-02-15,45000.0
2026-02-15,15000.0
2026-02-15,18000.0
2026-02-15,9000.0
2026-02-15,22000.0
2026-02-15,20000.0
2026-02-15,43200.0
2026-02-15,39600.0
2026-02-15,64800.0
2026-02-15,36000.0
2026-02-15,5400.0
2026-02-15,41400.0
2026-02-15,39600.0
2026-02-15,24000.0
2026-02-15,23000.0
2026-02-15,9000.0
2026-02-15,24000.0
2026-02-15,64800.0
2026-02-15,54000.0
2026-02-15,48600.0
2026-02-15,7200.0
2026-02-15,12000.0
2026-02-15,27000.0
2026-02-15,27000.0
2026-02-15,10800.0
2026-02-15,22500.0
2026-02-15,10800.0
2026-02-15,43200.0
2026-02-15,21600.0
2026-02-15,10800.0
2026-02-15,39600.0
2026-02-15,48600.0
2026-02-15,18000.0
2026-02-15,12000.0
2026-02-15,10800.0
2026-02-15,43200.0
2026-02-15,20000.0
2026-02-15,43200.0
2026-02-15,4500.0
2026-02-15,24000.0
2026-02-15,36000.0
2026-02-15,54000.0
2026-02-15,67500.0
2026-02-15,30000.0
2026-02-15,28800.0
2026-02-15,15000.0
2026-02-15,12000.0
2026-02-15,10000.0
2026-02-15,19800.0
2026-02-15,25000.0
2026-02-15,12000.0
2026-02-15,9000.0
2026-02-15,9000.0
2026-02-15,45000.0
2026-02-15,5400.0
2026-02-15,48000.0
2026-02-15,13500.0
2026-02-15,10800.0
2026-02-15,14400.0
2026-02-15,48600.0
2026-02-15,12000.0
2026-02-15,20000.0
2026-02-15,21600.0
2026-02-15,12000.0
2026-02-15,10800.0
2026-02-15,36000.0
2026-02-15,24000.0
2026-02-15,27000.0
2026-02-15,10000.0
2026-02-15,4500.0
2026-02-15,5400.0
2026-02-15,19800.0
2026-02-15,9000.0
2026-02-15,40500.0
2026-02-15,86400.0
2026-02-15,21600.0
2026-02-15,13500.0
2026-02-15,20000.0
2026-02-15,54000.0
2026-02-15,21600.0
2026-02-15,36000.0
2026-02-15,9000.0
2026-02-15,13500.0
2026-02-15,22500.0
2026-02-15,5400.0
2026-02-15,10800.0
2026-02-15,40500.0
2026-02-15,14400.0
2026-02-15,66000.0
2026-02-15,5400.0
2026-02-15,18000.0
2026-02-15,39600.0
2026-02-15,66000.0
2026-02-15,13500.0
2026-02-15,20000.0
2026-02-15,86400.0
2026-02-15,39600.0
2026-02-15,21600.0
2026-02-15,27000.0
2026-02-15,54000.0
2026-02-15,10800.0
2026-02-15,40000.0
2026-02-15,45000.0
2026-02-15,21600.0
2026-02-15,6000.0
2026-02-15,21600.0
2026-02-15,45000.0
2026-02-15,39600.0
2026-02-15,18000.0
2026-02-15,4500.0
2026-02-15,15000.0
2026-02-15,66000.0
2026-02-15,25000.0
2026-02-15,27000.0
2026-02-15,20700.0
2026-02-15,24300.0
2026-02-15,4500.0
2026-02-15,54000.0
2026-02-15,5400.0
2026-02-15,22500.0
2026-02-15,21600.0
2026-02-15,10800.0
2026-02-15,5000.0
2026-02-15,25000.0
2026-02-15,13500.0
2026-02-15,5400.0
2026-02-15,16200.0
2026-02-15,32400.0
2026-02-15,43200.0
2026-02-15,27000.0
2026-02-15,9000.0
2026-02-15,5400.0
2026-02-15,10800.0
2026-02-15,8000.0
2026-02-15,44000.0
2026-02-15,16000.0
2026-02-15,22500.0
2026-02-15,5400.0
2026-02-15,22500.0
2026-02-15,9000.0
2026-02-16,44000.0
2026-02-16,50000.0
2026-02-16,44000.0
2026-02-16,15000.0
2026-02-16,20900.0
2026-02-16,27000.0
2026-02-16,12000.0
2026-02-16,27000.0
2026-02-16,60000.0
2026-02-16,5000.0
2026-02-16,15000.0
2026-02-16,15200.0
2026-02-16,27000.0
2026-02-16,23000.0
2026-02-16,48000.0
2026-02-16,15000.0
2026-02-16,8000.0
2026-02-16,24000.0
2026-02-16,22000.0
2026-02-16,25000.0
2026-02-16,6000.0
2026-02-16,25000.0
2026-02-16,25000.0
2026-02-16,4750.0
2026-02-16,15000.0
2026-02-16,6000.0
2026-02-16,27000.0
2026-02-16,20000.0
2026-02-16,50000.0
2026-02-16,22000.0
2026-02-16,15000.0
2026-02-16,24000.0
2026-02-16,15000.0
2026-02-16,12000.0
2026-02-16,72000.0
2026-02-16,8000.0
2026-02-16,22000.0
2026-02-16,30000.0
2026-02-16,22000.0
2026-02-16,30000.0
2026-02-16,46000.0
2026-02-16,20000.0
2026-02-16,108000.0
2026-02-16,7600.0
2026-02-16,27000.0
2026-02-16,6000.0
2026-02-16,7600.0
2026-02-16,15000.0
2026-02-16,10000.0
2026-02-16,44000.0
2026-02-16,20000.0
2026-02-16,22000.0
2026-02-16,15000.0
2026-02-16,27000.0
2026-02-16,50000.0
2026-02-16,12000.0
2026-02-16,16000.0
2026-02-16,16000.0
2026-02-16,7600.0
2026-02-16,12000.0
2026-02-16,23000.0
2026-02-16,23000.0
2026-02-16,15000.0
2026-02-16,48000.0
2026-02-16,25000.0
2026-02-16,15000.0
2026-02-16,12000.0
2026-02-16,10000.0
2026-02-16,6000.0
2026-02-16,12000.0
2026-02-16,24000.0
2026-02-16,44000.0
2026-02-16,8000.0
2026-02-16,24000.0
2026-02-16,6000.0
2026-02-16,5000.0
2026-02-16,40000.0
2026-02-16,10000.0
2026-02-16,6000.0
2026-02-16,20000.0
2026-02-16,60000.0
2026-02-16,88000.0
2026-02-16,10000.0
2026-02-16,15000.0
2026-02-16,5000.0
2026-02-16,24000.0
2026-02-16,12000.0
2026-02-16,6000.0
2026-02-16,24000.0
2026-02-16,12000.0
2026-02-16,40000.0
2026-02-16,12000.0
2026-02-16,30000.0
2026-02-16,15000.0
2026-02-16,15000.0
2026-02-16,21850.0
2026-02-16,40000.0
2026-02-16,44000.0
2026-02-16,15000.0
2026-02-16,12000.0
2026-02-16,6000.0
2026-02-16,10000.0
2026-02-16,8000.0
2026-02-16,8000.0
2026-02-16,27000.0
2026-02-16,57000.0
2026-02-16,22000.0
2026-02-16,23000.0
2026-02-16,5000.0
2026-02-16,24000.0
2026-02-16,10000.0
2026-02-16,12000.0
2026-02-16,27000.0
2026-02-16,44000.0
2026-02-16,40000.0
2026-02-16,22000.0
2026-02-16,20000.0
2026-02-16,60000.0
2026-02-16,12000.0
2026-02-16,10000.0
2026-02-16,12000.0
2026-02-16,12000.0
2026-02-16,8000.0
2026-02-16,8000.0
2026-02-16,44000.0
2026-02-16,20000.0
2026-02-16,14250.0
2026-02-16,6000.0
2026-02-16,48000.0
2026-02-16,60000.0
2026-02-16,24000.0
2026-02-16,15000.0
2026-02-16,30000.0
2026-02-16,15000.0
2026-02-16,12000.0
2026-02-16,75000.0
2026-02-16,6000.0
2026-02-16,23000.0
2026-02-16,50000.0
2026-02-16,46000.0
2026-02-16,22000.0
2026-02-16,8000.0
2026-02-16,40000.0
2026-02-16,36000.0
2026-02-16,27000.0
2026-02-16,23000.0
2026-02-16,27000.0
2026-02-16,24000.0
2026-02-16,22000.0
2026-02-16,10000.0
2026-02-16,15200.0
2026-02-16,46000.0
2026-02-16,8000.0
2026-02-16,40000.0
2026-02-16,5000.0
2026-02-16,25000.0
2026-02-16,44000.0
2026-02-16,10000.0
2026-02-16,24000.0
2026-02-16,10000.0
2026-02-16,10000.0
2026-02-16,25000.0
2026-02-16,15000.0
2026-02-16,46000.0
2026-02-16,23000.0
2026-02-16,41800.0
2026-02-16,6000.0
2026-02-16,66000.0
2026-02-16,20000.0
2026-02-16,44000.0
2026-02-16,8000.0
2026-02-16,5700.0
2026-02-16,12000.0
2026-02-16,5000.0
2026-02-16,6000.0
2026-02-16,22000.0
2026-02-16,12000.0
2026-02-16,50000.0
2026-02-16,21850.0
2026-02-16,25000.0
2026-02-16,5000.0
2026-02-16,25000.0
2026-02-16,27000.0
2026-02-16,46000.0
2026-02-16,22000.0
2026-02-16,12000.0
2026-02-16,40000.0
2026-02-16,10000.0
2026-02-16,16000.0
2026-02-16,20000.0
2026-02-16,10000.0
2026-02-16,24000.0
2026-02-16,44000.0
2026-02-16,18000.0
2026-02-16,12000.0
2026-02-16,20900.0
2026-02-16,20000.0
2026-02-16,8000.0
2026-02-16,50000.0
2026-02-16,10000.0
2026-02-16,22000.0
2026-02-16,45000.0
2026-02-16,54000.0
2026-02-16,27000.0
2026-02-16,20000.0
2026-02-16,24000.0
2026-02-16,25000.0
2026-02-16,102600.0
2026-02-16,23000.0
2026-02-16,27000.0
2026-02-16,23000.0
2026-02-16,8000.0
2026-02-16,20000.0
2026-02-16,71250.0
2026-02-16,19000.0
2026-02-16,22000.0
2026-02-16,12000.0
2026-02-17,36000.0
2026-02-17,23000.0
2026-02-17,8000.0
2026-02-17,6000.0
2026-02-17,6000.0
2026-02-17,27000.0
2026-02-17,66000.0
2026-02-17,8000.0
2026-02-17,12000.0
2026-02-17,46000.0
2026-02-17,22000.0
2026-02-17,22000.0
2026-02-17,76000.0
2026-02-17,44000.0
2026-02-17,54000.0
2026-02-17,22800.0
2026-02-17,25000.0
2026-02-17,50000.0
2026-02-17,11400.0
2026-02-17,15000.0
2026-02-17,12000.0
2026-02-17,15000.0
2026-02-17,24000.0
2026-02-17,22800.0
2026-02-17,8000.0
2026-02-17,25650.0
2026-02-17,14250.0
2026-02-17,15000.0
2026-02-17,12000.0
2026-02-17,27000.0
2026-02-17,12000.0
2026-02-17,27000.0
2026-02-17,6000.0
2026-02-17,20000.0
2026-02-17,15000.0
2026-02-17,14250.0
2026-02-17,27000.0
2026-02-17,8000.0
2026-02-17,12000.0
2026-02-17,23000.0
2026-02-17,24000.0
2026-02-17,22000.0
2026-02-17,15000.0
2026-02-17,10000.0
2026-02-17,15000.0
2026-02-17,44000.0
2026-02-17,12000.0
2026-02-17,25000.0
2026-02-17,44000.0
2026-02-17,25000.0
2026-02-17,36000.0
2026-02-17,22000.0
2026-02-17,23000.0
2026-02-17,16000.0
2026-02-17,23000.0
2026-02-17,15000.0
2026-02-17,12000.0
2026-02-17,16000.0
2026-02-17,15000.0
2026-02-17,25000.0
2026-02-17,12000.0
2026-02-17,20000.0
2026-02-17,22000.0
2026-02-17,18000.0
2026-02-17,19000.0
2026-02-17,6000.0
2026-02-17,46000.0
2026-02-17,40000.0
2026-02-17,8000.0
2026-02-17,30000.0
2026-02-17,6000.0
2026-02-17,25000.0
2026-02-17,22000.0
2026-02-17,12000.0
2026-02-17,20000.0
2026-02-17,8000.0
2026-02-17,23000.0
2026-02-17,50000.0
2026-02-17,12000.0
2026-02-17,12000.0
2026-02-17,69000.0
2026-02-17,6000.0
2026-02-17,22000.0
2026-02-17,15000.0
2026-02-17,30000.0
2026-02-17,10000.0
2026-02-17,23000.0
2026-02-17,22000.0
2026-02-17,20000.0
2026-02-17,24000.0
2026-02-17,10000.0
2026-02-17,25000.0
2026-02-17,50000.0
2026-02-17,40000.0
2026-02-17,23000.0
2026-02-17,27000.0
2026-02-17,22000.0
2026-02-17,25000.0
2026-02-17,40000.0
2026-02-17,48000.0
2026-02-17,6000.0
2026-02-17,12000.0
2026-02-17,24000.0
2026-02-17,5000.0
2026-02-17,12000.0
2026-02-17,20000.0
2026-02-17,30000.0
2026-02-17,6000.0
2026-02-17,10000.0
2026-02-17,24000.0
2026-02-17,25000.0
2026-02-17,100000.0
2026-02-17,44000.0
2026-02-17,22000.0
2026-02-17,44000.0
2026-02-17,22000.0
2026-02-17,8000.0
2026-02-17,27000.0
2026-02-17,20000.0
2026-02-17,22800.0
2026-02-17,6000.0
2026-02-17,22000.0
2026-02-17,20000.0
2026-02-17,66000.0
2026-02-17,5000.0
2026-02-17,15000.0
2026-02-17,27000.0
2026-02-17,24000.0
2026-02-17,15000.0
2026-02-17,10000.0
2026-02-17,22000.0
2026-02-17,40000.0
2026-02-17,50000.0
2026-02-17,5700.0
2026-02-17,5000.0
2026-02-17,5000.0
2026-02-17,27000.0
2026-02-17,24000.0
2026-02-17,23000.0
2026-02-17,40000.0
2026-02-17,45000.0
2026-02-17,72000.0
2026-02-17,46000.0
2026-02-17,16000.0
2026-02-17,20000.0
2026-02-17,12000.0
2026-02-17,27000.0
2026-02-17,12000.0
2026-02-17,54000.0
2026-02-17,48000.0
2026-02-17,22000.0
2026-02-17,15000.0
2026-02-17,22000.0
2026-02-17,24000.0
2026-02-17,23000.0
2026-02-17,23000.0
2026-02-17,12000.0
2026-02-17,12000.0
2026-02-17,20000.0
2026-02-17,36000.0
2026-02-17,22000.0
2026-02-17,20000.0
2026-02-17,6000.0
2026-02-17,24000.0
2026-02-17,6000.0
2026-02-17,15000.0
2026-02-17,10000.0
2026-02-17,72000.0
2026-02-17,36000.0
2026-02-17,20000.0
2026-02-17,18000.0
2026-02-17,50000.0
2026-02-17,22000.0
2026-02-17,10000.0
2026-02-17,8000.0
2026-02-17,24000.0
2026-02-17,66000.0
2026-02-17,32000.0
2026-02-17,25000.0
2026-02-17,24000.0
2026-02-17,15000.0
2026-02-17,10000.0
2026-02-17,75000.0
2026-02-17,5000.0
2026-02-17,4750.0
2026-02-17,22000.0
2026-02-17,22000.0
2026-02-17,50000.0
2026-02-17,21850.0
2026-02-17,5000.0
2026-02-17,36000.0
2026-02-17,40000.0
2026-02-18,6000.0
2026-02-18,22000.0
2026-02-18,22000.0
2026-02-18,25000.0
2026-02-18,24000.0
2026-02-18,15000.0
2026-02-18,24000.0
2026-02-18,12000.0
2026-02-18,24000.0
2026-02-18,11400.0
2026-02-18,20000.0
2026-02-18,6000.0
2026-02-18,14250.0
2026-02-18,7600.0
2026-02-18,96000.0
2026-02-18,25000.0
2026-02-18,10000.0
2026-02-18,22000.0
2026-02-18,22000.0
2026-02-18,15000.0
2026-02-18,16000.0
2026-02-18,12000.0
2026-02-18,19000.0
2026-02-18,44000.0
2026-02-18,75000.0
2026-02-18,25000.0
2026-02-18,5000.0
2026-02-18,11400.0
2026-02-18,20000.0
2026-02-18,20000.0
2026-02-18,92000.0
2026-02-18,6000.0
2026-02-18,100000.0
2026-02-18,15000.0
2026-02-18,24000.0
2026-02-18,6000.0
2026-02-18,54000.0
2026-02-18,6000.0
2026-02-18,24000.0
2026-02-18,16000.0
2026-02-18,25000.0
2026-02-18,15000.0
2026-02-18,15200.0
2026-02-18,80000.0
2026-02-18,22800.0
2026-02-18,24000.0
2026-02-18,10000.0
2026-02-18,81000.0
2026-02-18,22000.0
2026-02-18,23000.0
2026-02-18,75000.0
2026-02-18,12000.0
2026-02-18,6000.0
2026-02-18,12000.0
2026-02-18,15000.0
2026-02-18,8000.0
2026-02-18,30000.0
2026-02-18,32000.0
2026-02-18,88000.0
2026-02-18,23750.0
2026-02-18,20000.0
2026-02-18,15000.0
2026-02-18,22000.0
2026-02-18,30000.0
2026-02-18,87400.0
2026-02-18,12000.0
2026-02-18,20000.0
2026-02-18,50000.0
2026-02-18,12000.0
2026-02-18,12000.0
2026-02-18,6000.0
2026-02-18,66000.0
2026-02-18,16000.0
2026-02-18,50000.0
2026-02-18,10000.0
2026-02-18,23750.0
2026-02-18,22800.0
2026-02-18,8000.0
2026-02-18,22000.0
2026-02-18,5000.0
2026-02-18,48000.0
2026-02-18,18000.0
2026-02-18,6000.0
2026-02-18,44000.0
2026-02-18,23000.0
2026-02-18,18000.0
2026-02-18,8000.0
2026-02-18,24000.0
2026-02-18,22000.0
2026-02-18,25000.0
2026-02-18,6000.0
2026-02-18,12000.0
2026-02-18,46000.0
2026-02-18,20000.0
2026-02-18,28500.0
2026-02-18,66000.0
2026-02-18,22800.0
2026-02-18,20000.0
2026-02-18,20000.0
2026-02-18,15000.0
2026-02-18,50000.0
2026-02-18,60000.0
2026-02-18,23000.0
2026-02-18,15000.0
2026-02-18,8000.0
2026-02-18,12000.0
2026-02-18,12000.0
2026-02-18,15000.0
2026-02-18,48000.0
2026-02-18,23000.0
2026-02-18,11400.0
2026-02-18,15000.0
2026-02-18,22000.0
2026-02-18,23000.0
2026-02-18,6000.0
2026-02-18,24000.0
2026-02-18,16000.0
2026-02-18,44000.0
2026-02-18,50000.0
2026-02-18,54000.0
2026-02-18,60000.0
2026-02-18,6000.0
2026-02-18,54000.0
2026-02-18,24000.0
2026-02-18,24000.0
2026-02-18,22000.0
2026-02-18,15000.0
2026-02-18,10000.0
2026-02-18,5700.0
2026-02-18,23000.0
2026-02-18,48000.0
2026-02-18,48000.0
2026-02-18,25000.0
2026-02-18,46000.0
2026-02-18,44000.0
2026-02-18,8000.0
2026-02-18,24000.0
2026-02-18,24000.0
2026-02-18,50000.0
2026-02-18,6000.0
2026-02-18,25000.0
2026-02-18,54000.0
2026-02-18,22000.0
2026-02-18,23000.0
2026-02-18,8000.0
2026-02-18,6000.0
2026-02-18,27000.0
2026-02-18,80000.0
2026-02-18,15000.0
2026-02-18,22000.0
2026-02-18,27000.0
2026-02-18,24000.0
2026-02-18,6000.0
2026-02-18,15000.0
2026-02-18,15200.0
2026-02-18,10000.0
2026-02-18,12000.0
2026-02-18,25000.0
2026-02-18,23000.0
2026-02-18,12000.0
2026-02-18,96000.0
2026-02-18,6000.0
2026-02-18,15000.0
2026-02-18,6000.0
2026-02-18,8000.0
2026-02-18,25000.0
2026-02-18,23000.0
2026-02-18,15000.0
2026-02-18,27000.0
2026-02-18,25000.0
2026-02-18,15000.0
2026-02-18,45000.0
2026-02-18,12000.0
2026-02-18,40000.0
2026-02-18,45600.0
2026-02-18,24000.0
2026-02-18,10000.0
2026-02-18,48000.0
2026-02-18,12000.0
2026-02-18,15000.0
2026-02-18,12000.0
2026-02-18,24000.0
2026-02-18,108000.0
2026-02-18,75000.0
2026-02-18,15000.0
2026-02-18,12000.0
2026-02-18,25000.0
2026-02-18,8000.0
2026-02-18,48000.0
2026-02-18,36000.0
2026-02-18,48000.0
2026-02-18,20000.0
2026-02-18,22000.0
2026-02-18,44000.0
2026-02-18,16000.0
2026-02-18,30000.0
2026-02-18,6000.0
2026-02-18,12000.0
2026-02-18,15000.0
2026-02-18,24000.0
2026-02-18,24000.0
2026-02-18,23000.0
2026-02-18,50000.0
2026-02-19,22000.0
2026-02-19,6000.0
2026-02-19,10000.0
2026-02-19,23000.0
2026-02-19,12000.0
2026-02-19,8000.0
2026-02-19,11400.0
2026-02-19,24000.0
2026-02-19,23750.0
2026-02-19,50000.0
2026-02-19,50000.0
2026-02-19,25000.0
2026-02-19,72000.0
2026-02-19,48000.0
2026-02-19,80000.0
2026-02-19,27000.0
2026-02-19,8000.0
2026-02-19,15000.0
2026-02-19,25650.0
2026-02-19,12000.0
2026-02-19,10000.0
2026-02-19,8000.0
2026-02-19,36000.0
2026-02-19,24000.0
2026-02-19,25000.0
2026-02-19,20000.0
2026-02-19,24000.0
2026-02-19,5000.0
2026-02-19,27000.0
2026-02-19,30000.0
2026-02-19,6000.0
2026-02-19,108000.0
2026-02-19,30000.0
2026-02-19,30000.0
2026-02-19,6000.0
2026-02-19,6000.0
2026-02-19,22000.0
2026-02-19,20000.0
2026-02-19,46000.0
2026-02-19,48000.0
2026-02-19,20000.0
2026-02-19,24000.0
2026-02-19,22000.0
2026-02-19,6000.0
2026-02-19,10000.0
2026-02-19,50000.0
2026-02-19,8000.0
2026-02-19,10000.0
2026-02-19,24000.0
2026-02-19,15000.0
2026-02-19,10000.0
2026-02-19,12000.0
2026-02-19,21850.0
2026-02-19,15000.0
2026-02-19,17100.0
2026-02-19,12000.0
2026-02-19,15000.0
2026-02-19,45000.0
2026-02-19,68400.0
2026-02-19,11400.0
2026-02-19,25000.0
2026-02-19,7600.0
2026-02-19,24000.0
2026-02-19,12000.0
2026-02-19,8000.0
2026-02-19,12000.0
2026-02-19,23000.0
2026-02-19,20000.0
2026-02-19,48000.0
2026-02-19,27000.0
2026-02-19,75000.0
2026-02-19,6000.0
2026-02-19,48000.0
2026-02-19,27000.0
2026-02-19,44000.0
2026-02-19,12000.0
2026-02-19,15000.0
2026-02-19,27000.0
2026-02-19,21850.0
2026-02-19,40000.0
2026-02-19,22000.0
2026-02-19,16000.0
2026-02-19,30000.0
2026-02-19,22000.0
2026-02-19,5000.0
2026-02-19,22000.0
2026-02-19,20000.0
2026-02-19,45600.0
2026-02-19,15000.0
2026-02-19,12000.0
2026-02-19,46000.0
2026-02-19,20000.0
2026-02-19,22000.0
2026-02-19,10000.0
2026-02-19,25000.0
2026-02-19,40000.0
2026-02-19,45000.0
2026-02-19,50000.0
2026-02-19,24000.0
2026-02-19,38000.0
2026-02-19,20000.0
2026-02-19,44000.0
2026-02-19,8000.0
2026-02-19,11400.0
2026-02-19,24000.0
2026-02-19,8000.0
2026-02-19,50000.0
2026-02-19,4750.0
2026-02-19,23000.0
2026-02-19,50000.0
2026-02-19,5000.0
2026-02-19,12000.0
2026-02-19,96000.0
2026-02-19,5000.0
2026-02-19,48000.0
2026-02-19,36000.0
2026-02-19,15000.0
2026-02-19,12000.0
2026-02-19,22000.0
2026-02-19,46000.0
2026-02-19,6000.0
2026-02-19,25650.0
2026-02-19,5000.0
2026-02-19,69000.0
2026-02-19,8000.0
2026-02-19,14250.0
2026-02-19,72000.0
2026-02-19,15000.0
2026-02-19,24000.0
2026-02-19,20000.0
2026-02-19,48000.0
2026-02-19,22000.0
2026-02-19,75000.0
2026-02-19,44000.0
2026-02-19,8000.0
2026-02-19,15000.0
2026-02-19,20000.0
2026-02-19,6000.0
2026-02-19,12000.0
2026-02-19,12000.0
2026-02-19,25000.0
2026-02-19,8000.0
2026-02-19,24000.0
2026-02-19,15000.0
2026-02-19,20000.0
2026-02-19,6000.0
2026-02-19,16000.0
2026-02-19,48000.0
2026-02-19,25000.0
2026-02-19,20000.0
2026-02-19,76950.0
2026-02-19,24000.0
2026-02-19,9500.0
2026-02-19,10000.0
2026-02-19,10000.0
2026-02-19,36000.0
2026-02-19,27000.0
2026-02-19,11400.0
2026-02-19,18000.0
2026-02-19,12000.0
2026-02-19,66000.0
2026-02-19,25000.0
2026-02-19,24000.0
2026-02-19,15000.0
2026-02-19,24000.0
2026-02-19,27000.0
2026-02-19,6000.0
2026-02-19,6000.0
2026-02-19,22000.0
2026-02-19,6000.0
2026-02-19,6000.0
2026-02-19,43700.0
2026-02-19,24000.0
2026-02-19,20000.0
2026-02-19,22000.0
2026-02-19,30000.0
2026-02-19,38000.0
2026-02-19,16000.0
2026-02-19,48000.0
2026-02-19,46000.0
2026-02-19,12000.0
2026-02-19,23000.0
2026-02-19,23750.0
2026-02-19,12000.0
2026-02-19,22800.0
2026-02-19,7600.0
2026-02-19,48000.0
2026-02-19,23000.0
2026-02-19,80000.0
2026-02-19,6000.0
2026-02-19,22000.0
2026-02-19,20000.0
2026-02-19,6000.0
2026-02-19,25000.0
2026-02-19,22000.0
2026-02-19,20000.0
2026-02-20,22000.0
2026-02-20,48000.0
2026-02-20,6000.0
2026-02-20,15000.0
2026-02-20,6000.0
2026-02-20,60000.0
2026-02-20,12000.0
2026-02-20,46000.0
2026-02-20,24000.0
2026-02-20,19000.0
2026-02-20,20000.0
2026-02-20,22000.0
2026-02-20,36000.0
2026-02-20,44000.0
2026-02-20,96000.0
2026-02-20,15000.0
2026-02-20,6000.0
2026-02-20,25000.0
2026-02-20,11400.0
2026-02-20,15000.0
2026-02-20,16000.0
2026-02-20,24000.0
2026-02-20,108000.0
2026-02-20,20000.0
2026-02-20,27000.0
2026-02-20,10000.0
2026-02-20,6000.0
2026-02-20,12000.0
2026-02-20,80000.0
2026-02-20,83600.0
2026-02-20,60000.0
2026-02-20,14250.0
2026-02-20,22000.0
2026-02-20,48000.0
2026-02-20,23000.0
2026-02-20,24000.0
2026-02-20,12000.0
2026-02-20,6000.0
2026-02-20,8000.0
2026-02-20,27000.0
2026-02-20,40000.0
2026-02-20,22000.0
2026-02-20,27000.0
2026-02-20,20000.0
2026-02-20,83600.0
2026-02-20,75000.0
2026-02-20,24000.0
2026-02-20,16000.0
2026-02-20,12000.0
2026-02-20,40000.0
2026-02-20,15000.0
2026-02-20,100000.0
2026-02-20,24000.0
2026-02-20,23000.0
2026-02-20,75000.0
2026-02-20,10000.0
2026-02-20,15000.0
2026-02-20,10000.0
2026-02-20,5000.0
2026-02-20,44000.0
2026-02-20,66000.0
2026-02-20,6000.0
2026-02-20,11400.0
2026-02-20,16000.0
2026-02-20,25000.0
2026-02-20,17100.0
2026-02-20,81000.0
2026-02-20,8000.0
2026-02-20,12000.0
2026-02-20,12000.0
2026-02-20,15000.0
2026-02-20,10000.0
2026-02-20,6000.0
2026-02-20,24000.0
2026-02-20,15000.0
2026-02-20,6000.0
2026-02-20,12000.0
2026-02-20,7600.0
2026-02-20,23000.0
2026-02-20,12000.0
2026-02-20,12000.0
2026-02-20,32000.0
2026-02-20,30000.0
2026-02-20,24000.0
2026-02-20,91200.0
2026-02-20,15000.0
2026-02-20,27000.0
2026-02-20,15000.0
2026-02-20,54000.0
2026-02-20,10000.0
2026-02-20,30000.0
2026-02-20,12000.0
2026-02-20,23000.0
2026-02-20,6000.0
2026-02-20,15000.0
2026-02-20,12000.0
2026-02-20,23000.0
2026-02-20,22000.0
2026-02-20,48000.0
2026-02-20,12000.0
2026-02-20,27000.0
2026-02-20,28500.0
2026-02-20,27000.0
2026-02-20,12000.0
2026-02-20,8000.0
2026-02-20,10000.0
2026-02-20,8000.0
2026-02-20,20000.0
2026-02-20,5000.0
2026-02-20,18000.0
2026-02-20,12000.0
2026-02-20,23000.0
2026-02-20,30000.0
2026-02-20,22000.0
2026-02-20,30000.0
2026-02-20,10000.0
2026-02-20,15000.0
2026-02-20,12000.0
2026-02-20,6000.0
2026-02-20,45600.0
2026-02-20,6000.0
2026-02-20,25000.0
2026-02-20,5000.0
2026-02-20,45000.0
2026-02-20,22000.0
2026-02-20,50000.0
2026-02-20,22000.0
2026-02-20,48000.0
2026-02-20,36000.0
2026-02-20,25000.0
2026-02-20,8000.0
2026-02-20,6000.0
2026-02-20,24000.0
2026-02-20,50000.0
2026-02-20,20000.0
2026-02-20,24000.0
2026-02-20,20000.0
2026-02-20,20000.0
2026-02-20,12000.0
2026-02-20,41800.0
2026-02-20,24000.0
2026-02-20,11400.0
2026-02-20,10000.0
2026-02-20,22000.0
2026-02-20,8000.0
2026-02-20,25000.0
2026-02-20,15000.0
2026-02-20,25000.0
2026-02-20,48000.0
2026-02-20,48000.0
2026-02-20,27000.0
2026-02-20,30000.0
2026-02-20,36000.0
2026-02-20,46000.0
2026-02-20,27000.0
2026-02-20,24000.0
2026-02-20,54000.0
2026-02-20,25650.0
2026-02-20,23750.0
2026-02-20,15000.0
2026-02-20,6000.0
2026-02-20,36000.0
2026-02-20,48000.0
2026-02-20,12000.0
2026-02-20,19000.0
2026-02-20,27000.0
2026-02-20,22000.0
2026-02-20,5000.0
2026-02-20,11400.0
2026-02-20,54000.0
2026-02-20,6000.0
2026-02-20,12000.0
2026-02-20,40000.0
2026-02-20,6000.0
2026-02-20,20000.0
2026-02-20,24000.0
2026-02-20,54000.0
2026-02-20,8000.0
2026-02-20,24000.0
2026-02-20,21850.0
2026-02-20,22000.0
2026-02-20,5000.0
2026-02-20,20000.0
2026-02-20,23000.0
2026-02-20,10000.0
2026-02-20,69000.0
2026-02-20,22000.0
2026-02-20,15200.0
2026-02-20,46000.0
2026-02-20,22000.0
2026-02-20,25000.0
2026-02-20,20000.0
2026-02-20,20000.0
2026-02-20,11400.0
2026-02-20,20000.0
2026-02-20,24000.0
2026-02-20,48000.0
2026-02-20,6000.0
2026-02-20,20000.0
2026-02-20,15000.0
2026-02-20,10000.0
2026-02-20,108000.0
2026-02-20,6000.0
2026-02-20,12000.0
2026-02-20,25000.0
2026-02-20,23000.0
2026-02-20,46000.0
2026-02-20,25000.0
2026-02-20,44000.0
2026-02-20,48000.0
2026-02-20,12000.0
2026-02-20,5000.0
2026-02-20,92000.0
2026-02-20,8000.0
2026-02-20,24000.0
2026-02-20,6000.0
2026-02-20,6000.0
2026-02-20,10000.0
2026-02-20,6000.0
2026-02-20,8000.0
2026-02-20,22000.0
2026-02-20,102600.0
2026-02-20,23000.0
2026-02-20,20000.0
2026-02-20,66000.0
2026-02-20,6000.0
2026-02-20,40000.0
2026-02-20,30000.0
2026-02-20,25000.0
2026-02-20,30000.0
2026-02-20,72000.0
2026-02-20,11400.0
2026-02-20,50000.0
2026-02-20,22000.0
2026-02-20,23000.0
2026-02-20,12000.0
2026-02-20,10000.0
2026-02-20,45000.0
2026-02-20,48000.0
2026-02-20,15000.0
2026-02-20,23000.0
2026-02-20,27000.0
2026-02-20,12000.0
2026-02-20,20000.0
2026-02-20,24000.0
2026-02-20,38000.0
2026-02-20,6000.0
2026-02-20,20000.0
2026-02-20,28500.0
2026-02-20,6000.0
2026-02-20,69000.0
2026-02-20,5000.0
2026-02-20,81000.0
2026-02-20,15000.0
2026-02-20,60000.0
2026-02-20,12000.0
2026-02-20,23000.0
2026-02-20,5000.0
2026-02-20,25000.0
2026-02-20,22000.0
2026-02-20,24000.0
2026-02-20,15200.0
2026-02-20,12000.0
2026-02-20,5700.0
2026-02-20,96000.0
2026-02-20,15200.0
2026-02-20,23000.0
2026-02-21,36000.0
2026-02-21,27000.0
2026-02-21,15000.0
2026-02-21,12000.0
2026-02-21,8000.0
2026-02-21,23000.0
2026-02-21,25000.0
2026-02-21,9500.0
2026-02-21,22000.0
2026-02-21,66000.0
2026-02-21,40000.0
2026-02-21,24000.0
2026-02-21,4750.0
2026-02-21,48000.0
2026-02-21,23000.0
2026-02-21,6000.0
2026-02-21,24000.0
2026-02-21,40000.0
2026-02-21,8000.0
2026-02-21,12000.0
2026-02-21,12000.0
2026-02-21,24000.0
2026-02-21,48000.0
2026-02-21,22000.0
2026-02-21,12000.0
2026-02-21,6000.0
2026-02-21,15000.0
2026-02-21,5000.0
2026-02-21,18000.0
2026-02-21,44000.0
2026-02-21,24000.0
2026-02-21,30000.0
2026-02-21,44000.0
2026-02-21,57000.0
2026-02-21,14250.0
2026-02-21,27000.0
2026-02-21,18000.0
2026-02-21,44000.0
2026-02-21,8000.0
2026-02-21,12000.0
2026-02-21,6000.0
2026-02-21,27000.0
2026-02-21,6000.0
2026-02-21,30000.0
2026-02-21,6000.0
2026-02-21,38000.0
2026-02-21,23000.0
2026-02-21,60000.0
2026-02-21,24000.0
2026-02-21,20000.0
2026-02-21,23750.0
2026-02-21,20000.0
2026-02-21,15000.0
2026-02-21,24000.0
2026-02-21,24000.0
2026-02-21,15000.0
2026-02-21,12000.0
2026-02-21,92000.0
2026-02-21,50000.0
2026-02-21,20000.0
2026-02-21,60000.0
2026-02-21,5000.0
2026-02-21,24000.0
2026-02-21,12000.0
2026-02-21,12000.0
2026-02-21,46000.0
2026-02-21,40000.0
2026-02-21,24000.0
2026-02-21,22000.0
2026-02-21,10000.0
2026-02-21,25000.0
2026-02-21,12000.0
2026-02-21,12000.0
2026-02-21,20000.0
2026-02-21,12000.0
2026-02-21,5700.0
2026-02-21,30000.0
2026-02-21,23750.0
2026-02-21,16000.0
2026-02-21,18000.0
2026-02-21,88000.0
2026-02-21,4750.0
2026-02-21,28500.0
2026-02-21,50000.0
2026-02-21,46000.0
2026-02-21,50000.0
2026-02-21,30000.0
2026-02-21,8000.0
2026-02-21,10000.0
2026-02-21,44000.0
2026-02-21,54000.0
2026-02-21,30000.0
2026-02-21,38000.0
2026-02-21,46000.0
2026-02-21,20000.0
2026-02-21,15000.0
2026-02-21,22000.0
2026-02-21,16000.0
2026-02-21,30000.0
2026-02-21,75000.0
2026-02-21,23000.0
2026-02-21,12000.0
2026-02-21,45000.0
2026-02-21,83600.0
2026-02-21,69000.0
2026-02-21,10000.0
2026-02-21,23000.0
2026-02-21,22000.0
2026-02-21,15000.0
2026-02-21,25000.0
2026-02-21,6000.0
2026-02-21,50000.0
2026-02-21,10000.0
2026-02-21,15000.0
2026-02-21,60000.0
2026-02-21,23000.0
2026-02-21,20000.0
2026-02-21,24000.0
2026-02-21,8000.0
2026-02-21,12000.0
2026-02-21,40000.0
2026-02-21,6000.0
2026-02-21,24000.0
2026-02-21,12000.0
2026-02-21,10000.0
2026-02-21,27000.0
2026-02-21,24000.0
2026-02-21,46000.0
2026-02-21,50000.0
2026-02-21,23000.0
2026-02-21,25000.0
2026-02-21,44000.0
2026-02-21,6000.0
2026-02-21,22000.0
2026-02-21,40000.0
2026-02-21,25000.0
2026-02-21,5000.0
2026-02-21,20000.0
2026-02-21,20000.0
2026-02-21,88000.0
2026-02-21,54000.0
2026-02-21,10000.0
2026-02-21,15000.0
2026-02-21,6000.0
2026-02-21,25650.0
2026-02-21,5000.0
2026-02-21,25000.0
2026-02-21,22000.0
2026-02-21,5000.0
2026-02-21,12000.0
2026-02-21,25000.0
2026-02-21,22000.0
2026-02-21,24000.0
2026-02-21,22000.0
2026-02-21,15000.0
2026-02-21,20000.0
2026-02-21,12000.0
2026-02-21,20000.0
2026-02-21,15000.0
2026-02-21,15000.0
2026-02-21,23750.0
2026-02-21,12000.0
2026-02-21,40000.0
2026-02-21,7600.0
2026-02-21,15000.0
2026-02-21,5700.0
2026-02-21,72000.0
2026-02-21,20000.0
2026-02-21,32000.0
2026-02-21,22000.0
2026-02-21,9500.0
2026-02-21,16000.0
2026-02-21,21850.0
2026-02-21,12000.0
2026-02-21,24000.0
2026-02-21,18000.0
2026-02-21,48000.0
2026-02-21,22000.0
2026-02-21,15000.0
2026-02-21,10000.0
2026-02-21,10000.0
2026-02-21,8000.0
2026-02-21,100000.0
2026-02-21,6000.0
2026-02-21,8000.0
2026-02-21,20000.0
2026-02-21,22000.0
2026-02-21,24000.0
2026-02-21,46000.0
2026-02-21,25000.0
2026-02-21,45000.0
2026-02-21,6000.0
2026-02-21,48000.0
2026-02-21,22800.0
2026-02-21,10000.0
2026-02-21,23000.0
2026-02-21,27000.0
2026-02-21,5000.0
2026-02-21,25650.0
2026-02-21,6000.0
2026-02-21,15000.0
2026-02-21,5000.0
2026-02-21,48000.0
2026-02-21,18000.0
2026-02-21,12000.0
2026-02-21,50000.0
2026-02-21,20000.0
2026-02-21,54000.0
2026-02-21,66000.0
2026-02-21,25000.0
2026-02-21,15000.0
2026-02-21,24000.0
2026-02-21,22000.0
2026-02-21,22000.0
2026-02-21,15000.0
2026-02-21,5000.0
2026-02-21,23000.0
2026-02-21,42750.0
2026-02-21,6000.0
2026-02-21,22000.0
2026-02-21,20000.0
2026-02-21,24000.0
2026-02-21,5000.0
2026-02-21,51300.0
2026-02-21,60000.0
2026-02-21,10000.0
2026-02-21,8000.0
2026-02-21,24000.0
2026-02-21,22000.0
2026-02-21,24000.0
2026-02-21,12000.0
2026-02-21,15000.0
2026-02-21,24000.0
2026-02-21,100000.0
2026-02-21,5000.0
2026-02-21,12000.0
2026-02-21,22000.0
2026-02-21,5000.0
2026-02-21,50000.0
2026-02-21,24000.0
2026-02-21,88000.0
2026-02-21,16000.0
2026-02-21,36000.0
2026-02-21,23750.0
2026-02-21,12000.0
2026-02-21,48000.0
2026-02-21,45000.0
2026-02-21,23000.0
2026-02-21,23000.0
2026-02-21,44000.0
2026-02-21,15200.0
2026-02-21,8000.0
2026-02-21,23000.0
2026-02-21,11400.0
2026-02-21,11400.0
2026-02-21,27000.0
2026-02-21,5000.0
2026-02-21,24000.0
2026-02-21,60000.0
2026-02-21,14250.0
2026-02-21,22000.0
2026-02-21,10000.0
2026-02-21,22000.0
2026-02-21,23000.0
2026-02-21,27000.0
2026-02-21,108000.0
2026-02-21,36000.0
2026-02-21,15000.0
2026-02-21,10000.0
2026-02-21,22000.0
2026-02-21,46000.0
2026-02-21,54000.0
2026-02-21,69000.0
2026-02-21,23000.0
2026-02-21,10000.0
2026-02-21,20000.0
2026-02-21,15000.0
2026-02-22,20000.0
2026-02-22,15000.0
2026-02-22,22800.0
2026-02-22,27000.0
2026-02-22,10000.0
2026-02-22,12000.0
2026-02-22,22000.0
2026-02-22,25000.0
2026-02-22,60000.0
2026-02-22,23000.0
2026-02-22,24000.0
2026-02-22,20000.0
2026-02-22,20000.0
2026-02-22,5000.0
2026-02-22,23000.0
2026-02-22,24000.0
2026-02-22,20000.0
2026-02-22,50000.0
2026-02-22,20000.0
2026-02-22,12000.0
2026-02-22,40000.0
2026-02-22,12000.0
2026-02-22,23000.0
2026-02-22,44000.0
2026-02-22,15000.0
2026-02-22,8000.0
2026-02-22,38000.0
2026-02-22,10000.0
2026-02-22,10000.0
2026-02-22,27000.0
2026-02-22,75000.0
2026-02-22,6000.0
2026-02-22,22800.0
2026-02-22,46000.0
2026-02-22,15000.0
2026-02-22,25000.0
2026-02-22,15000.0
2026-02-22,15000.0
2026-02-22,15000.0
2026-02-22,25000.0
2026-02-22,45000.0
2026-02-22,48000.0
2026-02-22,25650.0
2026-02-22,36000.0
2026-02-22,48000.0
2026-02-22,24000.0
2026-02-22,6000.0
2026-02-22,62700.0
2026-02-22,12000.0
2026-02-22,15000.0
2026-02-22,44000.0
2026-02-22,18000.0
2026-02-22,54000.0
2026-02-22,5000.0
2026-02-22,24000.0
2026-02-22,66000.0
2026-02-22,22000.0
2026-02-22,25000.0
2026-02-22,7600.0
2026-02-22,6000.0
2026-02-22,11400.0
2026-02-22,45000.0
2026-02-22,5000.0
2026-02-22,6000.0
2026-02-22,5000.0
2026-02-22,22000.0
2026-02-22,15000.0
2026-02-22,24000.0
2026-02-22,48000.0
2026-02-22,24000.0
2026-02-22,10000.0
2026-02-22,10000.0
2026-02-22,45000.0
2026-02-22,20000.0
2026-02-22,10000.0
2026-02-22,24000.0
2026-02-22,12000.0
2026-02-22,92000.0
2026-02-22,22000.0
2026-02-22,8000.0
2026-02-22,6000.0
2026-02-22,48000.0
2026-02-22,16000.0
2026-02-22,30000.0
2026-02-22,50000.0
2026-02-22,20000.0
2026-02-22,12000.0
2026-02-22,5000.0
2026-02-22,12000.0
2026-02-22,15000.0
2026-02-22,12000.0
2026-02-22,30000.0
2026-02-22,46000.0
2026-02-22,20000.0
2026-02-22,46000.0
2026-02-22,91200.0
2026-02-22,8000.0
2026-02-22,46000.0
2026-02-22,12000.0
2026-02-22,24000.0
2026-02-22,57000.0
2026-02-22,88000.0
2026-02-22,10000.0
2026-02-22,12000.0
2026-02-22,22000.0
2026-02-22,75000.0
2026-02-22,46000.0
2026-02-22,30000.0
2026-02-22,20900.0
2026-02-22,48000.0
2026-02-22,5000.0
2026-02-22,25000.0
2026-02-22,60000.0
2026-02-22,11400.0
2026-02-22,100000.0
2026-02-22,18000.0
2026-02-22,10000.0
2026-02-22,22800.0
2026-02-22,50000.0
2026-02-22,5700.0
2026-02-22,27000.0
2026-02-22,14250.0
2026-02-22,21850.0
2026-02-22,15000.0
2026-02-22,44000.0
2026-02-22,54000.0
2026-02-22,25000.0
2026-02-22,30000.0
2026-02-22,25000.0
2026-02-22,27000.0
2026-02-22,12000.0
2026-02-22,15000.0
2026-02-22,20000.0
2026-02-22,10000.0
2026-02-22,10000.0
2026-02-22,12000.0
2026-02-22,46000.0
2026-02-22,45600.0
2026-02-22,6000.0
2026-02-22,108000.0
2026-02-22,24000.0
2026-02-22,50000.0
2026-02-22,6000.0
2026-02-22,14250.0
2026-02-22,24000.0
2026-02-22,5000.0
2026-02-22,22800.0
2026-02-22,40000.0
2026-02-22,6000.0
2026-02-22,6000.0
2026-02-22,50000.0
2026-02-22,12000.0
2026-02-22,8000.0
2026-02-22,22000.0
2026-02-22,24000.0
2026-02-22,20000.0
2026-02-22,10000.0
2026-02-22,6000.0
2026-02-22,7600.0
2026-02-22,24000.0
2026-02-22,50000.0
2026-02-22,30000.0
2026-02-22,8000.0
2026-02-22,20000.0
2026-02-22,15000.0
2026-02-22,21850.0
2026-02-22,8000.0
2026-02-22,8000.0
2026-02-22,32000.0
2026-02-22,10000.0
2026-02-22,8000.0
2026-02-22,12000.0
2026-02-22,8000.0
2026-02-22,10000.0
2026-02-22,5000.0
2026-02-22,6000.0
2026-02-22,20000.0
2026-02-22,54000.0
2026-02-22,40000.0
2026-02-22,15000.0
2026-02-22,12000.0
2026-02-22,6000.0
2026-02-22,10000.0
2026-02-22,34200.0
2026-02-22,25000.0
2026-02-22,12000.0
2026-02-22,25000.0
2026-02-22,20000.0
2026-02-22,75000.0
2026-02-22,24000.0
2026-02-22,24000.0
2026-02-22,30000.0
2026-02-22,15000.0
2026-02-22,20000.0
2026-02-22,11400.0
2026-02-22,20000.0
2026-02-22,10000.0
2026-02-22,24000.0
2026-02-22,12000.0
2026-02-22,25000.0
2026-02-22,48000.0
2026-02-22,60000.0
2026-02-22,22000.0
2026-02-22,24000.0
2026-02-22,60000.0
2026-02-22,20900.0
2026-02-22,30000.0
2026-02-22,23000.0
2026-02-22,20000.0
2026-02-22,75000.0
2026-02-22,20000.0
2026-02-22,15000.0
2026-02-22,15000.0
2026-02-22,88000.0
2026-02-22,69000.0
2026-02-22,54000.0
2026-02-22,14250.0
2026-02-22,11400.0
2026-02-22,6000.0
2026-02-22,50000.0
2026-02-22,15000.0
2026-02-22,10000.0
2026-02-22,20000.0
2026-02-22,27000.0
2026-02-22,24000.0
2026-02-22,30400.0
2026-02-22,10000.0
2026-02-22,25000.0
2026-02-22,22000.0
2026-02-22,15000.0
2026-02-22,10000.0
2026-02-22,5000.0
2026-02-22,20000.0
2026-02-22,54000.0
2026-02-22,20000.0
2026-02-22,12000.0
2026-02-22,25000.0
2026-02-22,25000.0
2026-02-22,23000.0
2026-02-22,72000.0
2026-02-22,5700.0
2026-02-22,25000.0
2026-02-22,40000.0
2026-02-22,5000.0
2026-02-22,22000.0
2026-02-22,25000.0
2026-02-22,27000.0
2026-02-22,23000.0
2026-02-22,18000.0
2026-02-22,20000.0
2026-02-22,20000.0
2026-02-22,20000.0
2026-02-22,24000.0
2026-02-22,6000.0
2026-02-23,16000.0
2026-02-23,15000.0
2026-02-23,60000.0
2026-02-23,12000.0
2026-02-23,8000.0
2026-02-23,30000.0
2026-02-23,11400.0
2026-02-23,15000.0
2026-02-23,8000.0
2026-02-23,8000.0
2026-02-23,22000.0
2026-02-23,17100.0
2026-02-23,14250.0
2026-02-23,6000.0
2026-02-23,43700.0
2026-02-23,48000.0
2026-02-23,12000.0
2026-02-23,15000.0
2026-02-23,50000.0
2026-02-23,8000.0
2026-02-23,46000.0
2026-02-23,24000.0
2026-02-23,6000.0
2026-02-23,36000.0
2026-02-23,20000.0
2026-02-23,23000.0
2026-02-23,28500.0
2026-02-23,12000.0
2026-02-23,40000.0
2026-02-23,24000.0
2026-02-23,12000.0
2026-02-23,15000.0
2026-02-23,25000.0
2026-02-23,48000.0
2026-02-23,24000.0
2026-02-23,108000.0
2026-02-23,30000.0
2026-02-23,25000.0
2026-02-23,46000.0
2026-02-23,60000.0
2026-02-23,16000.0
2026-02-23,44000.0
2026-02-23,12000.0
2026-02-23,15000.0
2026-02-23,60000.0
2026-02-23,25000.0
2026-02-23,15000.0
2026-02-23,15200.0
2026-02-23,20000.0
2026-02-23,19000.0
2026-02-23,10000.0
2026-02-23,12000.0
2026-02-23,8000.0
2026-02-23,50000.0
2026-02-23,23000.0
2026-02-23,45000.0
2026-02-23,6000.0
2026-02-23,21850.0
2026-02-23,5000.0
2026-02-23,24000.0
2026-02-23,40000.0
2026-02-23,27000.0
2026-02-23,22000.0
2026-02-23,23000.0
2026-02-23,12000.0
2026-02-23,10000.0
2026-02-23,5000.0
2026-02-23,24000.0
2026-02-23,8000.0
2026-02-23,25000.0
2026-02-23,44000.0
2026-02-23,45000.0
2026-02-23,15000.0
2026-02-23,16000.0
2026-02-23,15000.0
2026-02-23,25000.0
2026-02-23,16000.0
2026-02-23,40000.0
2026-02-23,22000.0
2026-02-23,6000.0
2026-02-23,25000.0
2026-02-23,24000.0
2026-02-23,11400.0
2026-02-23,15000.0
2026-02-23,25000.0
2026-02-23,8000.0
2026-02-23,22000.0
2026-02-23,8000.0
2026-02-23,22000.0
2026-02-23,20000.0
2026-02-23,15000.0
2026-02-23,20000.0
2026-02-23,15000.0
2026-02-23,12000.0
2026-02-23,15000.0
2026-02-23,36000.0
2026-02-23,22000.0
2026-02-23,5000.0
2026-02-23,24000.0
2026-02-23,10000.0
2026-02-23,44000.0
2026-02-23,16000.0
2026-02-23,32000.0
2026-02-23,20000.0
2026-02-23,48000.0
2026-02-23,5000.0
2026-02-23,25000.0
2026-02-23,5000.0
2026-02-23,6000.0
2026-02-23,69000.0
2026-02-23,27000.0
2026-02-23,10000.0
2026-02-23,8000.0
2026-02-23,15000.0
2026-02-23,24000.0
2026-02-23,80000.0
2026-02-23,46000.0
2026-02-23,6000.0
2026-02-23,24000.0
2026-02-23,6000.0
2026-02-23,27000.0
2026-02-23,23000.0
2026-02-23,22800.0
2026-02-23,30000.0
2026-02-23,22000.0
2026-02-23,40000.0
2026-02-23,24000.0
2026-02-23,69000.0
2026-02-23,5000.0
2026-02-23,66000.0
2026-02-23,25000.0
2026-02-23,6000.0
2026-02-23,22000.0
2026-02-23,48000.0
2026-02-23,25000.0
2026-02-23,25000.0
2026-02-23,6000.0
2026-02-23,12000.0
2026-02-23,45600.0
2026-02-23,19000.0
2026-02-23,20000.0
2026-02-23,50000.0
2026-02-23,15000.0
2026-02-23,40000.0
2026-02-23,54000.0
2026-02-23,15000.0
2026-02-23,16000.0
2026-02-23,24000.0
2026-02-23,8000.0
2026-02-23,50000.0
2026-02-23,6000.0
2026-02-23,22000.0
2026-02-23,5700.0
2026-02-23,48000.0
2026-02-23,15000.0
2026-02-23,22000.0
2026-02-23,24000.0
2026-02-23,10000.0
2026-02-23,40000.0
2026-02-23,30000.0
2026-02-23,24000.0
2026-02-23,60000.0
2026-02-23,20000.0
2026-02-23,7600.0
2026-02-23,20000.0
2026-02-23,40000.0
2026-02-23,23000.0
2026-02-24,11400.0
2026-02-24,15000.0
2026-02-24,15000.0
2026-02-24,15000.0
2026-02-24,19000.0
2026-02-24,12000.0
2026-02-24,48000.0
2026-02-24,30000.0
2026-02-24,46000.0
2026-02-24,60000.0
2026-02-24,10000.0
2026-02-24,20000.0
2026-02-24,8000.0
2026-02-24,11400.0
2026-02-24,8000.0
2026-02-24,25000.0
2026-02-24,5000.0
2026-02-24,66000.0
2026-02-24,6000.0
2026-02-24,40000.0
2026-02-24,24000.0
2026-02-24,27000.0
2026-02-24,25000.0
2026-02-24,22800.0
2026-02-24,25000.0
2026-02-24,6000.0
2026-02-24,10000.0
2026-02-24,24000.0
2026-02-24,24000.0
2026-02-24,19000.0
2026-02-24,8000.0
2026-02-24,60000.0
2026-02-24,23000.0
2026-02-24,20000.0
2026-02-24,15000.0
2026-02-24,12000.0
2026-02-24,16000.0
2026-02-24,50000.0
2026-02-24,5700.0
2026-02-24,18000.0
2026-02-24,20900.0
2026-02-24,24000.0
2026-02-24,8000.0
2026-02-24,5000.0
2026-02-24,23000.0
2026-02-24,6000.0
2026-02-24,23000.0
2026-02-24,15000.0
2026-02-24,5700.0
2026-02-24,12000.0
2026-02-24,92000.0
2026-02-24,15000.0
2026-02-24,40000.0
2026-02-24,8000.0
2026-02-24,22000.0
2026-02-24,30000.0
2026-02-24,14250.0
2026-02-24,45000.0
2026-02-24,12000.0
2026-02-24,6000.0
2026-02-24,6000.0
2026-02-24,10000.0
2026-02-24,54000.0
2026-02-24,24000.0
2026-02-24,46000.0
2026-02-24,22000.0
2026-02-24,16000.0
2026-02-24,46000.0
2026-02-24,46000.0
2026-02-24,27000.0
2026-02-24,15000.0
2026-02-24,50000.0
2026-02-24,20000.0
2026-02-24,15000.0
2026-02-24,24000.0
2026-02-24,12000.0
2026-02-24,5000.0
2026-02-24,45600.0
2026-02-24,44000.0
2026-02-24,18000.0
2026-02-24,12000.0
2026-02-24,12000.0
2026-02-24,36000.0
2026-02-24,15200.0
2026-02-24,27000.0
2026-02-24,40000.0
2026-02-24,40000.0
2026-02-24,6000.0
2026-02-24,23000.0
2026-02-24,18000.0
2026-02-24,25000.0
2026-02-24,44000.0
2026-02-24,48000.0
2026-02-24,22000.0
2026-02-24,22000.0
2026-02-24,24000.0
2026-02-24,15000.0
2026-02-24,6000.0
2026-02-24,10000.0
2026-02-24,6000.0
2026-02-24,57000.0
2026-02-24,23000.0
2026-02-24,24000.0
2026-02-24,27000.0
2026-02-24,25000.0
2026-02-24,22000.0
2026-02-24,25000.0
2026-02-24,27000.0
2026-02-24,6000.0
2026-02-24,21850.0
2026-02-24,44000.0
2026-02-24,10000.0
2026-02-24,25000.0
2026-02-24,30000.0
2026-02-24,12000.0
2026-02-24,24000.0
2026-02-24,20900.0
2026-02-24,8000.0
2026-02-24,20000.0
2026-02-24,23000.0
2026-02-24,6000.0
2026-02-24,23000.0
2026-02-24,15000.0
2026-02-24,5000.0
2026-02-24,12000.0
2026-02-24,22000.0
2026-02-24,62700.0
2026-02-24,23000.0
2026-02-24,27000.0
2026-02-24,44000.0
2026-02-24,16000.0
2026-02-24,15000.0
2026-02-24,23000.0
2026-02-24,22800.0
2026-02-24,40000.0
2026-02-24,6000.0
2026-02-24,66000.0
2026-02-24,16000.0
2026-02-24,6000.0
2026-02-24,40000.0
2026-02-24,12000.0
2026-02-24,15000.0
2026-02-24,23000.0
2026-02-24,6000.0
2026-02-24,44000.0
2026-02-24,10000.0
2026-02-24,88000.0
2026-02-24,48000.0
2026-02-24,23000.0
2026-02-24,22000.0
2026-02-24,4750.0
2026-02-24,25000.0
2026-02-24,20000.0
2026-02-24,20900.0
2026-02-24,5000.0
2026-02-24,22000.0
2026-02-24,16000.0
2026-02-24,44000.0
2026-02-24,44000.0
2026-02-24,48000.0
2026-02-24,10000.0
2026-02-24,20000.0
2026-02-24,23000.0
2026-02-24,20000.0
2026-02-24,50000.0
2026-02-24,44000.0
2026-02-24,20000.0
2026-02-24,12000.0
2026-02-24,24000.0
2026-02-24,20000.0
2026-02-24,46000.0
2026-02-24,24000.0
2026-02-24,46000.0
2026-02-24,10000.0
2026-02-24,54000.0
2026-02-24,24000.0
2026-02-24,25000.0
2026-02-24,22000.0
2026-02-24,12000.0
2026-02-24,8000.0
2026-02-24,54000.0
2026-02-24,15000.0
2026-02-24,12000.0
2026-02-24,15000.0
2026-02-24,66000.0
2026-02-24,22000.0
2026-02-24,24000.0
2026-02-24,12000.0
2026-02-24,15000.0
2026-02-24,6000.0
2026-02-24,46000.0
2026-02-24,20000.0
2026-02-24,15000.0
2026-02-24,69000.0
2026-02-24,22000.0
2026-02-24,20000.0
2026-02-24,6000.0
2026-02-24,16000.0
2026-02-25,20000.0
2026-02-25,50000.0
2026-02-25,12000.0
2026-02-25,44000.0
2026-02-25,27000.0
2026-02-25,27000.0
2026-02-25,10000.0
2026-02-25,12000.0
2026-02-25,66000.0
2026-02-25,30000.0
2026-02-25,45000.0
2026-02-25,23000.0
2026-02-25,21850.0
2026-02-25,12000.0
2026-02-25,51300.0
2026-02-25,12000.0
2026-02-25,6000.0
2026-02-25,23000.0
2026-02-25,50000.0
2026-02-25,69000.0
2026-02-25,12000.0
2026-02-25,46000.0
2026-02-25,38000.0
2026-02-25,30000.0
2026-02-25,25000.0
2026-02-25,5000.0
2026-02-25,15000.0
2026-02-25,10000.0
2026-02-25,15000.0
2026-02-25,15000.0
2026-02-25,6000.0
2026-02-25,19000.0
2026-02-25,66000.0
2026-02-25,12000.0
2026-02-25,15000.0
2026-02-25,8000.0
2026-02-25,30000.0
2026-02-25,25000.0
2026-02-25,6000.0
2026-02-25,10000.0
2026-02-25,50000.0
2026-02-25,36000.0
2026-02-25,23000.0
2026-02-25,22000.0
2026-02-25,25000.0
2026-02-25,44000.0
2026-02-25,6000.0
2026-02-25,23000.0
2026-02-25,40000.0
2026-02-25,10000.0
2026-02-25,8000.0
2026-02-25,24000.0
2026-02-25,15000.0
2026-02-25,40000.0
2026-02-25,40000.0
2026-02-25,46000.0
2026-02-25,22000.0
2026-02-25,54000.0
2026-02-25,5000.0
2026-02-25,22000.0
2026-02-25,46000.0
2026-02-25,8000.0
2026-02-25,60000.0
2026-02-25,25000.0
2026-02-25,12000.0
2026-02-25,30000.0
2026-02-25,25000.0
2026-02-25,45000.0
2026-02-25,46000.0
2026-02-25,27000.0
2026-02-25,5700.0
2026-02-25,20000.0
2026-02-25,22000.0
2026-02-25,12000.0
2026-02-25,16000.0
2026-02-25,48000.0
2026-02-25,4750.0
2026-02-25,10000.0
2026-02-25,24000.0
2026-02-25,8000.0
2026-02-25,20000.0
2026-02-25,10000.0
2026-02-25,8000.0
2026-02-25,32000.0
2026-02-25,24000.0
2026-02-25,88000.0
2026-02-25,11400.0
2026-02-25,18000.0
2026-02-25,7600.0
2026-02-25,45600.0
2026-02-25,24000.0
2026-02-25,36000.0
2026-02-25,22000.0
2026-02-25,6000.0
2026-02-25,8000.0
2026-02-25,46000.0
2026-02-25,22000.0
2026-02-25,43700.0
2026-02-25,22000.0
2026-02-25,44000.0
2026-02-25,10000.0
2026-02-25,12000.0
2026-02-25,10000.0
2026-02-25,27000.0
2026-02-25,15000.0
2026-02-25,8000.0
2026-02-25,27000.0
2026-02-25,22800.0
2026-02-25,54000.0
2026-02-25,46000.0
2026-02-25,12000.0
2026-02-25,6000.0
2026-02-25,50000.0
2026-02-25,15000.0
2026-02-25,23000.0
2026-02-25,20000.0
2026-02-25,15000.0
2026-02-25,12000.0
2026-02-25,96000.0
2026-02-25,23000.0
2026-02-25,48000.0
2026-02-25,46000.0
2026-02-25,11400.0
2026-02-25,6000.0
2026-02-25,20000.0
2026-02-25,20000.0
2026-02-25,22000.0
2026-02-25,6000.0
2026-02-25,15000.0
2026-02-25,8000.0
2026-02-25,14250.0
2026-02-25,20000.0
2026-02-25,12000.0
2026-02-25,25000.0
2026-02-25,12000.0
2026-02-25,41800.0
2026-02-25,24000.0
2026-02-25,10000.0
2026-02-25,8000.0
2026-02-25,24000.0
2026-02-25,72000.0
2026-02-25,30000.0
2026-02-25,6000.0
2026-02-25,10000.0
2026-02-25,24000.0
2026-02-25,25000.0
2026-02-25,6000.0
2026-02-25,32000.0
2026-02-25,11400.0
2026-02-25,66000.0
2026-02-25,20000.0
2026-02-25,50000.0
2026-02-25,40000.0
2026-02-25,25650.0
2026-02-25,43700.0
2026-02-25,27000.0
2026-02-25,24000.0
2026-02-25,24000.0
2026-02-25,5000.0
2026-02-25,10000.0
2026-02-25,25000.0
2026-02-25,44000.0
2026-02-25,36000.0
2026-02-25,22000.0
2026-02-25,20000.0
2026-02-25,8000.0
2026-02-25,10000.0
2026-02-25,48000.0
2026-02-25,6000.0
2026-02-25,16000.0
2026-02-25,22000.0
2026-02-25,68400.0
2026-02-25,88000.0
2026-02-25,46000.0
2026-02-25,40000.0
2026-02-25,16000.0
2026-02-25,6000.0
2026-02-25,15000.0
2026-02-25,44000.0
2026-02-25,30000.0
2026-02-25,30000.0
2026-02-25,42750.0
2026-02-25,6000.0
2026-02-25,4750.0
2026-02-25,54000.0
2026-02-25,12000.0
2026-02-25,24000.0
2026-02-25,15000.0
2026-02-25,10000.0
2026-02-25,22000.0
2026-02-25,32000.0
2026-02-25,24000.0
2026-02-25,12000.0
2026-02-25,100000.0
2026-02-25,44000.0
2026-02-25,6000.0
2026-02-25,48000.0
2026-02-25,23000.0
2026-02-25,8000.0
2026-02-25,5000.0
2026-02-25,108000.0
2026-02-25,24000.0
2026-02-25,5000.0
2026-02-25,36000.0
2026-02-25,10000.0
2026-02-25,23000.0
2026-02-25,25000.0
2026-02-25,20000.0
2026-02-25,22000.0
2026-02-25,4750.0
2026-02-25,12000.0
2026-02-25,23000.0
2026-02-25,23000.0
2026-02-25,16000.0
2026-02-26,20000.0
2026-02-26,23000.0
2026-02-26,88000.0
2026-02-26,54000.0
2026-02-26,24000.0
2026-02-26,38000.0
2026-02-26,50000.0
2026-02-26,8000.0
2026-02-26,5000.0
2026-02-26,20000.0
2026-02-26,27000.0
2026-02-26,22000.0
2026-02-26,9500.0
2026-02-26,20000.0
2026-02-26,6000.0
2026-02-26,30000.0
2026-02-26,6000.0
2026-02-26,25000.0
2026-02-26,23000.0
2026-02-26,20000.0
2026-02-26,5000.0
2026-02-26,20000.0
2026-02-26,11400.0
2026-02-26,25000.0
2026-02-26,16000.0
2026-02-26,54000.0
2026-02-26,23750.0
2026-02-26,50000.0
2026-02-26,27000.0
2026-02-26,69000.0
2026-02-26,50000.0
2026-02-26,5000.0
2026-02-26,24000.0
2026-02-26,6000.0
2026-02-26,6000.0
2026-02-26,23000.0
2026-02-26,8000.0
2026-02-26,15000.0
2026-02-26,25650.0
2026-02-26,7600.0
2026-02-26,27000.0
2026-02-26,12000.0
2026-02-26,5000.0
2026-02-26,23000.0
2026-02-26,12000.0
2026-02-26,50000.0
2026-02-26,12000.0
2026-02-26,23000.0
2026-02-26,15000.0
2026-02-26,24000.0
2026-02-26,8000.0
2026-02-26,23000.0
2026-02-26,6000.0
2026-02-26,46000.0
2026-02-26,30000.0
2026-02-26,24000.0
2026-02-26,8000.0
2026-02-26,16000.0
2026-02-26,6000.0
2026-02-26,10000.0
2026-02-26,10000.0
2026-02-26,88000.0
2026-02-26,80000.0
2026-02-26,27000.0
2026-02-26,40000.0
2026-02-26,46000.0
2026-02-26,27000.0
2026-02-26,44000.0
2026-02-26,45000.0
2026-02-26,30000.0
2026-02-26,24000.0
2026-02-26,48000.0
2026-02-26,15000.0
2026-02-26,12000.0
2026-02-26,12000.0
2026-02-26,24000.0
2026-02-26,10000.0
2026-02-26,40000.0
2026-02-26,9500.0
2026-02-26,5700.0
2026-02-26,54000.0
2026-02-26,15000.0
2026-02-26,10000.0
2026-02-26,76950.0
2026-02-26,75000.0
2026-02-26,6000.0
2026-02-26,23000.0
2026-02-26,8000.0
2026-02-26,27000.0
2026-02-26,30000.0
2026-02-26,12000.0
2026-02-26,25650.0
2026-02-26,23000.0
2026-02-26,22000.0
2026-02-26,22000.0
2026-02-26,12000.0
2026-02-26,24000.0
2026-02-26,23000.0
2026-02-26,81000.0
2026-02-26,46000.0
2026-02-26,25000.0
2026-02-26,34200.0
2026-02-26,7600.0
2026-02-26,12000.0
2026-02-26,19000.0
2026-02-26,12000.0
2026-02-26,23000.0
2026-02-26,46000.0
2026-02-26,6000.0
2026-02-26,15000.0
2026-02-26,5000.0
2026-02-26,25000.0
2026-02-26,45000.0
2026-02-26,25000.0
2026-02-26,25000.0
2026-02-26,27000.0
2026-02-26,6000.0
2026-02-26,15000.0
2026-02-26,30000.0
2026-02-26,6000.0
2026-02-26,48000.0
2026-02-26,22000.0
2026-02-26,15000.0
2026-02-26,25000.0
2026-02-26,12000.0
2026-02-26,15000.0
2026-02-26,6000.0
2026-02-26,27000.0
2026-02-26,15000.0
2026-02-26,44000.0
2026-02-26,20000.0
2026-02-26,25000.0
2026-02-26,24000.0
2026-02-26,20900.0
2026-02-26,15000.0
2026-02-26,54000.0
2026-02-26,15000.0
2026-02-26,12000.0
2026-02-26,22800.0
2026-02-26,22000.0
2026-02-26,69000.0
2026-02-26,27000.0
2026-02-26,25000.0
2026-02-26,30000.0
2026-02-26,15000.0
2026-02-26,12000.0
2026-02-26,12000.0
2026-02-26,12000.0
2026-02-26,22000.0
2026-02-26,8000.0
2026-02-26,25000.0
2026-02-26,8000.0
2026-02-26,20000.0
2026-02-26,72000.0
2026-02-26,19000.0
2026-02-26,23000.0
2026-02-26,22000.0
2026-02-26,5700.0
2026-02-26,22800.0
2026-02-26,75000.0
2026-02-26,10000.0
2026-02-26,8000.0
2026-02-26,50000.0
2026-02-26,20000.0
2026-02-26,8000.0
2026-02-26,24000.0
2026-02-26,24000.0
2026-02-26,15000.0
2026-02-26,24000.0
2026-02-26,6000.0
2026-02-26,15200.0
2026-02-26,25000.0
2026-02-26,24000.0
2026-02-26,23750.0
2026-02-26,6000.0
2026-02-26,25000.0
2026-02-26,8000.0
2026-02-26,6000.0
2026-02-26,22000.0
2026-02-26,23000.0
2026-02-26,30000.0
2026-02-26,25000.0
2026-02-26,54000.0
2026-02-26,8000.0
2026-02-26,50000.0
2026-02-26,27000.0
2026-02-26,12000.0
2026-02-26,6000.0
2026-02-26,108000.0
2026-02-26,8000.0
2026-02-26,25000.0
2026-02-26,24000.0
2026-02-26,36000.0
2026-02-27,44000.0
2026-02-27,6000.0
2026-02-27,20000.0
2026-02-27,20000.0
2026-02-27,24000.0
2026-02-27,30000.0
2026-02-27,20000.0
2026-02-27,50000.0
2026-02-27,22000.0
2026-02-27,12000.0
2026-02-27,25650.0
2026-02-27,15000.0
2026-02-27,6000.0
2026-02-27,27000.0
2026-02-27,25000.0
2026-02-27,38000.0
2026-02-27,5700.0
2026-02-27,92000.0
2026-02-27,40000.0
2026-02-27,14250.0
2026-02-27,8000.0
2026-02-27,6000.0
2026-02-27,20000.0
2026-02-27,46000.0
2026-02-27,8000.0
2026-02-27,15000.0
2026-02-27,12000.0
2026-02-27,23000.0
2026-02-27,27000.0
2026-02-27,12000.0
2026-02-27,25000.0
2026-02-27,12000.0
2026-02-27,30000.0
2026-02-27,6000.0
2026-02-27,54000.0
2026-02-27,20000.0
2026-02-27,8000.0
2026-02-27,44000.0
2026-02-27,40000.0
2026-02-27,8000.0
2026-02-27,47500.0
2026-02-27,50000.0
2026-02-27,48000.0
2026-02-27,27000.0
2026-02-27,20000.0
2026-02-27,9500.0
2026-02-27,48000.0
2026-02-27,46000.0
2026-02-27,19000.0
2026-02-27,27000.0
2026-02-27,24000.0
2026-02-27,50000.0
2026-02-27,15000.0
2026-02-27,11400.0
2026-02-27,24000.0
2026-02-27,12000.0
2026-02-27,46000.0
2026-02-27,44000.0
2026-02-27,22000.0
2026-02-27,15000.0
2026-02-27,11400.0
2026-02-27,15000.0
2026-02-27,8000.0
2026-02-27,10000.0
2026-02-27,12000.0
2026-02-27,24000.0
2026-02-27,24000.0
2026-02-27,66000.0
2026-02-27,81000.0
2026-02-27,20000.0
2026-02-27,44000.0
2026-02-27,27000.0
2026-02-27,27000.0
2026-02-27,32000.0
2026-02-27,15000.0
2026-02-27,66000.0
2026-02-27,44000.0
2026-02-27,40000.0
2026-02-27,88000.0
2026-02-27,66000.0
2026-02-27,6000.0
2026-02-27,22000.0
2026-02-27,48000.0
2026-02-27,5000.0
2026-02-27,15000.0
2026-02-27,20000.0
2026-02-27,48000.0
2026-02-27,24000.0
2026-02-27,10000.0
2026-02-27,40000.0
2026-02-27,10000.0
2026-02-27,40000.0
2026-02-27,22000.0
2026-02-27,10000.0
2026-02-27,10000.0
2026-02-27,22800.0
2026-02-27,23000.0
2026-02-27,71250.0
2026-02-27,48000.0
2026-02-27,24000.0
2026-02-27,5000.0
2026-02-27,25000.0
2026-02-27,22000.0
2026-02-27,95000.0
2026-02-27,44000.0
2026-02-27,15000.0
2026-02-27,46000.0
2026-02-27,60000.0
2026-02-27,16000.0
2026-02-27,25000.0
2026-02-27,23000.0
2026-02-27,23750.0
2026-02-27,12000.0
2026-02-27,15000.0
2026-02-27,44000.0
2026-02-27,12000.0
2026-02-27,50000.0
2026-02-27,22000.0
2026-02-27,25000.0
2026-02-27,22000.0
2026-02-27,54000.0
2026-02-27,6000.0
2026-02-27,6000.0
2026-02-27,40000.0
2026-02-27,20000.0
2026-02-27,5700.0
2026-02-27,8000.0
2026-02-27,75000.0
2026-02-27,45000.0
2026-02-27,60000.0
2026-02-27,10000.0
2026-02-27,10000.0
2026-02-27,25000.0
2026-02-27,16000.0
2026-02-27,95000.0
2026-02-27,88000.0
2026-02-27,12000.0
2026-02-27,23000.0
2026-02-27,5000.0
2026-02-27,60000.0
2026-02-27,22000.0
2026-02-27,10000.0
2026-02-27,23000.0
2026-02-27,30000.0
2026-02-27,27000.0
2026-02-27,28500.0
2026-02-27,15000.0
2026-02-27,23000.0
2026-02-27,12000.0
2026-02-27,22000.0
2026-02-27,6000.0
2026-02-27,24000.0
2026-02-27,24000.0
2026-02-27,30000.0
2026-02-27,6000.0
2026-02-27,44000.0
2026-02-27,15000.0
2026-02-27,23000.0
2026-02-27,23000.0
2026-02-27,24000.0
2026-02-27,48000.0
2026-02-27,6000.0
2026-02-27,54000.0
2026-02-27,30000.0
2026-02-27,25000.0
2026-02-27,23000.0
2026-02-27,22000.0
2026-02-27,24000.0
2026-02-27,12000.0
2026-02-27,24000.0
2026-02-27,25000.0
2026-02-27,6000.0
2026-02-27,10000.0
2026-02-27,15000.0
2026-02-27,54000.0
2026-02-27,60000.0
2026-02-27,10000.0
2026-02-27,22000.0
2026-02-27,8000.0
2026-02-27,20000.0
2026-02-27,24000.0
2026-02-27,48000.0
2026-02-27,5000.0
2026-02-27,24000.0
2026-02-27,16000.0
2026-02-27,15000.0
2026-02-27,22000.0
2026-02-27,30000.0
2026-02-27,72000.0
2026-02-27,10000.0
2026-02-27,48000.0
2026-02-27,10000.0
2026-02-27,6000.0
2026-02-27,30000.0
2026-02-27,32000.0
2026-02-27,46000.0
2026-02-27,15000.0
2026-02-27,15000.0
2026-02-27,24000.0
2026-02-27,44000.0
2026-02-27,6000.0
2026-02-27,24000.0
2026-02-27,5000.0
2026-02-27,24000.0
2026-02-27,15000.0
2026-02-27,24000.0
2026-02-27,6000.0
2026-02-27,25000.0
2026-02-27,36000.0
2026-02-27,25000.0
2026-02-27,48000.0
2026-02-27,23000.0
2026-02-27,12000.0
2026-02-27,10000.0
2026-02-27,6000.0
2026-02-27,40000.0
2026-02-27,48000.0
2026-02-27,23000.0
2026-02-27,24000.0
2026-02-27,6000.0
2026-02-27,32000.0
2026-02-27,15000.0
2026-02-27,22000.0
2026-02-27,24000.0
2026-02-27,23000.0
2026-02-27,12000.0
2026-02-27,24000.0
2026-02-27,30000.0
2026-02-27,19000.0
2026-02-27,23000.0
2026-02-27,50000.0
2026-02-27,22000.0
2026-02-27,14250.0
2026-02-27,25000.0
2026-02-27,68400.0
2026-02-27,24000.0
2026-02-27,6000.0
2026-02-27,10000.0
2026-02-27,48000.0
2026-02-27,12000.0
2026-02-27,24000.0
2026-02-27,18000.0
2026-02-27,19000.0
2026-02-27,15000.0
2026-02-27,12000.0
2026-02-27,24000.0
2026-02-27,76950.0
2026-02-27,20000.0
2026-02-27,40000.0
2026-02-27,18000.0
2026-02-27,5000.0
2026-02-27,40000.0
2026-02-27,11400.0
2026-02-27,6000.0
2026-02-27,25000.0
2026-02-27,20000.0
2026-02-27,48000.0
2026-02-27,10000.0
2026-02-27,12000.0
2026-02-27,24000.0
2026-02-27,24000.0
2026-02-27,15000.0
2026-02-27,23000.0
2026-02-27,6000.0
2026-02-27,24000.0
2026-02-27,25000.0
2026-02-27,8000.0
2026-02-27,6000.0
2026-02-27,8000.0
2026-02-27,6000.0
2026-02-27,62700.0
2026-02-27,22000.0
2026-02-27,15000.0
2026-02-27,40000.0
2026-02-27,25000.0
2026-02-27,12000.0
2026-02-27,6000.0
2026-02-27,45000.0
2026-02-27,24000.0
2026-02-27,12000.0
2026-02-27,15000.0
2026-02-27,40000.0
2026-02-27,12000.0
2026-02-27,5000.0
2026-02-28,15000.0
2026-02-28,10000.0
2026-02-28,36000.0
2026-02-28,6000.0
2026-02-28,10000.0
2026-02-28,44000.0
2026-02-28,15000.0
2026-02-28,20000.0
2026-02-28,48000.0
2026-02-28,22000.0
2026-02-28,22800.0
2026-02-28,30000.0
2026-02-28,8000.0
2026-02-28,30000.0
2026-02-28,48000.0
2026-02-28,22000.0
2026-02-28,5000.0
2026-02-28,41800.0
2026-02-28,21850.0
2026-02-28,8000.0
2026-02-28,66000.0
2026-02-28,6000.0
2026-02-28,27000.0
2026-02-28,43700.0
2026-02-28,25000.0
2026-02-28,12000.0
2026-02-28,23750.0
2026-02-28,40000.0
2026-02-28,44000.0
2026-02-28,30000.0
2026-02-28,20000.0
2026-02-28,12000.0
2026-02-28,30000.0
2026-02-28,32000.0
2026-02-28,12000.0
2026-02-28,48000.0
2026-02-28,11400.0
2026-02-28,88000.0
2026-02-28,24000.0
2026-02-28,6000.0
2026-02-28,27000.0
2026-02-28,40000.0
2026-02-28,15000.0
2026-02-28,24000.0
2026-02-28,6000.0
2026-02-28,8000.0
2026-02-28,10000.0
2026-02-28,6000.0
2026-02-28,10000.0
2026-02-28,32000.0
2026-02-28,15000.0
2026-02-28,6000.0
2026-02-28,15000.0
2026-02-28,15000.0
2026-02-28,5700.0
2026-02-28,50000.0
2026-02-28,75000.0
2026-02-28,6000.0
2026-02-28,23000.0
2026-02-28,48000.0
2026-02-28,46000.0
2026-02-28,14250.0
2026-02-28,46000.0
2026-02-28,9500.0
2026-02-28,6000.0
2026-02-28,10000.0
2026-02-28,66000.0
2026-02-28,32000.0
2026-02-28,50000.0
2026-02-28,6000.0
2026-02-28,11400.0
2026-02-28,16000.0
2026-02-28,7600.0
2026-02-28,6000.0
2026-02-28,32000.0
2026-02-28,16000.0
2026-02-28,36000.0
2026-02-28,20000.0
2026-02-28,23000.0
2026-02-28,15000.0
2026-02-28,6000.0
2026-02-28,40000.0
2026-02-28,20900.0
2026-02-28,12000.0
2026-02-28,15000.0
2026-02-28,24000.0
2026-02-28,8000.0
2026-02-28,30000.0
2026-02-28,6000.0
2026-02-28,5000.0
2026-02-28,22000.0
2026-02-28,27000.0
2026-02-28,20000.0
2026-02-28,5000.0
2026-02-28,88000.0
2026-02-28,12000.0
2026-02-28,23000.0
2026-02-28,40000.0
2026-02-28,25000.0
2026-02-28,6000.0
2026-02-28,80000.0
2026-02-28,5000.0
2026-02-28,5700.0
2026-02-28,24000.0
2026-02-28,5000.0
2026-02-28,22000.0
2026-02-28,27000.0
2026-02-28,12000.0
2026-02-28,40000.0
2026-02-28,6000.0
2026-02-28,27000.0
2026-02-28,15000.0
2026-02-28,6000.0
2026-02-28,62700.0
2026-02-28,46000.0
2026-02-28,20000.0
2026-02-28,6000.0
2026-02-28,11400.0
2026-02-28,5000.0
2026-02-28,18000.0
2026-02-28,22800.0
2026-02-28,8000.0
2026-02-28,30000.0
2026-02-28,6000.0
2026-02-28,10000.0
2026-02-28,76950.0
2026-02-28,15000.0
2026-02-28,48000.0
2026-02-28,6000.0
2026-02-28,4750.0
2026-02-28,75000.0
2026-02-28,24000.0
2026-02-28,16000.0
2026-02-28,10000.0
2026-02-28,22000.0
2026-02-28,15000.0
2026-02-28,22000.0
2026-02-28,30000.0
2026-02-28,15000.0
2026-02-28,12000.0
2026-02-28,20000.0
2026-02-28,8000.0
2026-02-28,40000.0
2026-02-28,20000.0
2026-02-28,12000.0
2026-02-28,44000.0
2026-02-28,30000.0
2026-02-28,36000.0
2026-02-28,22000.0
2026-02-28,24000.0
2026-02-28,12000.0
2026-02-28,76950.0
2026-02-28,11400.0
2026-02-28,24000.0
2026-02-28,6000.0
2026-02-28,30000.0
2026-02-28,46000.0
2026-02-28,25000.0
2026-02-28,44000.0
2026-02-28,8000.0
2026-02-28,22800.0
2026-02-28,20900.0
2026-02-28,27000.0
2026-02-28,25000.0
2026-02-28,50000.0
2026-02-28,25000.0
2026-02-28,12000.0
2026-02-28,5000.0
2026-02-28,5000.0
2026-02-28,44000.0
2026-02-28,6000.0
2026-02-28,25000.0
2026-02-28,6000.0
2026-02-28,10000.0
2026-02-28,27000.0
2026-02-28,25650.0
2026-02-28,23000.0
2026-02-28,5000.0
2026-02-28,50000.0
2026-02-28,48000.0
2026-02-28,5000.0
2026-02-28,25000.0
2026-02-28,30000.0
2026-02-28,12000.0
2026-02-28,12000.0
2026-02-28,15000.0
2026-02-28,48000.0
2026-02-28,22000.0
2026-02-28,102600.0
2026-02-28,20000.0
2026-02-28,23000.0
2026-02-28,15000.0
2026-02-28,16000.0
2026-02-28,36000.0
2026-02-28,8000.0
2026-02-28,6000.0
2026-02-28,12000.0
2026-02-28,22000.0
2026-02-28,10000.0
2026-02-28,15000.0
2026-02-28,11400.0
2026-02-28,10000.0
2026-02-28,100000.0
2026-02-28,69000.0
2026-02-28,5700.0
2026-02-28,27000.0
2026-02-28,46000.0
2026-02-28,8000.0
2026-02-28,22000.0
2026-02-28,27000.0
2026-02-28,23750.0
2026-02-28,40000.0
2026-02-28,24000.0
2026-02-28,20000.0
2026-02-28,24000.0
2026-02-28,25000.0
2026-02-28,11400.0
2026-02-28,12000.0
2026-02-28,8000.0
2026-02-28,75000.0
2026-02-28,23000.0
2026-02-28,45000.0
2026-02-28,72000.0
2026-02-28,24000.0
2026-02-28,46000.0
2026-02-28,20000.0
2026-02-28,40000.0
2026-02-28,10000.0
2026-02-28,48000.0
2026-02-28,54000.0
2026-02-28,24000.0
2026-02-28,25000.0
2026-02-28,36000.0
2026-02-28,6000.0
2026-02-28,24000.0
2026-02-28,20000.0
2026-02-28,6000.0
2026-02-28,25000.0
2026-02-28,41800.0
2026-02-28,6000.0
2026-02-28,24000.0
2026-02-28,20000.0
2026-02-28,75000.0
2026-02-28,24000.0
2026-02-28,4750.0
2026-02-28,8000.0
2026-02-28,6000.0
2026-02-28,25000.0
2026-02-28,45000.0
2026-02-28,54000.0
2026-02-28,15000.0
2026-02-28,8000.0
2026-02-28,44000.0
2026-02-28,12000.0
2026-02-28,25000.0
2026-03-01,22000.0
2026-03-01,22000.0
2026-03-01,47500.0
2026-03-01,20000.0
2026-03-01,54000.0
2026-03-01,25000.0
2026-03-01,18000.0
2026-03-01,66000.0
2026-03-01,11400.0
2026-03-01,30000.0
2026-03-01,12000.0
2026-03-01,20000.0
2026-03-01,20000.0
2026-03-01,72000.0
2026-03-01,10000.0
2026-03-01,8000.0
2026-03-01,5000.0
2026-03-01,15000.0
2026-03-01,10000.0
2026-03-01,54000.0
2026-03-01,20000.0
2026-03-01,42750.0
2026-03-01,20000.0
2026-03-01,96000.0
2026-03-01,10000.0
2026-03-01,20000.0
2026-03-01,24000.0
2026-03-01,6000.0
2026-03-01,48000.0
2026-03-01,16000.0
2026-03-01,11400.0
2026-03-01,5000.0
2026-03-01,30000.0
2026-03-01,12000.0
2026-03-01,66000.0
2026-03-01,69000.0
2026-03-01,12000.0
2026-03-01,24000.0
2026-03-01,57000.0
2026-03-01,10000.0
2026-03-01,30000.0
2026-03-01,69000.0
2026-03-01,15000.0
2026-03-01,46000.0
2026-03-01,6000.0
2026-03-01,22000.0
2026-03-01,92000.0
2026-03-01,46000.0
2026-03-01,22000.0
2026-03-01,60000.0
2026-03-01,12000.0
2026-03-01,45000.0
2026-03-01,50000.0
2026-03-01,30000.0
2026-03-01,23000.0
2026-03-01,24000.0
2026-03-01,20000.0
2026-03-01,44000.0
2026-03-01,22000.0
2026-03-01,48000.0
2026-03-01,22000.0
2026-03-01,20000.0
2026-03-01,24000.0
2026-03-01,75000.0
2026-03-01,30000.0
2026-03-01,12000.0
2026-03-01,44000.0
2026-03-01,40000.0
2026-03-01,15000.0
2026-03-01,30000.0
2026-03-01,5000.0
2026-03-01,48000.0
2026-03-01,12000.0
2026-03-01,12000.0
2026-03-01,75000.0
2026-03-01,22000.0
2026-03-01,20000.0
2026-03-01,8000.0
2026-03-01,30000.0
2026-03-01,60000.0
2026-03-01,15000.0
2026-03-01,54000.0
2026-03-01,10000.0
2026-03-01,75000.0
2026-03-01,72000.0
2026-03-01,25000.0
2026-03-01,22000.0
2026-03-01,16000.0
2026-03-01,22800.0
2026-03-01,10000.0
2026-03-01,24000.0
2026-03-01,44000.0
2026-03-01,16000.0
2026-03-01,6000.0
2026-03-01,24000.0
2026-03-01,44000.0
2026-03-01,20000.0
2026-03-01,10000.0
2026-03-01,21850.0
2026-03-01,46000.0
2026-03-01,20000.0
2026-03-01,24000.0
2026-03-01,27000.0
2026-03-01,6000.0
2026-03-01,40000.0
2026-03-01,23000.0
2026-03-01,27000.0
2026-03-01,25000.0
2026-03-01,24000.0
2026-03-01,24000.0
2026-03-01,16000.0
2026-03-01,15000.0
2026-03-01,88000.0
2026-03-01,12000.0
2026-03-01,14250.0
2026-03-01,22000.0
2026-03-01,25000.0
2026-03-01,6000.0
2026-03-01,11400.0
2026-03-01,25000.0
2026-03-01,8000.0
2026-03-01,15000.0
2026-03-01,12000.0
2026-03-01,6000.0
2026-03-01,6000.0
2026-03-01,20000.0
2026-03-01,15000.0
2026-03-01,69000.0
2026-03-01,23000.0
2026-03-01,41800.0
2026-03-01,24000.0
2026-03-01,12000.0
2026-03-01,100000.0
2026-03-01,22800.0
2026-03-01,6000.0
2026-03-01,46000.0
2026-03-01,5700.0
2026-03-01,25000.0
2026-03-01,46000.0
2026-03-01,16000.0
2026-03-01,6000.0
2026-03-01,10000.0
2026-03-01,12000.0
2026-03-01,22000.0
2026-03-01,5000.0
2026-03-01,36000.0
2026-03-01,14250.0
2026-03-01,30000.0
2026-03-01,6000.0
2026-03-01,68400.0
2026-03-01,23000.0
2026-03-01,10000.0
2026-03-01,36000.0
2026-03-01,5000.0
2026-03-01,24000.0
2026-03-01,10000.0
2026-03-01,50000.0
2026-03-01,12000.0
2026-03-01,20000.0
2026-03-01,22000.0
2026-03-01,69000.0
2026-03-01,24000.0
2026-03-01,5000.0
2026-03-01,23000.0
2026-03-01,71250.0
2026-03-01,22000.0
2026-03-01,6000.0
2026-03-01,60000.0
2026-03-01,14250.0
2026-03-01,12000.0
2026-03-01,25000.0
2026-03-01,6000.0
2026-03-01,7600.0
2026-03-01,20000.0
2026-03-01,45000.0
2026-03-01,20000.0
2026-03-01,30000.0
2026-03-01,36000.0
2026-03-01,6000.0
2026-03-01,6000.0
2026-03-01,12000.0
2026-03-01,25000.0
2026-03-01,24000.0
2026-03-01,40000.0
2026-03-01,5700.0
2026-03-01,44000.0
2026-03-01,27000.0
2026-03-01,12000.0
2026-03-01,80000.0
2026-03-01,8000.0
2026-03-01,20000.0
2026-03-01,6000.0
2026-03-01,24000.0
2026-03-01,24000.0
2026-03-01,5000.0
2026-03-01,24000.0
2026-03-01,6000.0
2026-03-01,6000.0
2026-03-01,15000.0
2026-03-01,12000.0
2026-03-01,10000.0
2026-03-01,30000.0
2026-03-01,16000.0
2026-03-01,6000.0
2026-03-01,6000.0
2026-03-01,12000.0
2026-03-01,18000.0
2026-03-01,47500.0
2026-03-01,15000.0
2026-03-01,10000.0
2026-03-01,5000.0
2026-03-01,7600.0
2026-03-01,15000.0
2026-03-01,48000.0
2026-03-01,44000.0
2026-03-01,5000.0
2026-03-01,9500.0
2026-03-01,23000.0
2026-03-01,20000.0
2026-03-01,40000.0
2026-03-01,22000.0
2026-03-01,54000.0
2026-03-01,8000.0
2026-03-01,30400.0
2026-03-01,20000.0
2026-03-01,8000.0
2026-03-01,46000.0
2026-03-01,8000.0
2026-03-01,44000.0
2026-03-01,6000.0
2026-03-01,10000.0
2026-03-01,27000.0
2026-03-02,11400.0
2026-03-02,69000.0
2026-03-02,25000.0
2026-03-02,6000.0
2026-03-02,14250.0
2026-03-02,12000.0
2026-03-02,25000.0
2026-03-02,22000.0
2026-03-02,44000.0
2026-03-02,24000.0
2026-03-02,5000.0
2026-03-02,22800.0
2026-03-02,8000.0
2026-03-02,20900.0
2026-03-02,16000.0
2026-03-02,28500.0
2026-03-02,23750.0
2026-03-02,10000.0
2026-03-02,46000.0
2026-03-02,12000.0
2026-03-02,15000.0
2026-03-02,10000.0
2026-03-02,25000.0
2026-03-02,6000.0
2026-03-02,25000.0
2026-03-02,22000.0
2026-03-02,25000.0
2026-03-02,25000.0
2026-03-02,50000.0
2026-03-02,40000.0
2026-03-02,54000.0
2026-03-02,12000.0
2026-03-02,10000.0
2026-03-02,22000.0
2026-03-02,14250.0
2026-03-02,54000.0
2026-03-02,32000.0
2026-03-02,25000.0
2026-03-02,25000.0
2026-03-02,15000.0
2026-03-02,46000.0
2026-03-02,20000.0
2026-03-02,22000.0
2026-03-02,50000.0
2026-03-02,100000.0
2026-03-02,50000.0
2026-03-02,24000.0
2026-03-02,24000.0
2026-03-02,5700.0
2026-03-02,27000.0
2026-03-02,25000.0
2026-03-02,20000.0
2026-03-02,12000.0
2026-03-02,7600.0
2026-03-02,24000.0
2026-03-02,15000.0
2026-03-02,5700.0
2026-03-02,25000.0
2026-03-02,12000.0
2026-03-02,54000.0
2026-03-02,54000.0
2026-03-02,5000.0
2026-03-02,22000.0
2026-03-02,44000.0
2026-03-02,15000.0
2026-03-02,6000.0
2026-03-02,54000.0
2026-03-02,46000.0
2026-03-02,25000.0
2026-03-02,25000.0
2026-03-02,15000.0
2026-03-02,60000.0
2026-03-02,100000.0
2026-03-02,22000.0
2026-03-02,8000.0
2026-03-02,40000.0
2026-03-02,60000.0
2026-03-02,12000.0
2026-03-02,15000.0
2026-03-02,23000.0
2026-03-02,50000.0
2026-03-02,15000.0
2026-03-02,5700.0
2026-03-02,8000.0
2026-03-02,43700.0
2026-03-02,12000.0
2026-03-02,28500.0
2026-03-02,30000.0
2026-03-02,5000.0
2026-03-02,20000.0
2026-03-02,24000.0
2026-03-02,45000.0
2026-03-02,8000.0
2026-03-02,5000.0
2026-03-02,20000.0
2026-03-02,25000.0
2026-03-02,81000.0
2026-03-02,18000.0
2026-03-02,60000.0
2026-03-02,5000.0
2026-03-02,25000.0
2026-03-02,23000.0
2026-03-02,20000.0
2026-03-02,19000.0
2026-03-02,20900.0
2026-03-02,23750.0
2026-03-02,6000.0
2026-03-02,50000.0
2026-03-02,8000.0
2026-03-02,25000.0
2026-03-02,22000.0
2026-03-02,15000.0
2026-03-02,6000.0
2026-03-02,50000.0
2026-03-02,20000.0
2026-03-02,24000.0
2026-03-02,12000.0
2026-03-02,16000.0
2026-03-02,54000.0
2026-03-02,24000.0
2026-03-02,20900.0
2026-03-02,24000.0
2026-03-02,27000.0
2026-03-02,44000.0
2026-03-02,15000.0
2026-03-02,5000.0
2026-03-02,20000.0
2026-03-02,8000.0
2026-03-02,46000.0
2026-03-02,45000.0
2026-03-02,30000.0
2026-03-02,22000.0
2026-03-02,15000.0
2026-03-02,22000.0
2026-03-02,20000.0
2026-03-02,15000.0
2026-03-02,4750.0
2026-03-02,24000.0
2026-03-02,22000.0
2026-03-02,24000.0
2026-03-02,22000.0
2026-03-02,5000.0
2026-03-02,5000.0
2026-03-02,15000.0
2026-03-02,12000.0
2026-03-02,41800.0
2026-03-02,6000.0
2026-03-02,20000.0
2026-03-02,20000.0
2026-03-02,21850.0
2026-03-02,24000.0
2026-03-02,12000.0
2026-03-02,24000.0
2026-03-02,48000.0
2026-03-02,25650.0
2026-03-02,20000.0
2026-03-02,10000.0
2026-03-02,5000.0
2026-03-02,66000.0
2026-03-02,15000.0
2026-03-02,22000.0
2026-03-02,8000.0
2026-03-02,50000.0
2026-03-02,69000.0
2026-03-02,24000.0
2026-03-02,27000.0
2026-03-02,18000.0
2026-03-02,8000.0
2026-03-02,25000.0
2026-03-02,12000.0
2026-03-02,6000.0
2026-03-02,91200.0
2026-03-02,12000.0
2026-03-02,20000.0
2026-03-02,23000.0
2026-03-02,10000.0
2026-03-02,12000.0
2026-03-02,40000.0
2026-03-02,22000.0
2026-03-02,15000.0
2026-03-02,24000.0
2026-03-02,12000.0
2026-03-02,23000.0
2026-03-02,12000.0
2026-03-02,7600.0
2026-03-02,11400.0
2026-03-02,50000.0
2026-03-02,24000.0
2026-03-02,5000.0
2026-03-02,15000.0
2026-03-02,46000.0
2026-03-02,40000.0
2026-03-02,50000.0
2026-03-02,24000.0
2026-03-02,40000.0
2026-03-02,48000.0
2026-03-02,8000.0
2026-03-02,5000.0
2026-03-02,48000.0
2026-03-02,8000.0
2026-03-02,10000.0
2026-03-02,15000.0
2026-03-02,12000.0
2026-03-02,30000.0
2026-03-02,23000.0
2026-03-02,24000.0
2026-03-03,54000.0
2026-03-03,10000.0
2026-03-03,22000.0
2026-03-03,30000.0
2026-03-03,48000.0
2026-03-03,5700.0
2026-03-03,6000.0
2026-03-03,6000.0
2026-03-03,40000.0
2026-03-03,7600.0
2026-03-03,50000.0
2026-03-03,15000.0
2026-03-03,44000.0
2026-03-03,6000.0
2026-03-03,20000.0
2026-03-03,24000.0
2026-03-03,24000.0
2026-03-03,10000.0
2026-03-03,6000.0
2026-03-03,24000.0
2026-03-03,24000.0
2026-03-03,46000.0
2026-03-03,46000.0
2026-03-03,20000.0
2026-03-03,40000.0
2026-03-03,6000.0
2026-03-03,46000.0
2026-03-03,23000.0
2026-03-03,25000.0
2026-03-03,23000.0
2026-03-03,16000.0
2026-03-03,15000.0
2026-03-03,44000.0
2026-03-03,15000.0
2026-03-03,24000.0
2026-03-03,40000.0
2026-03-03,22000.0
2026-03-03,5000.0
2026-03-03,48000.0
2026-03-03,12000.0
2026-03-03,6000.0
2026-03-03,6000.0
2026-03-03,24000.0
2026-03-03,11400.0
2026-03-03,24000.0
2026-03-03,50000.0
2026-03-03,81000.0
2026-03-03,10000.0
2026-03-03,81000.0
2026-03-03,44000.0
2026-03-03,15000.0
2026-03-03,25000.0
2026-03-03,34200.0
2026-03-03,12000.0
2026-03-03,48000.0
2026-03-03,66000.0
2026-03-03,18000.0
2026-03-03,60000.0
2026-03-03,12000.0
2026-03-03,30000.0
2026-03-03,27000.0
2026-03-03,6000.0
2026-03-03,8000.0
2026-03-03,12000.0
2026-03-03,60000.0
2026-03-03,40000.0
2026-03-03,22000.0
2026-03-03,15000.0
2026-03-03,75000.0
2026-03-03,20000.0
2026-03-03,24000.0
2026-03-03,40000.0
2026-03-03,10000.0
2026-03-03,12000.0
2026-03-03,20000.0
2026-03-03,30000.0
2026-03-03,10000.0
2026-03-03,12000.0
2026-03-03,18000.0
2026-03-03,54000.0
2026-03-03,44000.0
2026-03-03,20000.0
2026-03-03,50000.0
2026-03-03,10000.0
2026-03-03,25000.0
2026-03-03,10000.0
2026-03-03,10000.0
2026-03-03,8000.0
2026-03-03,12000.0
2026-03-03,46000.0
2026-03-03,6000.0
2026-03-03,76950.0
2026-03-03,15000.0
2026-03-03,23000.0
2026-03-03,12000.0
2026-03-03,22000.0
2026-03-03,36000.0
2026-03-03,40000.0
2026-03-03,8000.0
2026-03-03,12000.0
2026-03-03,23000.0
2026-03-03,12000.0
2026-03-03,75000.0
2026-03-03,22000.0
2026-03-03,10000.0
2026-03-03,15000.0
2026-03-03,22000.0
2026-03-03,24000.0
2026-03-03,10000.0
2026-03-03,22000.0
2026-03-03,20000.0
2026-03-03,96000.0
2026-03-03,44000.0
2026-03-03,10000.0
2026-03-03,24000.0
2026-03-03,15000.0
2026-03-03,6000.0
2026-03-03,20000.0
2026-03-03,12000.0
2026-03-03,15000.0
2026-03-03,6000.0
2026-03-03,6000.0
2026-03-03,10000.0
2026-03-03,20000.0
2026-03-03,15000.0
2026-03-03,72000.0
2026-03-03,12000.0
2026-03-03,5700.0
2026-03-03,20000.0
2026-03-03,7600.0
2026-03-03,6000.0
2026-03-03,14250.0
2026-03-03,20000.0
2026-03-03,19000.0
2026-03-03,12000.0
2026-03-03,44000.0
2026-03-03,50000.0
2026-03-03,12000.0
2026-03-03,8000.0
2026-03-03,24000.0
2026-03-03,24000.0
2026-03-03,10000.0
2026-03-03,24000.0
2026-03-03,108000.0
2026-03-03,25000.0
2026-03-03,54000.0
2026-03-03,15000.0
2026-03-03,50000.0
2026-03-03,23000.0
2026-03-03,54000.0
2026-03-03,24000.0
2026-03-03,15000.0
2026-03-03,72000.0
2026-03-03,15000.0
2026-03-03,22000.0
2026-03-03,10000.0
2026-03-03,22000.0
2026-03-03,24000.0
2026-03-03,20000.0
2026-03-03,15000.0
2026-03-03,22000.0
2026-03-03,15000.0
2026-03-03,6000.0
2026-03-03,9500.0
2026-03-03,9500.0
2026-03-03,17100.0
2026-03-03,27000.0
2026-03-03,6000.0
2026-03-03,24000.0
2026-03-03,16000.0
2026-03-03,22000.0
2026-03-03,16000.0
2026-03-03,15000.0
2026-03-03,8000.0
2026-03-03,27000.0
2026-03-03,46000.0
2026-03-03,50000.0
2026-03-03,15000.0
2026-03-03,15000.0
2026-03-03,14250.0
2026-03-03,10000.0
2026-03-03,6000.0
2026-03-03,25000.0
2026-03-03,6000.0
2026-03-03,30000.0
2026-03-03,27000.0
2026-03-03,15000.0
2026-03-03,6000.0
2026-03-03,25000.0
2026-03-03,5000.0
2026-03-03,8000.0
2026-03-03,40000.0
2026-03-03,48000.0
2026-03-03,22800.0
2026-03-03,30000.0
2026-03-03,17100.0
2026-03-03,5000.0
2026-03-03,30000.0
2026-03-03,11400.0
2026-03-03,27000.0
2026-03-03,25000.0
2026-03-03,15000.0
2026-03-03,75000.0
2026-03-03,24000.0
2026-03-03,23000.0
2026-03-03,23000.0
2026-03-03,25000.0
2026-03-03,5700.0
2026-03-03,45000.0
2026-03-03,18000.0
2026-03-03,20900.0
2026-03-03,25000.0
2026-03-03,48000.0
2026-03-03,12000.0
2026-03-03,16000.0
2026-03-03,9500.0
2026-03-03,10000.0
2026-03-03,5700.0
2026-03-03,18000.0
2026-03-03,27000.0
2026-03-03,22000.0
2026-03-03,25000.0
2026-03-03,30000.0
2026-03-03,30000.0
2026-03-03,46000.0
2026-03-03,24000.0
2026-03-03,23000.0
2026-03-03,6000.0
2026-03-03,8000.0
2026-03-03,12000.0
2026-03-03,30000.0
2026-03-03,24000.0
2026-03-03,23000.0
2026-03-03,6000.0
2026-03-03,6000.0
2026-03-03,21850.0
2026-03-03,18000.0
2026-03-03,76000.0
2026-03-03,44000.0
2026-03-03,12000.0
2026-03-03,22000.0
2026-03-03,24000.0
2026-03-03,30000.0
2026-03-03,20000.0
2026-03-03,23000.0
2026-03-04,15000.0
2026-03-04,27000.0
2026-03-04,21850.0
2026-03-04,12000.0
2026-03-04,28500.0
2026-03-04,6000.0
2026-03-04,11400.0
2026-03-04,20900.0
2026-03-04,22000.0
2026-03-04,5000.0
2026-03-04,6000.0
2026-03-04,10000.0
2026-03-04,24000.0
2026-03-04,23000.0
2026-03-04,44000.0
2026-03-04,24000.0
2026-03-04,6000.0
2026-03-04,54000.0
2026-03-04,12000.0
2026-03-04,8000.0
2026-03-04,69000.0
2026-03-04,25000.0
2026-03-04,10000.0
2026-03-04,7600.0
2026-03-04,23000.0
2026-03-04,6000.0
2026-03-04,54000.0
2026-03-04,30000.0
2026-03-04,62700.0
2026-03-04,19000.0
2026-03-04,12000.0
2026-03-04,5000.0
2026-03-04,20000.0
2026-03-04,24000.0
2026-03-04,24000.0
2026-03-04,46000.0
2026-03-04,8000.0
2026-03-04,8000.0
2026-03-04,20000.0
2026-03-04,12000.0
2026-03-04,15000.0
2026-03-04,24000.0
2026-03-04,75000.0
2026-03-04,5000.0
2026-03-04,14250.0
2026-03-04,15000.0
2026-03-04,6000.0
2026-03-04,5000.0
2026-03-04,32000.0
2026-03-04,16000.0
2026-03-04,22000.0
2026-03-04,24000.0
2026-03-04,6000.0
2026-03-04,27000.0
2026-03-04,6000.0
2026-03-04,8000.0
2026-03-04,14250.0
2026-03-04,19000.0
2026-03-04,12000.0
2026-03-04,15000.0
2026-03-04,88000.0
2026-03-04,10000.0
2026-03-04,5000.0
2026-03-04,8000.0
2026-03-04,25000.0
2026-03-04,20000.0
2026-03-04,30000.0
2026-03-04,46000.0
2026-03-04,68400.0
2026-03-04,12000.0
2026-03-04,8000.0
2026-03-04,24000.0
2026-03-04,24000.0
2026-03-04,12000.0
2026-03-04,25000.0
2026-03-04,6000.0
2026-03-04,23000.0
2026-03-04,50000.0
2026-03-04,48000.0
2026-03-04,25000.0
2026-03-04,12000.0
2026-03-04,40000.0
2026-03-04,9500.0
2026-03-04,15000.0
2026-03-04,24000.0
2026-03-04,80000.0
2026-03-04,15000.0
2026-03-04,20000.0
2026-03-04,48000.0
2026-03-04,24000.0
2026-03-04,8000.0
2026-03-04,22000.0
2026-03-04,45600.0
2026-03-04,24000.0
2026-03-04,11400.0
2026-03-04,66000.0
2026-03-04,6000.0
2026-03-04,16000.0
2026-03-04,72000.0
2026-03-04,18000.0
2026-03-04,27000.0
2026-03-04,30000.0
2026-03-04,40000.0
2026-03-04,50000.0
2026-03-04,10000.0
2026-03-04,24000.0
2026-03-04,12000.0
2026-03-04,25000.0
2026-03-04,66000.0
2026-03-04,10000.0
2026-03-04,40000.0
2026-03-04,6000.0
2026-03-04,15000.0
2026-03-04,22800.0
2026-03-04,22000.0
2026-03-04,7600.0
2026-03-04,12000.0
2026-03-04,23000.0
2026-03-04,25000.0
2026-03-04,60000.0
2026-03-04,54000.0
2026-03-04,96000.0
2026-03-04,10000.0
2026-03-04,22000.0
2026-03-04,50000.0
2026-03-04,24000.0
2026-03-04,22000.0
2026-03-04,23750.0
2026-03-04,15000.0
2026-03-04,23000.0
2026-03-04,24000.0
2026-03-04,22000.0
2026-03-04,12000.0
2026-03-04,25000.0
2026-03-04,27000.0
2026-03-04,12000.0
2026-03-04,5000.0
2026-03-04,25650.0
2026-03-04,44000.0
2026-03-04,32000.0
2026-03-04,81000.0
2026-03-04,8000.0
2026-03-04,10000.0
2026-03-04,24000.0
2026-03-04,22000.0
2026-03-04,6000.0
2026-03-04,16000.0
2026-03-04,24000.0
2026-03-04,25000.0
2026-03-04,54000.0
2026-03-04,12000.0
2026-03-04,27000.0
2026-03-04,76950.0
2026-03-04,20000.0
2026-03-04,60000.0
2026-03-04,9500.0
2026-03-04,8000.0
2026-03-04,23000.0
2026-03-04,22000.0
2026-03-04,24000.0
2026-03-04,25000.0
2026-03-04,40000.0
2026-03-04,25000.0
2026-03-04,12000.0
2026-03-04,6000.0
2026-03-04,24000.0
2026-03-04,12000.0
2026-03-04,44000.0
2026-03-04,6000.0
2026-03-04,80000.0
2026-03-04,48000.0
2026-03-04,22800.0
2026-03-04,15000.0
2026-03-04,44000.0
2026-03-04,24000.0
2026-03-04,24000.0
2026-03-04,5000.0
2026-03-04,50000.0
2026-03-04,30000.0
2026-03-04,46000.0
2026-03-04,15000.0
2026-03-04,22000.0
2026-03-04,8000.0
2026-03-04,15000.0
2026-03-04,12000.0
2026-03-04,25000.0
2026-03-04,46000.0
2026-03-04,12000.0
2026-03-04,30000.0
2026-03-04,21850.0
2026-03-04,24000.0
2026-03-04,6000.0
2026-03-04,24000.0
2026-03-04,16000.0
2026-03-04,46000.0
2026-03-04,6000.0
2026-03-04,5000.0
2026-03-04,12000.0
2026-03-04,24000.0
2026-03-04,24000.0
2026-03-04,12000.0
2026-03-04,24000.0
2026-03-04,6000.0
2026-03-04,25000.0
2026-03-04,20000.0
2026-03-04,8000.0
2026-03-04,23000.0
2026-03-04,54000.0
2026-03-04,10000.0
2026-03-04,5700.0
2026-03-04,50000.0
2026-03-04,8000.0
2026-03-04,20000.0
2026-03-04,9500.0
2026-03-04,8000.0
2026-03-04,10000.0
2026-03-04,6000.0
2026-03-04,15000.0
2026-03-04,20000.0
2026-03-04,38000.0
2026-03-05,25000.0
2026-03-05,75000.0
2026-03-05,12000.0
2026-03-05,22800.0
2026-03-05,22000.0
2026-03-05,30000.0
2026-03-05,8000.0
2026-03-05,7600.0
2026-03-05,6000.0
2026-03-05,22000.0
2026-03-05,24000.0
2026-03-05,50000.0
2026-03-05,15000.0
2026-03-05,40000.0
2026-03-05,20000.0
2026-03-05,44000.0
2026-03-05,14250.0
2026-03-05,20000.0
2026-03-05,46000.0
2026-03-05,22000.0
2026-03-05,6000.0
2026-03-05,24000.0
2026-03-05,25000.0
2026-03-05,54000.0
2026-03-05,44000.0
2026-03-05,20000.0
2026-03-05,91200.0
2026-03-05,75000.0
2026-03-05,28500.0
2026-03-05,20900.0
2026-03-05,16000.0
2026-03-05,25000.0
2026-03-05,30000.0
2026-03-05,23000.0
2026-03-05,66000.0
2026-03-05,24000.0
2026-03-05,8000.0
2026-03-05,20000.0
2026-03-05,12000.0
2026-03-05,8000.0
2026-03-05,22000.0
2026-03-05,41800.0
2026-03-05,24000.0
2026-03-05,7600.0
2026-03-05,45000.0
2026-03-05,11400.0
2026-03-05,15000.0
2026-03-05,22000.0
2026-03-05,12000.0
2026-03-05,69000.0
2026-03-05,24000.0
2026-03-05,41800.0
2026-03-05,23000.0
2026-03-05,8000.0
2026-03-05,12000.0
2026-03-05,22000.0
2026-03-05,15000.0
2026-03-05,40000.0
2026-03-05,12000.0
2026-03-05,22000.0
2026-03-05,23000.0
2026-03-05,6000.0
2026-03-05,15000.0
2026-03-05,24000.0
2026-03-05,5000.0
2026-03-05,60000.0
2026-03-05,8000.0
2026-03-05,20000.0
2026-03-05,44000.0
2026-03-05,23000.0
2026-03-05,50000.0
2026-03-05,22000.0
2026-03-05,20900.0
2026-03-05,10000.0
2026-03-05,23000.0
2026-03-05,50000.0
2026-03-05,15000.0
2026-03-05,27000.0
2026-03-05,23000.0
2026-03-05,16000.0
2026-03-05,30000.0
2026-03-05,14250.0
2026-03-05,24000.0
2026-03-05,15000.0
2026-03-05,22000.0
2026-03-05,12000.0
2026-03-05,50000.0
2026-03-05,45000.0
2026-03-05,7600.0
2026-03-05,20000.0
2026-03-05,8000.0
2026-03-05,9500.0
2026-03-05,45000.0
2026-03-05,12000.0
2026-03-05,10000.0
2026-03-05,22800.0
2026-03-05,10000.0
2026-03-05,23000.0
2026-03-05,24000.0
2026-03-05,10000.0
2026-03-05,8000.0
2026-03-05,18000.0
2026-03-05,15000.0
2026-03-05,8000.0
2026-03-05,62700.0
2026-03-05,100000.0
2026-03-05,20900.0
2026-03-05,6000.0
2026-03-05,16000.0
2026-03-05,10000.0
2026-03-05,48000.0
2026-03-05,12000.0
2026-03-05,15000.0
2026-03-05,72000.0
2026-03-05,24000.0
2026-03-05,80000.0
2026-03-05,27000.0
2026-03-05,12000.0
2026-03-05,6000.0
2026-03-05,10000.0
2026-03-05,15000.0
2026-03-05,15000.0
2026-03-05,18000.0
2026-03-05,45000.0
2026-03-05,40000.0
2026-03-05,44000.0
2026-03-05,30000.0
2026-03-05,42750.0
2026-03-05,22000.0
2026-03-05,20900.0
2026-03-05,6000.0
2026-03-05,23000.0
2026-03-05,6000.0
2026-03-05,45600.0
2026-03-05,20900.0
2026-03-05,48000.0
2026-03-05,54000.0
2026-03-05,30000.0
2026-03-05,6000.0
2026-03-05,30000.0
2026-03-05,8000.0
2026-03-05,30000.0
2026-03-05,22800.0
2026-03-05,6000.0
2026-03-05,24000.0
2026-03-05,12000.0
2026-03-05,100000.0
2026-03-05,30000.0
2026-03-05,25650.0
2026-03-05,20000.0
2026-03-05,12000.0
2026-03-05,10000.0
2026-03-05,24000.0
2026-03-05,24000.0
2026-03-05,72000.0
2026-03-05,25000.0
2026-03-05,19000.0
2026-03-05,23000.0
2026-03-05,48000.0
2026-03-05,6000.0
2026-03-05,15000.0
2026-03-05,14250.0
2026-03-05,30000.0
2026-03-05,22000.0
2026-03-05,8000.0
2026-03-05,15000.0
2026-03-05,6000.0
2026-03-05,20000.0
2026-03-05,23000.0
2026-03-05,22000.0
2026-03-05,62700.0
2026-03-05,15000.0
2026-03-05,24000.0
2026-03-05,23000.0
2026-03-05,4750.0
2026-03-05,12000.0
2026-03-05,12000.0
2026-03-05,6000.0
2026-03-05,20000.0
2026-03-05,23000.0
2026-03-05,30000.0
2026-03-05,22000.0
2026-03-05,40000.0
2026-03-05,22000.0
2026-03-05,15000.0
2026-03-05,45000.0
2026-03-05,60000.0
2026-03-05,25000.0
2026-03-05,48000.0
2026-03-05,19000.0
2026-03-05,69000.0
2026-03-05,60000.0
2026-03-05,23000.0
2026-03-05,24000.0
2026-03-05,12000.0
2026-03-05,40000.0
2026-03-05,6000.0
2026-03-05,25000.0
2026-03-05,24000.0
2026-03-05,10000.0
2026-03-05,40000.0
2026-03-05,81000.0
2026-03-05,14250.0
2026-03-05,16000.0
2026-03-05,6000.0
2026-03-05,24000.0
2026-03-05,8000.0
2026-03-05,5000.0
2026-03-05,20000.0
2026-03-05,66000.0
2026-03-05,11400.0
2026-03-05,30000.0
2026-03-05,27000.0
2026-03-05,44000.0
2026-03-05,12000.0
2026-03-05,5000.0
2026-03-05,32000.0
2026-03-05,44000.0
2026-03-05,6000.0
2026-03-05,24000.0
2026-03-05,11400.0
2026-03-05,27000.0
2026-03-05,6000.0
2026-03-05,27000.0
2026-03-05,24000.0
2026-03-05,6000.0
2026-03-05,46000.0
2026-03-05,15000.0
2026-03-05,24000.0
2026-03-05,16000.0
2026-03-05,23000.0
2026-03-05,25000.0
2026-03-05,12000.0
2026-03-05,20000.0
2026-03-05,4750.0
2026-03-05,12000.0
2026-03-05,12000.0
2026-03-05,72000.0
2026-03-05,22000.0
2026-03-05,15000.0
2026-03-05,50000.0
2026-03-05,20000.0
2026-03-05,60000.0
2026-03-05,87400.0
2026-03-05,22000.0
2026-03-05,24000.0
2026-03-05,6000.0
2026-03-05,25000.0
2026-03-05,44000.0
2026-03-05,48000.0
2026-03-06,25000.0
2026-03-06,15000.0
2026-03-06,25000.0
2026-03-06,12000.0
2026-03-06,30000.0
2026-03-06,8000.0
2026-03-06,23000.0
2026-03-06,15200.0
2026-03-06,27000.0
2026-03-06,15000.0
2026-03-06,30000.0
2026-03-06,8000.0
2026-03-06,48000.0
2026-03-06,15000.0
2026-03-06,40000.0
2026-03-06,11400.0
2026-03-06,60000.0
2026-03-06,46000.0
2026-03-06,23000.0
2026-03-06,10000.0
2026-03-06,47500.0
2026-03-06,24000.0
2026-03-06,12000.0
2026-03-06,11400.0
2026-03-06,20000.0
2026-03-06,18000.0
2026-03-06,69000.0
2026-03-06,28500.0
2026-03-06,45000.0
2026-03-06,12000.0
2026-03-06,16000.0
2026-03-06,5000.0
2026-03-06,50000.0
2026-03-06,15000.0
2026-03-06,81000.0
2026-03-06,11400.0
2026-03-06,7600.0
2026-03-06,50000.0
2026-03-06,66000.0
2026-03-06,6000.0
2026-03-06,27000.0
2026-03-06,30000.0
2026-03-06,8000.0
2026-03-06,88000.0
2026-03-06,27000.0
2026-03-06,24000.0
2026-03-06,65550.0
2026-03-06,6000.0
2026-03-06,46000.0
2026-03-06,15000.0
2026-03-06,66000.0
2026-03-06,20000.0
2026-03-06,15000.0
2026-03-06,11400.0
2026-03-06,22800.0
2026-03-06,25000.0
2026-03-06,5000.0
2026-03-06,22000.0
2026-03-06,22000.0
2026-03-06,10000.0
2026-03-06,23000.0
2026-03-06,10000.0
2026-03-06,10000.0
2026-03-06,45000.0
2026-03-06,8000.0
2026-03-06,48000.0
2026-03-06,15000.0
2026-03-06,22000.0
2026-03-06,19000.0
2026-03-06,9500.0
2026-03-06,15000.0
2026-03-06,44000.0
2026-03-06,12000.0
2026-03-06,5000.0
2026-03-06,15000.0
2026-03-06,27000.0
2026-03-06,10000.0
2026-03-06,54000.0
2026-03-06,20900.0
2026-03-06,50000.0
2026-03-06,66000.0
2026-03-06,18000.0
2026-03-06,88000.0
2026-03-06,20000.0
2026-03-06,20000.0
2026-03-06,8000.0
2026-03-06,38000.0
2026-03-06,25000.0
2026-03-06,12000.0
2026-03-06,48000.0
2026-03-06,40000.0
2026-03-06,5000.0
2026-03-06,14250.0
2026-03-06,8000.0
2026-03-06,12000.0
2026-03-06,72000.0
2026-03-06,24000.0
2026-03-06,12000.0
2026-03-06,88000.0
2026-03-06,48000.0
2026-03-06,25000.0
2026-03-06,45000.0
2026-03-06,15000.0
2026-03-06,48000.0
2026-03-06,6000.0
2026-03-06,48000.0
2026-03-06,10000.0
2026-03-06,20000.0
2026-03-06,15000.0
2026-03-06,32000.0
2026-03-06,8000.0
2026-03-06,6000.0
2026-03-06,60000.0
2026-03-06,24000.0
2026-03-06,24000.0
2026-03-06,23000.0
2026-03-06,6000.0
2026-03-06,12000.0
2026-03-06,27000.0
2026-03-06,5700.0
2026-03-06,75000.0
2026-03-06,23000.0
2026-03-06,48000.0
2026-03-06,25000.0
2026-03-06,10000.0
2026-03-06,24000.0
2026-03-06,68400.0
2026-03-06,5000.0
2026-03-06,16000.0
2026-03-06,10000.0
2026-03-06,23000.0
2026-03-06,75000.0
2026-03-06,81000.0
2026-03-06,30000.0
2026-03-06,24000.0
2026-03-06,25650.0
2026-03-06,6000.0
2026-03-06,23000.0
2026-03-06,22000.0
2026-03-06,25000.0
2026-03-06,5000.0
2026-03-06,25000.0
2026-03-06,22000.0
2026-03-06,16000.0
2026-03-06,15000.0
2026-03-06,6000.0
2026-03-06,24000.0
2026-03-06,12000.0
2026-03-06,54000.0
2026-03-06,15000.0
2026-03-06,22000.0
2026-03-06,23000.0
2026-03-06,22000.0
2026-03-06,5000.0
2026-03-06,24000.0
2026-03-06,25650.0
2026-03-06,25000.0
2026-03-06,30000.0
2026-03-06,27000.0
2026-03-06,27000.0
2026-03-06,27000.0
2026-03-06,15000.0
2026-03-06,25000.0
2026-03-06,6000.0
2026-03-06,22000.0
2026-03-06,11400.0
2026-03-06,10000.0
2026-03-06,23000.0
2026-03-06,24000.0
2026-03-06,24000.0
2026-03-06,20000.0
2026-03-06,30000.0
2026-03-06,30000.0
2026-03-06,46000.0
2026-03-06,22000.0
2026-03-06,12000.0
2026-03-06,46000.0
2026-03-06,6000.0
2026-03-06,6000.0
2026-03-06,36000.0
2026-03-06,12000.0
2026-03-06,19000.0
2026-03-06,46000.0
2026-03-06,12000.0
2026-03-06,20000.0
2026-03-06,12000.0
2026-03-06,5000.0
2026-03-06,8000.0
2026-03-06,23000.0
2026-03-07,25000.0
2026-03-07,25000.0
2026-03-07,66000.0
2026-03-07,12000.0
2026-03-07,22000.0
2026-03-07,60000.0
2026-03-07,44000.0
2026-03-07,48000.0
2026-03-07,23000.0
2026-03-07,8000.0
2026-03-07,25000.0
2026-03-07,24000.0
2026-03-07,69000.0
2026-03-07,20000.0
2026-03-07,20000.0
2026-03-07,16000.0
2026-03-07,23000.0
2026-03-07,22800.0
2026-03-07,51300.0
2026-03-07,10000.0
2026-03-07,10000.0
2026-03-07,12000.0
2026-03-07,80000.0
2026-03-07,12000.0
2026-03-07,30000.0
2026-03-07,23000.0
2026-03-07,24000.0
2026-03-07,36000.0
2026-03-07,24000.0
2026-03-07,20000.0
2026-03-07,5000.0
2026-03-07,8000.0
2026-03-07,50000.0
2026-03-07,48000.0
2026-03-07,24000.0
2026-03-07,10000.0
2026-03-07,5700.0
2026-03-07,44000.0
2026-03-07,28500.0
2026-03-07,38000.0
2026-03-07,6000.0
2026-03-07,72000.0
2026-03-07,10000.0
2026-03-07,14250.0
2026-03-07,15000.0
2026-03-07,10000.0
2026-03-07,15000.0
2026-03-07,80000.0
2026-03-07,24000.0
2026-03-07,60000.0
2026-03-07,6000.0
2026-03-07,10000.0
2026-03-07,22000.0
2026-03-07,25650.0
2026-03-07,12000.0
2026-03-07,30000.0
2026-03-07,16000.0
2026-03-07,6000.0
2026-03-07,10000.0
2026-03-07,10000.0
2026-03-07,25000.0
2026-03-07,25000.0
2026-03-07,12000.0
2026-03-07,40000.0
2026-03-07,60000.0
2026-03-07,20000.0
2026-03-07,24000.0
2026-03-07,12000.0
2026-03-07,12000.0
2026-03-07,54000.0
2026-03-07,20000.0
2026-03-07,15000.0
2026-03-07,9500.0
2026-03-07,24000.0
2026-03-07,24000.0
2026-03-07,54000.0
2026-03-07,24000.0
2026-03-07,16000.0
2026-03-07,25000.0
2026-03-07,12000.0
2026-03-07,25000.0
2026-03-07,45000.0
2026-03-07,46000.0
2026-03-07,8000.0
2026-03-07,17100.0
2026-03-07,20000.0
2026-03-07,66000.0
2026-03-07,20000.0
2026-03-07,25000.0
2026-03-07,5000.0
2026-03-07,12000.0
2026-03-07,25000.0
2026-03-07,22800.0
2026-03-07,12000.0
2026-03-07,24000.0
2026-03-07,44000.0
2026-03-07,5000.0
2026-03-07,12000.0
2026-03-07,88000.0
2026-03-07,24000.0
2026-03-07,27000.0
2026-03-07,24000.0
2026-03-07,20000.0
2026-03-07,5700.0
2026-03-07,12000.0
2026-03-07,45000.0
2026-03-07,44000.0
2026-03-07,15000.0
2026-03-07,6000.0
2026-03-07,81000.0
2026-03-07,50000.0
2026-03-07,50000.0
2026-03-07,30000.0
2026-03-07,7600.0
2026-03-07,25000.0
2026-03-07,23750.0
2026-03-07,22000.0
2026-03-07,50000.0
2026-03-07,10000.0
2026-03-07,23750.0
2026-03-07,6000.0
2026-03-07,12000.0
2026-03-07,44000.0
2026-03-07,11400.0
2026-03-07,15000.0
2026-03-07,25000.0
2026-03-07,12000.0
2026-03-07,44000.0
2026-03-07,15000.0
2026-03-07,23750.0
2026-03-07,30000.0
2026-03-07,30000.0
2026-03-07,24000.0
2026-03-07,50000.0
2026-03-07,88000.0
2026-03-07,46000.0
2026-03-07,16000.0
2026-03-07,20900.0
2026-03-07,18000.0
2026-03-07,15000.0
2026-03-07,54000.0
2026-03-07,15000.0
2026-03-07,12000.0
2026-03-07,27000.0
2026-03-07,36000.0
2026-03-07,6000.0
2026-03-07,22000.0
2026-03-07,5000.0
2026-03-07,25000.0
2026-03-07,6000.0
2026-03-07,23000.0
2026-03-07,20000.0
2026-03-07,46000.0
2026-03-07,88000.0
2026-03-07,16000.0
2026-03-07,12000.0
2026-03-07,8000.0
2026-03-07,23000.0
2026-03-07,25000.0
2026-03-07,24000.0
2026-03-07,9500.0
2026-03-07,30000.0
2026-03-07,20000.0
2026-03-07,25000.0
2026-03-07,8000.0
2026-03-07,44000.0
2026-03-07,15000.0
2026-03-07,24000.0
2026-03-07,9500.0
2026-03-07,12000.0
2026-03-07,6000.0
2026-03-07,22000.0
2026-03-07,6000.0
2026-03-07,54000.0
2026-03-07,25000.0
2026-03-07,12000.0
2026-03-07,6000.0
2026-03-07,54000.0
2026-03-07,20900.0
2026-03-07,24000.0
2026-03-07,6000.0
2026-03-07,8000.0
2026-03-07,22000.0
2026-03-07,19000.0
2026-03-07,27000.0
2026-03-07,8000.0
2026-03-07,6000.0
2026-03-07,8000.0
2026-03-07,15000.0
2026-03-07,32000.0
2026-03-07,11400.0
2026-03-07,11400.0
2026-03-07,66000.0
2026-03-07,15000.0
2026-03-07,8000.0
2026-03-07,6000.0
2026-03-07,24000.0
2026-03-07,36000.0
2026-03-07,5000.0
2026-03-07,23000.0
2026-03-07,6000.0
2026-03-07,6000.0
2026-03-07,12000.0
2026-03-07,9500.0
2026-03-07,22000.0
2026-03-07,44000.0
2026-03-07,25000.0
2026-03-07,27000.0
2026-03-07,20900.0
2026-03-07,19000.0
2026-03-07,6000.0
2026-03-07,20000.0
2026-03-07,15000.0
2026-03-07,22000.0
2026-03-07,7600.0
2026-03-07,20000.0
2026-03-07,44000.0
2026-03-07,72000.0
2026-03-07,10000.0
2026-03-07,6000.0
2026-03-07,23750.0
2026-03-07,10000.0
2026-03-07,22000.0
2026-03-07,8000.0
2026-03-07,46000.0
2026-03-07,12000.0
2026-03-07,8000.0
2026-03-07,72000.0
2026-03-07,12000.0
2026-03-07,16000.0
2026-03-07,23000.0
2026-03-07,8000.0
2026-03-07,22000.0
2026-03-07,23000.0
2026-03-07,48000.0
2026-03-07,6000.0
2026-03-07,5000.0
2026-03-07,12000.0
2026-03-07,45000.0
2026-03-07,12000.0
2026-03-07,25000.0
2026-03-07,24000.0
2026-03-07,12000.0
2026-03-07,5000.0
2026-03-07,25000.0
2026-03-07,10000.0
2026-03-07,81000.0
2026-03-07,5700.0
2026-03-07,12000.0
2026-03-07,44000.0
2026-03-07,40000.0
2026-03-07,48000.0
2026-03-07,25650.0
2026-03-07,24000.0
2026-03-07,22000.0
2026-03-07,15000.0
2026-03-07,20000.0
2026-03-07,24000.0
2026-03-07,6000.0
2026-03-07,12000.0
2026-03-07,5000.0
2026-03-07,72000.0
2026-03-07,12000.0
2026-03-07,5700.0
2026-03-07,23000.0
2026-03-07,30000.0
2026-03-07,6000.0
2026-03-07,80000.0
2026-03-07,36000.0
2026-03-07,9500.0
2026-03-08,12000.0
2026-03-08,30000.0
2026-03-08,14250.0
2026-03-08,48000.0
2026-03-08,12000.0
2026-03-08,11400.0
2026-03-08,15000.0
2026-03-08,75000.0
2026-03-08,15000.0
2026-03-08,23000.0
2026-03-08,36000.0
2026-03-08,23750.0
2026-03-08,6000.0
2026-03-08,15000.0
2026-03-08,10000.0
2026-03-08,24000.0
2026-03-08,15000.0
2026-03-08,30000.0
2026-03-08,27000.0
2026-03-08,24000.0
2026-03-08,46000.0
2026-03-08,11400.0
2026-03-08,12000.0
2026-03-08,5000.0
2026-03-08,6000.0
2026-03-08,12000.0
2026-03-08,24000.0
2026-03-08,24000.0
2026-03-08,5000.0
2026-03-08,30000.0
2026-03-08,12000.0
2026-03-08,60000.0
2026-03-08,47500.0
2026-03-08,6000.0
2026-03-08,22000.0
2026-03-08,6000.0
2026-03-08,30000.0
2026-03-08,9500.0
2026-03-08,40000.0
2026-03-08,24000.0
2026-03-08,30000.0
2026-03-08,12000.0
2026-03-08,24000.0
2026-03-08,30000.0
2026-03-08,22000.0
2026-03-08,23000.0
2026-03-08,69000.0
2026-03-08,7600.0
2026-03-08,11400.0
2026-03-08,24000.0
2026-03-08,30000.0
2026-03-08,22000.0
2026-03-08,25000.0
2026-03-08,15000.0
2026-03-08,12000.0
2026-03-08,75000.0
2026-03-08,44000.0
2026-03-08,7600.0
2026-03-08,24000.0
2026-03-08,24000.0
2026-03-08,80000.0
2026-03-08,44000.0
2026-03-08,30000.0
2026-03-08,40000.0
2026-03-08,15000.0
2026-03-08,30000.0
2026-03-08,6000.0
2026-03-08,12000.0
2026-03-08,15000.0
2026-03-08,22800.0
2026-03-08,6000.0
2026-03-08,8000.0
2026-03-08,40000.0
2026-03-08,12000.0
2026-03-08,20000.0
2026-03-08,25000.0
2026-03-08,30000.0
2026-03-08,25000.0
2026-03-08,6000.0
2026-03-08,24000.0
2026-03-08,28500.0
2026-03-08,9500.0
2026-03-08,8000.0
2026-03-08,24000.0
2026-03-08,5700.0
2026-03-08,36000.0
2026-03-08,24000.0
2026-03-08,45000.0
2026-03-08,81000.0
2026-03-08,40000.0
2026-03-08,30000.0
2026-03-08,15000.0
2026-03-08,12000.0
2026-03-08,22000.0
2026-03-08,75000.0
2026-03-08,48000.0
2026-03-08,10000.0
2026-03-08,7600.0
2026-03-08,24000.0
2026-03-08,23750.0
2026-03-08,15000.0
2026-03-08,23000.0
2026-03-08,10000.0
2026-03-08,24000.0
2026-03-08,12000.0
2026-03-08,20000.0
2026-03-08,27000.0
2026-03-08,20000.0
2026-03-08,8000.0
2026-03-08,12000.0
2026-03-08,40000.0
2026-03-08,46000.0
2026-03-08,10000.0
2026-03-08,22000.0
2026-03-08,24000.0
2026-03-08,46000.0
2026-03-08,27000.0
2026-03-08,22000.0
2026-03-08,24000.0
2026-03-08,23750.0
2026-03-08,6000.0
2026-03-08,8000.0
2026-03-08,22800.0
2026-03-08,5000.0
2026-03-08,8000.0
2026-03-08,41800.0
2026-03-08,12000.0
2026-03-08,60000.0
2026-03-08,46000.0
2026-03-08,27000.0
2026-03-08,22000.0
2026-03-08,22000.0
2026-03-08,23750.0
2026-03-08,10000.0
2026-03-08,24000.0
2026-03-08,32000.0
2026-03-08,6000.0
2026-03-08,10000.0
2026-03-08,108000.0
2026-03-08,50000.0
2026-03-08,66000.0
2026-03-08,23000.0
2026-03-08,11400.0
2026-03-08,16000.0
2026-03-08,40000.0
2026-03-08,15000.0
2026-03-08,24000.0
2026-03-08,22000.0
2026-03-08,45600.0
2026-03-08,24000.0
2026-03-08,22000.0
2026-03-08,20000.0
2026-03-08,27000.0
2026-03-08,50000.0
2026-03-08,8000.0
2026-03-08,12000.0
2026-03-08,25000.0
2026-03-08,22000.0
2026-03-08,48000.0
2026-03-08,24000.0
2026-03-08,48000.0
2026-03-08,8000.0
2026-03-08,22000.0
2026-03-08,15000.0
2026-03-08,6000.0
2026-03-08,27000.0
2026-03-08,22000.0
2026-03-08,22800.0
2026-03-08,10000.0
2026-03-08,15000.0
2026-03-08,15000.0
2026-03-08,22000.0
2026-03-08,32000.0
2026-03-08,24000.0
2026-03-08,96000.0
2026-03-08,12000.0
2026-03-08,20000.0
2026-03-08,24000.0
2026-03-08,23000.0
2026-03-08,20000.0
2026-03-08,10000.0
2026-03-08,14250.0
2026-03-08,40000.0
2026-03-08,24000.0
2026-03-08,27000.0
2026-03-08,11400.0
2026-03-08,6000.0
2026-03-08,18000.0
2026-03-08,75000.0
2026-03-08,6000.0
2026-03-08,12000.0
2026-03-08,10000.0
2026-03-08,5000.0
2026-03-08,6000.0
2026-03-08,12000.0
2026-03-08,50000.0
2026-03-08,15000.0
2026-03-08,91200.0
2026-03-08,12000.0
2026-03-08,12000.0
2026-03-08,5000.0
2026-03-08,10000.0
2026-03-08,12000.0
2026-03-08,24000.0
2026-03-08,6000.0
2026-03-08,15000.0
2026-03-08,60000.0
2026-03-08,22000.0
2026-03-08,20000.0
2026-03-08,24000.0
2026-03-08,27000.0
2026-03-08,8000.0
2026-03-08,45000.0
2026-03-08,20000.0
2026-03-08,48000.0
2026-03-08,46000.0
2026-03-08,24000.0
2026-03-08,80000.0
2026-03-08,5000.0
2026-03-08,25000.0
2026-03-08,27000.0
2026-03-08,24000.0
2026-03-08,75000.0
2026-03-08,25000.0
2026-03-08,30000.0
2026-03-08,15000.0
2026-03-08,22000.0
2026-03-08,7600.0
2026-03-08,43700.0
2026-03-08,24000.0
2026-03-08,12000.0
2026-03-08,24000.0
2026-03-08,23000.0
2026-03-08,24000.0
2026-03-08,81000.0
2026-03-08,30000.0
2026-03-08,22000.0
2026-03-08,7600.0
2026-03-08,10000.0
2026-03-08,50000.0
2026-03-08,5000.0
2026-03-08,27000.0
2026-03-08,30000.0
2026-03-08,60000.0
2026-03-08,96000.0
2026-03-08,48000.0
2026-03-08,5000.0
2026-03-08,23000.0
2026-03-08,10000.0
2026-03-09,15000.0
2026-03-09,23000.0
2026-03-09,15000.0
2026-03-09,45000.0
2026-03-09,24000.0
2026-03-09,6000.0
2026-03-09,66000.0
2026-03-09,16000.0
2026-03-09,48000.0
2026-03-09,23000.0
2026-03-09,15000.0
2026-03-09,40000.0
2026-03-09,19000.0
2026-03-09,23750.0
2026-03-09,16000.0
2026-03-09,5000.0
2026-03-09,45000.0
2026-03-09,20000.0
2026-03-09,30000.0
2026-03-09,12000.0
2026-03-09,15000.0
2026-03-09,5000.0
2026-03-09,24000.0
2026-03-09,50000.0
2026-03-09,8000.0
2026-03-09,24000.0
2026-03-09,14250.0
2026-03-09,5000.0
2026-03-09,20000.0
2026-03-09,12000.0
2026-03-09,23000.0
2026-03-09,46000.0
2026-03-09,46000.0
2026-03-09,25000.0
2026-03-09,18000.0
2026-03-09,8000.0
2026-03-09,6000.0
2026-03-09,24000.0
2026-03-09,22000.0
2026-03-09,25000.0
2026-03-09,8000.0
2026-03-09,54000.0
2026-03-09,24000.0
2026-03-09,20000.0
2026-03-09,66000.0
2026-03-09,24000.0
2026-03-09,20000.0
2026-03-09,16000.0
2026-03-09,6000.0
2026-03-09,24000.0
2026-03-09,40000.0
2026-03-09,44000.0
2026-03-09,81000.0
2026-03-09,15000.0
2026-03-09,27000.0
2026-03-09,8000.0
2026-03-09,23000.0
2026-03-09,20000.0
2026-03-09,20000.0
2026-03-09,24000.0
2026-03-09,50000.0
2026-03-09,23000.0
2026-03-09,12000.0
2026-03-09,22000.0
2026-03-09,22000.0
2026-03-09,8000.0
2026-03-09,44000.0
2026-03-09,8000.0
2026-03-09,40000.0
2026-03-09,50000.0
2026-03-09,54000.0
2026-03-09,48000.0
2026-03-09,23000.0
2026-03-09,10000.0
2026-03-09,12000.0
2026-03-09,28500.0
2026-03-09,20000.0
2026-03-09,12000.0
2026-03-09,23000.0
2026-03-09,44000.0
2026-03-09,10000.0
2026-03-09,27000.0
2026-03-09,10000.0
2026-03-09,18000.0
2026-03-09,21850.0
2026-03-09,69000.0
2026-03-09,40000.0
2026-03-09,10000.0
2026-03-09,23000.0
2026-03-09,9500.0
2026-03-09,24000.0
2026-03-09,75000.0
2026-03-09,23000.0
2026-03-09,20000.0
2026-03-09,12000.0
2026-03-09,12000.0
2026-03-09,15000.0
2026-03-09,45000.0
2026-03-09,36000.0
2026-03-09,88000.0
2026-03-09,12000.0
2026-03-09,27000.0
2026-03-09,10000.0
2026-03-09,22000.0
2026-03-09,22000.0
2026-03-09,6000.0
2026-03-09,23000.0
2026-03-09,20000.0
2026-03-09,23750.0
2026-03-09,6000.0
2026-03-09,76000.0
2026-03-09,27000.0
2026-03-09,5000.0
2026-03-09,6000.0
2026-03-09,22000.0
2026-03-09,96000.0
2026-03-09,8000.0
2026-03-09,22000.0
2026-03-09,9500.0
2026-03-09,21850.0
2026-03-09,20000.0
2026-03-09,21850.0
2026-03-09,50000.0
2026-03-09,15200.0
2026-03-09,12000.0
2026-03-09,6000.0
2026-03-09,6000.0
2026-03-09,15000.0
2026-03-09,8000.0
2026-03-09,95000.0
2026-03-09,5000.0
2026-03-09,15000.0
2026-03-09,6000.0
2026-03-09,18000.0
2026-03-09,23000.0
2026-03-09,15000.0
2026-03-09,10000.0
2026-03-09,40000.0
2026-03-09,8000.0
2026-03-09,5000.0
2026-03-09,28500.0
2026-03-09,8000.0
2026-03-09,12000.0
2026-03-09,6000.0
2026-03-09,60000.0
2026-03-09,15000.0
2026-03-09,50000.0
2026-03-09,27000.0
2026-03-09,47500.0
2026-03-09,6000.0
2026-03-09,24000.0
2026-03-09,50000.0
2026-03-09,24000.0
2026-03-09,8000.0
2026-03-09,68400.0
2026-03-09,75000.0
2026-03-09,16000.0
2026-03-09,16000.0
2026-03-09,5000.0
2026-03-09,45600.0
2026-03-09,15000.0
2026-03-09,44000.0
2026-03-09,20000.0
2026-03-09,22000.0
2026-03-09,81000.0
2026-03-09,72000.0
2026-03-09,19000.0
2026-03-09,10000.0
2026-03-09,81000.0
2026-03-09,25000.0
2026-03-09,12000.0
2026-03-09,5000.0
2026-03-09,24000.0
2026-03-09,24000.0
2026-03-09,6000.0
2026-03-09,6000.0
2026-03-09,96000.0
2026-03-09,30000.0
2026-03-09,20000.0
2026-03-09,15000.0
2026-03-10,18000.0
2026-03-10,27000.0
2026-03-10,21850.0
2026-03-10,108000.0
2026-03-10,16000.0
2026-03-10,25000.0
2026-03-10,30000.0
2026-03-10,41800.0
2026-03-10,36000.0
2026-03-10,25000.0
2026-03-10,6000.0
2026-03-10,12000.0
2026-03-10,60000.0
2026-03-10,27000.0
2026-03-10,20000.0
2026-03-10,22000.0
2026-03-10,95000.0
2026-03-10,12000.0
2026-03-10,6000.0
2026-03-10,100000.0
2026-03-10,10000.0
2026-03-10,19000.0
2026-03-10,66000.0
2026-03-10,16000.0
2026-03-10,24000.0
2026-03-10,25650.0
2026-03-10,23000.0
2026-03-10,16000.0
2026-03-10,24000.0
2026-03-10,8000.0
2026-03-10,16000.0
2026-03-10,12000.0
2026-03-10,24000.0
2026-03-10,24000.0
2026-03-10,10000.0
2026-03-10,81000.0
2026-03-10,12000.0
2026-03-10,12000.0
2026-03-10,25000.0
2026-03-10,6000.0
2026-03-10,15000.0
2026-03-10,18000.0
2026-03-10,48000.0
2026-03-10,60000.0
2026-03-10,15000.0
2026-03-10,40000.0
2026-03-10,10000.0
2026-03-10,25000.0
2026-03-10,27000.0
2026-03-10,22000.0
2026-03-10,24000.0
2026-03-10,12000.0
2026-03-10,6000.0
2026-03-10,25000.0
2026-03-10,30000.0
2026-03-10,54000.0
2026-03-10,27000.0
2026-03-10,25000.0
2026-03-10,6000.0
2026-03-10,24000.0
2026-03-10,30000.0
2026-03-10,100000.0
2026-03-10,24000.0
2026-03-10,38000.0
2026-03-10,6000.0
2026-03-10,30000.0
2026-03-10,48000.0
2026-03-10,60000.0
2026-03-10,22000.0
2026-03-10,18000.0
2026-03-10,10000.0
2026-03-10,81000.0
2026-03-10,16000.0
2026-03-10,6000.0
2026-03-10,40000.0
2026-03-10,60000.0
2026-03-10,48000.0
2026-03-10,5700.0
2026-03-10,25000.0
2026-03-10,15000.0
2026-03-10,8000.0
2026-03-10,36000.0
2026-03-10,10000.0
2026-03-10,22000.0
2026-03-10,10000.0
2026-03-10,20000.0
2026-03-10,50000.0
2026-03-10,24000.0
2026-03-10,23000.0
2026-03-10,76000.0
2026-03-10,46000.0
2026-03-10,40000.0
2026-03-10,5000.0
2026-03-10,20000.0
2026-03-10,8000.0
2026-03-10,48000.0
2026-03-10,15000.0
2026-03-10,5000.0
2026-03-10,12000.0
2026-03-10,20000.0
2026-03-10,48000.0
2026-03-10,23000.0
2026-03-10,20000.0
2026-03-10,8000.0
2026-03-10,54000.0
2026-03-10,45000.0
2026-03-10,6000.0
2026-03-10,24000.0
2026-03-10,100000.0
2026-03-10,96000.0
2026-03-10,20000.0
2026-03-10,12000.0
2026-03-10,54000.0
2026-03-10,12000.0
2026-03-10,71250.0
2026-03-10,30000.0
2026-03-10,30000.0
2026-03-10,12000.0
2026-03-10,6000.0
2026-03-10,46000.0
2026-03-10,15000.0
2026-03-10,22000.0
2026-03-10,8000.0
2026-03-10,10000.0
2026-03-10,15000.0
2026-03-10,6000.0
2026-03-10,8000.0
2026-03-10,6000.0
2026-03-10,5000.0
2026-03-10,72000.0
2026-03-10,75000.0
2026-03-10,54000.0
2026-03-10,6000.0
2026-03-10,23000.0
2026-03-10,12000.0
2026-03-10,22000.0
2026-03-10,25000.0
2026-03-10,66000.0
2026-03-10,5000.0
2026-03-10,22000.0
2026-03-10,40000.0
2026-03-10,66000.0
2026-03-10,108000.0
2026-03-10,20000.0
2026-03-10,5000.0
2026-03-10,24000.0
2026-03-10,8000.0
2026-03-10,18000.0
2026-03-10,15000.0
2026-03-10,12000.0
2026-03-10,54000.0
2026-03-10,19000.0
2026-03-10,5000.0
2026-03-10,5700.0
2026-03-10,108000.0
2026-03-10,24000.0
2026-03-10,10000.0
2026-03-10,24000.0
2026-03-10,88000.0
2026-03-10,44000.0
2026-03-10,47500.0
2026-03-10,8000.0
2026-03-10,81000.0
2026-03-10,54000.0
2026-03-10,15000.0
2026-03-10,24000.0
2026-03-10,54000.0
2026-03-10,6000.0
2026-03-10,27000.0
2026-03-10,15000.0
2026-03-10,8000.0
2026-03-10,25000.0
2026-03-10,24000.0
2026-03-10,6000.0
2026-03-10,14250.0
2026-03-10,50000.0
2026-03-10,24000.0
2026-03-10,23000.0
2026-03-10,46000.0
2026-03-10,12000.0
2026-03-10,24000.0
2026-03-10,30000.0
2026-03-10,24000.0
2026-03-10,6000.0
2026-03-10,40000.0
2026-03-10,24000.0
2026-03-10,12000.0
2026-03-10,7600.0
2026-03-10,30000.0
2026-03-10,11400.0
2026-03-10,10000.0
2026-03-10,75000.0
2026-03-10,25000.0
2026-03-10,20000.0
2026-03-10,20000.0
2026-03-10,20000.0
2026-03-10,25000.0
2026-03-10,24000.0
2026-03-10,27000.0
2026-03-10,25650.0
2026-03-10,20000.0
2026-03-10,22000.0
2026-03-10,20000.0
2026-03-10,22000.0
2026-03-10,8000.0
2026-03-10,22000.0
2026-03-10,27000.0
2026-03-10,23000.0
2026-03-10,8000.0
2026-03-10,25000.0
2026-03-11,5000.0
2026-03-11,25000.0
2026-03-11,22000.0
2026-03-11,23000.0
2026-03-11,10000.0
2026-03-11,20000.0
2026-03-11,44000.0
2026-03-11,25000.0
2026-03-11,12000.0
2026-03-11,54000.0
2026-03-11,50000.0
2026-03-11,8000.0
2026-03-11,5700.0
2026-03-11,15000.0
2026-03-11,9500.0
2026-03-11,24000.0
2026-03-11,6000.0
2026-03-11,25000.0
2026-03-11,27000.0
2026-03-11,24000.0
2026-03-11,8000.0
2026-03-11,96000.0
2026-03-11,11400.0
2026-03-11,20000.0
2026-03-11,6000.0
2026-03-11,15000.0
2026-03-11,46000.0
2026-03-11,12000.0
2026-03-11,24000.0
2026-03-11,22000.0
2026-03-11,12000.0
2026-03-11,72000.0
2026-03-11,50000.0
2026-03-11,68400.0
2026-03-11,10000.0
2026-03-11,60000.0
2026-03-11,40000.0
2026-03-11,60000.0
2026-03-11,6000.0
2026-03-11,16000.0
2026-03-11,12000.0
2026-03-11,5000.0
2026-03-11,24000.0
2026-03-11,22800.0
2026-03-11,12000.0
2026-03-11,24000.0
2026-03-11,44000.0
2026-03-11,46000.0
2026-03-11,18000.0
2026-03-11,23000.0
2026-03-11,69000.0
2026-03-11,24000.0
2026-03-11,10000.0
2026-03-11,12000.0
2026-03-11,12000.0
2026-03-11,25650.0
2026-03-11,14250.0
2026-03-11,10000.0
2026-03-11,24000.0
2026-03-11,54000.0
2026-03-11,23000.0
2026-03-11,6000.0
2026-03-11,12000.0
2026-03-11,28500.0
2026-03-11,18000.0
2026-03-11,21850.0
2026-03-11,81000.0
2026-03-11,40000.0
2026-03-11,15000.0
2026-03-11,22000.0
2026-03-11,14250.0
2026-03-11,8000.0
2026-03-11,5700.0
2026-03-11,11400.0
2026-03-11,22000.0
2026-03-11,30000.0
2026-03-11,8000.0
2026-03-11,22000.0
2026-03-11,25000.0
2026-03-11,7600.0
2026-03-11,6000.0
2026-03-11,20000.0
2026-03-11,24000.0
2026-03-11,24000.0
2026-03-11,5000.0
2026-03-11,36000.0
2026-03-11,22000.0
2026-03-11,5000.0
2026-03-11,15000.0
2026-03-11,23000.0
2026-03-11,96000.0
2026-03-11,48000.0
2026-03-11,8000.0
2026-03-11,40000.0
2026-03-11,88000.0
2026-03-11,5000.0
2026-03-11,15000.0
2026-03-11,20000.0
2026-03-11,71250.0
2026-03-11,12000.0
2026-03-11,15000.0
2026-03-11,10000.0
2026-03-11,69000.0
2026-03-11,75000.0
2026-03-11,16000.0
2026-03-11,10000.0
2026-03-11,23000.0
2026-03-11,10000.0
2026-03-11,23000.0
2026-03-11,12000.0
2026-03-11,4750.0
2026-03-11,5000.0
2026-03-11,75000.0
2026-03-11,44000.0
2026-03-11,5000.0
2026-03-11,44000.0
2026-03-11,20000.0
2026-03-11,8000.0
2026-03-11,30000.0
2026-03-11,20000.0
2026-03-11,12000.0
2026-03-11,45600.0
2026-03-11,20000.0
2026-03-11,46000.0
2026-03-11,19000.0
2026-03-11,25000.0
2026-03-11,24000.0
2026-03-11,20000.0
2026-03-11,10000.0
2026-03-11,30000.0
2026-03-11,50000.0
2026-03-11,36000.0
2026-03-11,25000.0
2026-03-11,24000.0
2026-03-11,50000.0
2026-03-11,11400.0
2026-03-11,15000.0
2026-03-11,19000.0
2026-03-11,22000.0
2026-03-11,40000.0
2026-03-11,6000.0
2026-03-11,50000.0
2026-03-11,44000.0
2026-03-11,24000.0
2026-03-11,24000.0
2026-03-11,10000.0
2026-03-11,20000.0
2026-03-11,36000.0
2026-03-11,24000.0
2026-03-11,60000.0
2026-03-11,18000.0
2026-03-11,20000.0
2026-03-11,12000.0
2026-03-11,24000.0
2026-03-11,15000.0
2026-03-11,12000.0
2026-03-11,36000.0
2026-03-11,15000.0
2026-03-11,23000.0
2026-03-11,50000.0
2026-03-11,20000.0
2026-03-11,15000.0
2026-03-11,40000.0
2026-03-11,25000.0
2026-03-11,24000.0
2026-03-11,80000.0
2026-03-11,25000.0
2026-03-11,24000.0
2026-03-11,16000.0
2026-03-11,5000.0
2026-03-11,15000.0
2026-03-11,5000.0
2026-03-11,10000.0
2026-03-11,15000.0
2026-03-11,46000.0
2026-03-11,72000.0
2026-03-11,15000.0
2026-03-11,54000.0
2026-03-11,23750.0
2026-03-11,23000.0
2026-03-11,30000.0
2026-03-11,8000.0
2026-03-11,6000.0
2026-03-11,12000.0
2026-03-11,6000.0
2026-03-11,10000.0
2026-03-11,50000.0
2026-03-11,12000.0
2026-03-11,44000.0
2026-03-11,22000.0
2026-03-11,5700.0
2026-03-11,15000.0
2026-03-11,22000.0
2026-03-11,15000.0
2026-03-11,12000.0
2026-03-11,10000.0
2026-03-11,6000.0
2026-03-11,18000.0
2026-03-11,8000.0
2026-03-11,12000.0
2026-03-11,30000.0
2026-03-11,20000.0
2026-03-11,66000.0
2026-03-11,25000.0
2026-03-11,6000.0
2026-03-11,9500.0
2026-03-11,8000.0
2026-03-11,10000.0
2026-03-11,66000.0
2026-03-11,25650.0
2026-03-11,20000.0
2026-03-11,15000.0
2026-03-11,20000.0
2026-03-11,50000.0
2026-03-11,10000.0
2026-03-11,8000.0
2026-03-11,15000.0
2026-03-11,27000.0
2026-03-11,22000.0
2026-03-11,8000.0
2026-03-11,12000.0
2026-03-11,65550.0
2026-03-11,23750.0
2026-03-11,22000.0
2026-03-11,12000.0
2026-03-11,36000.0
2026-03-11,30000.0
2026-03-11,22000.0
2026-03-11,40000.0
2026-03-11,6000.0
2026-03-12,15000.0
2026-03-12,22000.0
2026-03-12,6000.0
2026-03-12,11400.0
2026-03-12,19000.0
2026-03-12,30000.0
2026-03-12,23000.0
2026-03-12,27000.0
2026-03-12,24000.0
2026-03-12,44000.0
2026-03-12,54000.0
2026-03-12,24000.0
2026-03-12,8000.0
2026-03-12,12000.0
2026-03-12,6000.0
2026-03-12,10000.0
2026-03-12,24000.0
2026-03-12,12000.0
2026-03-12,24000.0
2026-03-12,54000.0
2026-03-12,8000.0
2026-03-12,27000.0
2026-03-12,5000.0
2026-03-12,20000.0
2026-03-12,22800.0
2026-03-12,15000.0
2026-03-12,10000.0
2026-03-12,8000.0
2026-03-12,24000.0
2026-03-12,23000.0
2026-03-12,24000.0
2026-03-12,12000.0
2026-03-12,72000.0
2026-03-12,27000.0
2026-03-12,12000.0
2026-03-12,25000.0
2026-03-12,5700.0
2026-03-12,4750.0
2026-03-12,45000.0
2026-03-12,27000.0
2026-03-12,50000.0
2026-03-12,10000.0
2026-03-12,12000.0
2026-03-12,8000.0
2026-03-12,44000.0
2026-03-12,5000.0
2026-03-12,69000.0
2026-03-12,27000.0
2026-03-12,16000.0
2026-03-12,22800.0
2026-03-12,5000.0
2026-03-12,12000.0
2026-03-12,20900.0
2026-03-12,5000.0
2026-03-12,5000.0
2026-03-12,6000.0
2026-03-12,8000.0
2026-03-12,15000.0
2026-03-12,44000.0
2026-03-12,25000.0
2026-03-12,15000.0
2026-03-12,47500.0
2026-03-12,12000.0
2026-03-12,50000.0
2026-03-12,25650.0
2026-03-12,24000.0
2026-03-12,15000.0
2026-03-12,24000.0
2026-03-12,25650.0
2026-03-12,22800.0
2026-03-12,22000.0
2026-03-12,72000.0
2026-03-12,40000.0
2026-03-12,50000.0
2026-03-12,10000.0
2026-03-12,6000.0
2026-03-12,19000.0
2026-03-12,23750.0
2026-03-12,8000.0
2026-03-12,8000.0
2026-03-12,24000.0
2026-03-12,24000.0
2026-03-12,45000.0
2026-03-12,5000.0
2026-03-12,6000.0
2026-03-12,15000.0
2026-03-12,24000.0
2026-03-12,24000.0
2026-03-12,24000.0
2026-03-12,5000.0
2026-03-12,24000.0
2026-03-12,22000.0
2026-03-12,5000.0
2026-03-12,15000.0
2026-03-12,6000.0
2026-03-12,15000.0
2026-03-12,25000.0
2026-03-12,19000.0
2026-03-12,22000.0
2026-03-12,12000.0
2026-03-12,10000.0
2026-03-12,5000.0
2026-03-12,6000.0
2026-03-12,4750.0
2026-03-12,12000.0
2026-03-12,12000.0
2026-03-12,27000.0
2026-03-12,10000.0
2026-03-12,15000.0
2026-03-12,10000.0
2026-03-12,47500.0
2026-03-12,12000.0
2026-03-12,66000.0
2026-03-12,10000.0
2026-03-12,23000.0
2026-03-12,25000.0
2026-03-12,15000.0
2026-03-12,25000.0
2026-03-12,10000.0
2026-03-12,66000.0
2026-03-12,12000.0
2026-03-12,50000.0
2026-03-12,14250.0
2026-03-12,30000.0
2026-03-12,5000.0
2026-03-12,60000.0
2026-03-12,6000.0
2026-03-12,23000.0
2026-03-12,5000.0
2026-03-12,24000.0
2026-03-12,60000.0
2026-03-12,15000.0
2026-03-12,15000.0
2026-03-12,12000.0
2026-03-12,12000.0
2026-03-12,27000.0
2026-03-12,44000.0
2026-03-12,57000.0
2026-03-12,22000.0
2026-03-12,23000.0
2026-03-12,20000.0
2026-03-12,24000.0
2026-03-12,11400.0
2026-03-12,51300.0
2026-03-12,15000.0
2026-03-12,44000.0
2026-03-12,25000.0
2026-03-12,6000.0
2026-03-12,22000.0
2026-03-12,48000.0
2026-03-12,25000.0
2026-03-12,24000.0
2026-03-12,15000.0
2026-03-12,40000.0
2026-03-12,50000.0
2026-03-12,15000.0
2026-03-12,24000.0
2026-03-12,44000.0
2026-03-12,30000.0
2026-03-12,5000.0
2026-03-12,12000.0
2026-03-12,25000.0
2026-03-12,20000.0
2026-03-12,24000.0
2026-03-12,15000.0
2026-03-12,12000.0
2026-03-12,8000.0
2026-03-12,16000.0
2026-03-12,54000.0
2026-03-12,24000.0
2026-03-12,25000.0
2026-03-12,22000.0
2026-03-12,10000.0
2026-03-12,23000.0
2026-03-12,22000.0
2026-03-12,15200.0
2026-03-12,24000.0
2026-03-12,27000.0
2026-03-12,6000.0
2026-03-12,6000.0
2026-03-12,80000.0
2026-03-12,22000.0
2026-03-12,24000.0
2026-03-12,22000.0
2026-03-12,15000.0
2026-03-12,25000.0
2026-03-12,12000.0
2026-03-12,15000.0
2026-03-12,19000.0
2026-03-12,27000.0
2026-03-12,23750.0
2026-03-12,12000.0
2026-03-13,25000.0
2026-03-13,24000.0
2026-03-13,36000.0
2026-03-13,96000.0
2026-03-13,62700.0
2026-03-13,40000.0
2026-03-13,32000.0
2026-03-13,12000.0
2026-03-13,12000.0
2026-03-13,46000.0
2026-03-13,22000.0
2026-03-13,8000.0
2026-03-13,5000.0
2026-03-13,48000.0
2026-03-13,6000.0
2026-03-13,15000.0
2026-03-13,24000.0
2026-03-13,5000.0
2026-03-13,6000.0
2026-03-13,30000.0
2026-03-13,10000.0
2026-03-13,15000.0
2026-03-13,20000.0
2026-03-13,8000.0
2026-03-13,8000.0
2026-03-13,15200.0
2026-03-13,6000.0
2026-03-13,10000.0
2026-03-13,15000.0
2026-03-13,27000.0
2026-03-13,40000.0
2026-03-13,24000.0
2026-03-13,15000.0
2026-03-13,75000.0
2026-03-13,54000.0
2026-03-13,24000.0
2026-03-13,14250.0
2026-03-13,10000.0
2026-03-13,6000.0
2026-03-13,24000.0
2026-03-13,27000.0
2026-03-13,41800.0
2026-03-13,5700.0
2026-03-13,25000.0
2026-03-13,30000.0
2026-03-13,25000.0
2026-03-13,50000.0
2026-03-13,8000.0
2026-03-13,23000.0
2026-03-13,62700.0
2026-03-13,18000.0
2026-03-13,24000.0
2026-03-13,32000.0
2026-03-13,15000.0
2026-03-13,66000.0
2026-03-13,8000.0
2026-03-13,28500.0
2026-03-13,20000.0
2026-03-13,8000.0
2026-03-13,50000.0
2026-03-13,24000.0
2026-03-13,88000.0
2026-03-13,20000.0
2026-03-13,10000.0
2026-03-13,36000.0
2026-03-13,10000.0
2026-03-13,15000.0
2026-03-13,10000.0
2026-03-13,10000.0
2026-03-13,20000.0
2026-03-13,8000.0
2026-03-13,36000.0
2026-03-13,8000.0
2026-03-13,96000.0
2026-03-13,12000.0
2026-03-13,45000.0
2026-03-13,12000.0
2026-03-13,24000.0
2026-03-13,44000.0
2026-03-13,15000.0
2026-03-13,50000.0
2026-03-13,108000.0
2026-03-13,54000.0
2026-03-13,24000.0
2026-03-13,22000.0
2026-03-13,25000.0
2026-03-13,27000.0
2026-03-13,8000.0
2026-03-13,20000.0
2026-03-13,46000.0
2026-03-13,22000.0
2026-03-13,24000.0
2026-03-13,15000.0
2026-03-13,44000.0
2026-03-13,11400.0
2026-03-13,100000.0
2026-03-13,12000.0
2026-03-13,5700.0
2026-03-13,6000.0
2026-03-13,8000.0
2026-03-13,10000.0
2026-03-13,12000.0
2026-03-13,25000.0
2026-03-13,24000.0
2026-03-13,24000.0
2026-03-13,27000.0
2026-03-13,44000.0
2026-03-13,22000.0
2026-03-13,25000.0
2026-03-13,24000.0
2026-03-13,36000.0
2026-03-13,15000.0
2026-03-13,5000.0
2026-03-13,40000.0
2026-03-13,38000.0
2026-03-13,41800.0
2026-03-13,24000.0
2026-03-13,22000.0
2026-03-13,15000.0
2026-03-13,24000.0
2026-03-13,22000.0
2026-03-13,22000.0
2026-03-13,10000.0
2026-03-13,40000.0
2026-03-13,6000.0
2026-03-13,20000.0
2026-03-13,27000.0
2026-03-13,6000.0
2026-03-13,48000.0
2026-03-13,23000.0
2026-03-13,24000.0
2026-03-13,6000.0
2026-03-13,15000.0
2026-03-13,12000.0
2026-03-13,12000.0
2026-03-13,12000.0
2026-03-13,50000.0
2026-03-13,20000.0
2026-03-13,9500.0
2026-03-13,40000.0
2026-03-13,5000.0
2026-03-13,40000.0
2026-03-13,30000.0
2026-03-13,16000.0
2026-03-13,44000.0
2026-03-13,32000.0
2026-03-13,15000.0
2026-03-13,81000.0
2026-03-13,15000.0
2026-03-13,15000.0
2026-03-13,36000.0
2026-03-13,16000.0
2026-03-13,108000.0
2026-03-13,6000.0
2026-03-13,12000.0
2026-03-13,5000.0
2026-03-13,27000.0
2026-03-13,88000.0
2026-03-13,20000.0
2026-03-13,62700.0
2026-03-13,6000.0
2026-03-13,30000.0
2026-03-13,11400.0
2026-03-13,22000.0
2026-03-13,69000.0
2026-03-13,8000.0
2026-03-13,40000.0
2026-03-13,24000.0
2026-03-13,12000.0
2026-03-13,40000.0
2026-03-13,48000.0
2026-03-13,44000.0
2026-03-13,15000.0
2026-03-13,24000.0
2026-03-13,8000.0
2026-03-13,40000.0
2026-03-13,24000.0
2026-03-13,43700.0
2026-03-13,50000.0
2026-03-13,48000.0
2026-03-13,24000.0
2026-03-13,60000.0
2026-03-13,22000.0
2026-03-13,6000.0
2026-03-13,20000.0
2026-03-13,24000.0
2026-03-13,12000.0
2026-03-13,25000.0
2026-03-13,24000.0
2026-03-13,60000.0
2026-03-13,22000.0
2026-03-13,30000.0
2026-03-13,12000.0
2026-03-13,15000.0
2026-03-13,18000.0
2026-03-13,50000.0
2026-03-13,8000.0
2026-03-13,25000.0
2026-03-13,44000.0
2026-03-13,6000.0
2026-03-13,22000.0
2026-03-13,12000.0
2026-03-13,20000.0
2026-03-13,48000.0
2026-03-13,25000.0
2026-03-13,23000.0
2026-03-13,24000.0
2026-03-13,6000.0
2026-03-13,12000.0
2026-03-13,20000.0
2026-03-13,15000.0
2026-03-13,50000.0
2026-03-13,6000.0
2026-03-13,25000.0
2026-03-13,10000.0
2026-03-13,5000.0
2026-03-13,46000.0
2026-03-13,80000.0
2026-03-13,6000.0
2026-03-13,54000.0
2026-03-13,30000.0
2026-03-13,20900.0
2026-03-13,41800.0
2026-03-13,24000.0
2026-03-13,68400.0
2026-03-13,44000.0
2026-03-13,10000.0
2026-03-13,22000.0
2026-03-13,40000.0
2026-03-13,24000.0
2026-03-13,22000.0
2026-03-13,20000.0
2026-03-13,22800.0
2026-03-13,20900.0
2026-03-13,75000.0
2026-03-13,24000.0
2026-03-13,16000.0
2026-03-13,12000.0
2026-03-13,7600.0
2026-03-13,20000.0
2026-03-13,24000.0
2026-03-13,30000.0
2026-03-13,24000.0
2026-03-13,9500.0
2026-03-13,5700.0
2026-03-13,36000.0
2026-03-13,25000.0
2026-03-13,16000.0
2026-03-13,9500.0
2026-03-13,21850.0
2026-03-13,24000.0
2026-03-13,15000.0
2026-03-13,20000.0
2026-03-13,15200.0
2026-03-13,69000.0
2026-03-13,66000.0
2026-03-13,27000.0
2026-03-13,22000.0
2026-03-13,44000.0
2026-03-13,23000.0
2026-03-13,22000.0
2026-03-13,6000.0
2026-03-13,23000.0
2026-03-13,8000.0
2026-03-13,22000.0
2026-03-13,66000.0
2026-03-13,5700.0
2026-03-13,72000.0
2026-03-13,45000.0
2026-03-13,22000.0
2026-03-13,15000.0
2026-03-13,12000.0
2026-03-13,25000.0
2026-03-13,15000.0
2026-03-13,25000.0
2026-03-13,44000.0
2026-03-13,6000.0
2026-03-13,20000.0
2026-03-13,8000.0
2026-03-13,23000.0
2026-03-13,22000.0
2026-03-13,50000.0
2026-03-13,23000.0
2026-03-13,12000.0
2026-03-13,48000.0
2026-03-13,40000.0
2026-03-13,24000.0
2026-03-13,48000.0
2026-03-13,6000.0
2026-03-13,20000.0
2026-03-13,12000.0
2026-03-13,25000.0
2026-03-13,5000.0
2026-03-13,15000.0
2026-03-13,24000.0
2026-03-13,24000.0
2026-03-13,23000.0
2026-03-13,25000.0
2026-03-13,8000.0
2026-03-13,48000.0
2026-03-14,48000.0
2026-03-14,20000.0
2026-03-14,20000.0
2026-03-14,20000.0
2026-03-14,27000.0
2026-03-14,22000.0
2026-03-14,24000.0
2026-03-14,20000.0
2026-03-14,5000.0
2026-03-14,23000.0
2026-03-14,12000.0
2026-03-14,40000.0
2026-03-14,30000.0
2026-03-14,22000.0
2026-03-14,54000.0
2026-03-14,20000.0
2026-03-14,24000.0
2026-03-14,6000.0
2026-03-14,40000.0
2026-03-14,20000.0
2026-03-14,12000.0
2026-03-14,50000.0
2026-03-14,44000.0
2026-03-14,10000.0
2026-03-14,10000.0
2026-03-14,5000.0
2026-03-14,15000.0
2026-03-14,6000.0
2026-03-14,12000.0
2026-03-14,46000.0
2026-03-14,10000.0
2026-03-14,22000.0
2026-03-14,30000.0
2026-03-14,23000.0
2026-03-14,27000.0
2026-03-14,8000.0
2026-03-14,23000.0
2026-03-14,22000.0
2026-03-14,11400.0
2026-03-14,6000.0
2026-03-14,25000.0
2026-03-14,44000.0
2026-03-14,20000.0
2026-03-14,20900.0
2026-03-14,18000.0
2026-03-14,24000.0
2026-03-14,22000.0
2026-03-14,22000.0
2026-03-14,46000.0
2026-03-14,24000.0
2026-03-14,92000.0
2026-03-14,5000.0
2026-03-14,11400.0
2026-03-14,6000.0
2026-03-14,10000.0
2026-03-14,24000.0
2026-03-14,15000.0
2026-03-14,22000.0
2026-03-14,23000.0
2026-03-14,20000.0
2026-03-14,27000.0
2026-03-14,24000.0
2026-03-14,50000.0
2026-03-14,50000.0
2026-03-14,12000.0
2026-03-14,50000.0
2026-03-14,24000.0
2026-03-14,22000.0
2026-03-14,12000.0
2026-03-14,22000.0
2026-03-14,5700.0
2026-03-14,24000.0
2026-03-14,30000.0
2026-03-14,21850.0
2026-03-14,6000.0
2026-03-14,22000.0
2026-03-14,100000.0
2026-03-14,25000.0
2026-03-14,20900.0
2026-03-14,6000.0
2026-03-14,8000.0
2026-03-14,48000.0
2026-03-14,48000.0
2026-03-14,6000.0
2026-03-14,14250.0
2026-03-14,20000.0
2026-03-14,60000.0
2026-03-14,5000.0
2026-03-14,25650.0
2026-03-14,22000.0
2026-03-14,22000.0
2026-03-14,14250.0
2026-03-14,50000.0
2026-03-14,20000.0
2026-03-14,6000.0
2026-03-14,5000.0
2026-03-14,12000.0
2026-03-14,23000.0
2026-03-14,6000.0
2026-03-14,15000.0
2026-03-14,16000.0
2026-03-14,24000.0
2026-03-14,8000.0
2026-03-14,50000.0
2026-03-14,50000.0
2026-03-14,15000.0
2026-03-14,5000.0
2026-03-14,15000.0
2026-03-14,14250.0
2026-03-14,14250.0
2026-03-14,25000.0
2026-03-14,69000.0
2026-03-14,24000.0
2026-03-14,20000.0
2026-03-14,44000.0
2026-03-14,54000.0
2026-03-14,25000.0
2026-03-14,66000.0
2026-03-14,27000.0
2026-03-14,6000.0
2026-03-14,27000.0
2026-03-14,45000.0
2026-03-14,12000.0
2026-03-14,40000.0
2026-03-14,23000.0
2026-03-14,30000.0
2026-03-14,8000.0
2026-03-14,6000.0
2026-03-14,25000.0
2026-03-14,69000.0
2026-03-14,40000.0
2026-03-14,27000.0
2026-03-14,44000.0
2026-03-14,6000.0
2026-03-14,8000.0
2026-03-14,22000.0
2026-03-14,25000.0
2026-03-14,5000.0
2026-03-14,8000.0
2026-03-14,40000.0
2026-03-14,19000.0
2026-03-14,14250.0
2026-03-14,8000.0
2026-03-14,5000.0
2026-03-14,24000.0
2026-03-14,25000.0
2026-03-14,10000.0
2026-03-14,15000.0
2026-03-14,25000.0
2026-03-14,28500.0
2026-03-14,50000.0
2026-03-14,24000.0
2026-03-14,40000.0
2026-03-14,27000.0
2026-03-14,10000.0
2026-03-14,15000.0
2026-03-14,27000.0
2026-03-14,24000.0
2026-03-14,27000.0
2026-03-14,10000.0
2026-03-14,24000.0
2026-03-14,27000.0
2026-03-14,12000.0
2026-03-14,5000.0
2026-03-14,75000.0
2026-03-14,48000.0
2026-03-14,30000.0
2026-03-14,9500.0
2026-03-14,15000.0
2026-03-14,40000.0
2026-03-14,66000.0
2026-03-14,22000.0
2026-03-14,6000.0
2026-03-14,44000.0
2026-03-14,50000.0
2026-03-14,96000.0
2026-03-14,6000.0
2026-03-14,11400.0
2026-03-14,20000.0
2026-03-14,24000.0
2026-03-14,12000.0
2026-03-14,23000.0
2026-03-14,15000.0
2026-03-14,24000.0
2026-03-14,18000.0
2026-03-14,62700.0
2026-03-14,22000.0
2026-03-14,72000.0
2026-03-14,18000.0
2026-03-14,11400.0
2026-03-14,22000.0
2026-03-14,20000.0
2026-03-14,6000.0
2026-03-14,15000.0
2026-03-14,30000.0
2026-03-14,10000.0
2026-03-14,6000.0
2026-03-14,48000.0
2026-03-14,12000.0
2026-03-14,25000.0
2026-03-14,25000.0
2026-03-14,15000.0
2026-03-14,10000.0
2026-03-14,22000.0
2026-03-14,6000.0
2026-03-14,22000.0
2026-03-14,25650.0
2026-03-14,60000.0
2026-03-14,12000.0
2026-03-14,66000.0
2026-03-14,54000.0
2026-03-14,75000.0
2026-03-14,100000.0
2026-03-14,88000.0
2026-03-14,20900.0
2026-03-14,20000.0
2026-03-14,23000.0
2026-03-14,40000.0
2026-03-14,5000.0
2026-03-14,96000.0
2026-03-14,24000.0
2026-03-14,21850.0
2026-03-14,4750.0
2026-03-14,20000.0
2026-03-14,10000.0
2026-03-14,12000.0
2026-03-14,10000.0
2026-03-14,11400.0
2026-03-14,75000.0
2026-03-14,36000.0
2026-03-14,15000.0
2026-03-14,30000.0
2026-03-14,5000.0
2026-03-14,6000.0
2026-03-14,10000.0
2026-03-14,36000.0
2026-03-14,7600.0
2026-03-14,48000.0
2026-03-14,25000.0
2026-03-14,16000.0
2026-03-14,30000.0
2026-03-14,27000.0
2026-03-14,12000.0
2026-03-14,16000.0
2026-03-14,28500.0
2026-03-14,23000.0
2026-03-14,23750.0
2026-03-14,25000.0
2026-03-14,88000.0
2026-03-14,10000.0
2026-03-14,23750.0
2026-03-14,22000.0
2026-03-14,12000.0
2026-03-14,11400.0
2026-03-14,12000.0
2026-03-14,12000.0
2026-03-14,20000.0
2026-03-14,5700.0
2026-03-14,20000.0
2026-03-14,24000.0
2026-03-14,27000.0
2026-03-14,60000.0
2026-03-14,15000.0
2026-03-14,16000.0
2026-03-14,6000.0
2026-03-14,6000.0
2026-03-14,22000.0
2026-03-15,15000.0
2026-03-15,10000.0
2026-03-15,12000.0
2026-03-15,54000.0
2026-03-15,40000.0
2026-03-15,60000.0
2026-03-15,71250.0
2026-03-15,8000.0
2026-03-15,25000.0
2026-03-15,15000.0
2026-03-15,20000.0
2026-03-15,24000.0
2026-03-15,12000.0
2026-03-15,25000.0
2026-03-15,22000.0
2026-03-15,16000.0
2026-03-15,15000.0
2026-03-15,6000.0
2026-03-15,8000.0
2026-03-15,5000.0
2026-03-15,69000.0
2026-03-15,46000.0
2026-03-15,62700.0
2026-03-15,6000.0
2026-03-15,23000.0
2026-03-15,20000.0
2026-03-15,25000.0
2026-03-15,36000.0
2026-03-15,6000.0
2026-03-15,20000.0
2026-03-15,24000.0
2026-03-15,22000.0
2026-03-15,10000.0
2026-03-15,54000.0
2026-03-15,8000.0
2026-03-15,10000.0
2026-03-15,48000.0
2026-03-15,66000.0
2026-03-15,5000.0
2026-03-15,10000.0
2026-03-15,24000.0
2026-03-15,10000.0
2026-03-15,12000.0
2026-03-15,6000.0
2026-03-15,75000.0
2026-03-15,14250.0
2026-03-15,12000.0
2026-03-15,40000.0
2026-03-15,6000.0
2026-03-15,15000.0
2026-03-15,25000.0
2026-03-15,81000.0
2026-03-15,22000.0
2026-03-15,6000.0
2026-03-15,25000.0
2026-03-15,22000.0
2026-03-15,25000.0
2026-03-15,15000.0
2026-03-15,27000.0
2026-03-15,60000.0
2026-03-15,15000.0
2026-03-15,18000.0
2026-03-15,54000.0
2026-03-15,30000.0
2026-03-15,19000.0
2026-03-15,69000.0
2026-03-15,40000.0
2026-03-15,14250.0
2026-03-15,50000.0
2026-03-15,92000.0
2026-03-15,12000.0
2026-03-15,6000.0
2026-03-15,12000.0
2026-03-15,10000.0
2026-03-15,24000.0
2026-03-15,20900.0
2026-03-15,25000.0
2026-03-15,6000.0
2026-03-15,5000.0
2026-03-15,72000.0
2026-03-15,24000.0
2026-03-15,6000.0
2026-03-15,36000.0
2026-03-15,12000.0
2026-03-15,20000.0
2026-03-15,8000.0
2026-03-15,10000.0
2026-03-15,15000.0
2026-03-15,25000.0
2026-03-15,22000.0
2026-03-15,108000.0
2026-03-15,23000.0
2026-03-15,22000.0
2026-03-15,16000.0
2026-03-15,38000.0
2026-03-15,11400.0
2026-03-15,48000.0
2026-03-15,8000.0
2026-03-15,6000.0
2026-03-15,12000.0
2026-03-15,5000.0
2026-03-15,6000.0
2026-03-15,20000.0
2026-03-15,25000.0
2026-03-15,10000.0
2026-03-15,88000.0
2026-03-15,15000.0
2026-03-15,54000.0
2026-03-15,5000.0
2026-03-15,20000.0
2026-03-15,6000.0
2026-03-15,48000.0
2026-03-15,15000.0
2026-03-15,12000.0
2026-03-15,46000.0
2026-03-15,20000.0
2026-03-15,15000.0
2026-03-15,15200.0
2026-03-15,23000.0
2026-03-15,6000.0
2026-03-15,12000.0
2026-03-15,38000.0
2026-03-15,6000.0
2026-03-15,15000.0
2026-03-15,20000.0
2026-03-15,24000.0
2026-03-15,12000.0
2026-03-15,10000.0
2026-03-15,46000.0
2026-03-15,8000.0
2026-03-15,23000.0
2026-03-15,20900.0
2026-03-15,20000.0
2026-03-15,22000.0
2026-03-15,54000.0
2026-03-15,45000.0
2026-03-15,8000.0
2026-03-15,72000.0
2026-03-15,8000.0
2026-03-15,12000.0
2026-03-15,46000.0
2026-03-15,28500.0
2026-03-15,20000.0
2026-03-15,24000.0
2026-03-15,11400.0
2026-03-15,24000.0
2026-03-15,27000.0
2026-03-15,28500.0
2026-03-15,6000.0
2026-03-15,10000.0
2026-03-15,23000.0
2026-03-15,27000.0
2026-03-15,20900.0
2026-03-15,38000.0
2026-03-15,72000.0
2026-03-15,19000.0
2026-03-15,50000.0
2026-03-15,12000.0
2026-03-15,12000.0
2026-03-15,41800.0
2026-03-15,12000.0
2026-03-15,25000.0
2026-03-15,50000.0
2026-03-15,15000.0
2026-03-15,5000.0
2026-03-15,69000.0
2026-03-15,36000.0
2026-03-15,45000.0
2026-03-15,10000.0
2026-03-15,8000.0
2026-03-15,24000.0
2026-03-15,12000.0
2026-03-15,5000.0
2026-03-15,10000.0
2026-03-15,12000.0
2026-03-15,12000.0
2026-03-15,20000.0
2026-03-15,5000.0
2026-03-15,11400.0
2026-03-15,16000.0
2026-03-15,22800.0
2026-03-15,40000.0
2026-03-15,69000.0
2026-03-15,18000.0
2026-03-15,45000.0
2026-03-15,22000.0
2026-03-15,20900.0
2026-03-15,57000.0
2026-03-15,9500.0
2026-03-15,8000.0
2026-03-15,41800.0
2026-03-15,15000.0
2026-03-15,12000.0
2026-03-15,46000.0
2026-03-15,6000.0
2026-03-15,5000.0
2026-03-15,24000.0
2026-03-15,10000.0
2026-03-15,15000.0
2026-03-15,27000.0
2026-03-15,22000.0
2026-03-15,22000.0
2026-03-15,12000.0
2026-03-15,6000.0
2026-03-15,50000.0
2026-03-15,12000.0
2026-03-15,15000.0
2026-03-15,5000.0
2026-03-15,22000.0
2026-03-15,22000.0
2026-03-15,12000.0
2026-03-15,44000.0
2026-03-15,20000.0
2026-03-15,12000.0
2026-03-15,60000.0
2026-03-15,15000.0
2026-03-15,20000.0
2026-03-15,8000.0
2026-03-15,30000.0
2026-03-15,40000.0
2026-03-15,24000.0
2026-03-15,24000.0
2026-03-15,22800.0
2026-03-15,22000.0
2026-03-15,108000.0
2026-03-15,6000.0
2026-03-15,75000.0
2026-03-15,27000.0
2026-03-15,96000.0
2026-03-15,24000.0
2026-03-15,14250.0
2026-03-15,12000.0
2026-03-15,6000.0
2026-03-15,8000.0
2026-03-15,30000.0
2026-03-15,25000.0
2026-03-15,10000.0
2026-03-15,8000.0
2026-03-15,12000.0
2026-03-15,45000.0
2026-03-15,22000.0
2026-03-16,22000.0
2026-03-16,30000.0
2026-03-16,6000.0
2026-03-16,15000.0
2026-03-16,30000.0
2026-03-16,18000.0
2026-03-16,6000.0
2026-03-16,22000.0
2026-03-16,15000.0
2026-03-16,6000.0
2026-03-16,24000.0
2026-03-16,10000.0
2026-03-16,5000.0
2026-03-16,10000.0
2026-03-16,16000.0
2026-03-16,60000.0
2026-03-16,40000.0
2026-03-16,30000.0
2026-03-16,32000.0
2026-03-16,23750.0
2026-03-16,44000.0
2026-03-16,12000.0
2026-03-16,12000.0
2026-03-16,10000.0
2026-03-16,12000.0
2026-03-16,6000.0
2026-03-16,15000.0
2026-03-16,24000.0
2026-03-16,23000.0
2026-03-16,69000.0
2026-03-16,12000.0
2026-03-16,60000.0
2026-03-16,22000.0
2026-03-16,19000.0
2026-03-16,6000.0
2026-03-16,48000.0
2026-03-16,44000.0
2026-03-16,6000.0
2026-03-16,11400.0
2026-03-16,43700.0
2026-03-16,12000.0
2026-03-16,75000.0
2026-03-16,6000.0
2026-03-16,20000.0
2026-03-16,30000.0
2026-03-16,25000.0
2026-03-16,40000.0
2026-03-16,8000.0
2026-03-16,43700.0
2026-03-16,23750.0
2026-03-16,72000.0
2026-03-16,40000.0
2026-03-16,81000.0
2026-03-16,12000.0
2026-03-16,66000.0
2026-03-16,20000.0
2026-03-16,8000.0
2026-03-16,24000.0
2026-03-16,18000.0
2026-03-16,22000.0
2026-03-16,23000.0
2026-03-16,25000.0
2026-03-16,27000.0
2026-03-16,30000.0
2026-03-16,28500.0
2026-03-16,10000.0
2026-03-16,20000.0
2026-03-16,11400.0
2026-03-16,8000.0
2026-03-16,5000.0
2026-03-16,6000.0
2026-03-16,25000.0
2026-03-16,75000.0
2026-03-16,24000.0
2026-03-16,15000.0
2026-03-16,25000.0
2026-03-16,10000.0
2026-03-16,44000.0
2026-03-16,46000.0
2026-03-16,27000.0
2026-03-16,50000.0
2026-03-16,12000.0
2026-03-16,8000.0
2026-03-16,23000.0
2026-03-16,28500.0
2026-03-16,50000.0
2026-03-16,6000.0
2026-03-16,41800.0
2026-03-16,5000.0
2026-03-16,5000.0
2026-03-16,16000.0
2026-03-16,69000.0
2026-03-16,40000.0
2026-03-16,15000.0
2026-03-16,22800.0
2026-03-16,27000.0
2026-03-16,12000.0
2026-03-16,22000.0
2026-03-16,12000.0
2026-03-16,5700.0
2026-03-16,8000.0
2026-03-16,18000.0
2026-03-16,22000.0
2026-03-16,27000.0
2026-03-16,8000.0
2026-03-16,22000.0
2026-03-16,16000.0
2026-03-16,46000.0
2026-03-16,66000.0
2026-03-16,40000.0
2026-03-16,27000.0
2026-03-16,6000.0
2026-03-16,66000.0
2026-03-16,15000.0
2026-03-16,11400.0
2026-03-16,6000.0
2026-03-16,18000.0
2026-03-16,27000.0
2026-03-16,20000.0
2026-03-16,27000.0
2026-03-16,20000.0
2026-03-16,22000.0
2026-03-16,15000.0
2026-03-16,10000.0
2026-03-16,25000.0
2026-03-16,11400.0
2026-03-16,6000.0
2026-03-16,21850.0
2026-03-16,5000.0
2026-03-16,12000.0
2026-03-16,27000.0
2026-03-16,6000.0
2026-03-16,27000.0
2026-03-16,6000.0
2026-03-16,48000.0
2026-03-16,40000.0
2026-03-16,22000.0
2026-03-16,48000.0
2026-03-16,57000.0
2026-03-16,7600.0
2026-03-16,20000.0
2026-03-16,24000.0
2026-03-16,54000.0
2026-03-16,20000.0
2026-03-16,15000.0
2026-03-16,6000.0
2026-03-16,8000.0
2026-03-16,30000.0
2026-03-16,30000.0
2026-03-16,48000.0
2026-03-16,24000.0
2026-03-16,100000.0
2026-03-16,6000.0
2026-03-16,46000.0
2026-03-16,54000.0
2026-03-16,27000.0
2026-03-16,22000.0
2026-03-16,24000.0
2026-03-16,22000.0
2026-03-16,6000.0
2026-03-16,22000.0
2026-03-16,24000.0
2026-03-16,23000.0
2026-03-16,45000.0
2026-03-16,9500.0
2026-03-16,23000.0
2026-03-16,16000.0
2026-03-16,22000.0
2026-03-16,44000.0
2026-03-16,12000.0
2026-03-16,25000.0
2026-03-16,12000.0
2026-03-16,23000.0
2026-03-16,12000.0
2026-03-16,24000.0
2026-03-16,23750.0
2026-03-16,20000.0
2026-03-16,10000.0
2026-03-16,15000.0
2026-03-16,27000.0
2026-03-16,50000.0
2026-03-16,60000.0
2026-03-16,22000.0
2026-03-16,6000.0
2026-03-16,5000.0
2026-03-16,23000.0
2026-03-16,10000.0
2026-03-16,12000.0
2026-03-16,12000.0
2026-03-16,10000.0
2026-03-16,27000.0
2026-03-16,69000.0
2026-03-16,75000.0
2026-03-16,5000.0
2026-03-16,27000.0
2026-03-16,8000.0
2026-03-16,9500.0
2026-03-16,24000.0
2026-03-16,11400.0
2026-03-16,24000.0
2026-03-16,20000.0
2026-03-16,23000.0
2026-03-16,23000.0
2026-03-16,6000.0
2026-03-17,23000.0
2026-03-17,40000.0
2026-03-17,12000.0
2026-03-17,66000.0
2026-03-17,46000.0
2026-03-17,20000.0
2026-03-17,69000.0
2026-03-17,45000.0
2026-03-17,50000.0
2026-03-17,12000.0
2026-03-17,24000.0
2026-03-17,24000.0
2026-03-17,6000.0
2026-03-17,46000.0
2026-03-17,60000.0
2026-03-17,8000.0
2026-03-17,27000.0
2026-03-17,8000.0
2026-03-17,20000.0
2026-03-17,11400.0
2026-03-17,8000.0
2026-03-17,12000.0
2026-03-17,44000.0
2026-03-17,12000.0
2026-03-17,21850.0
2026-03-17,36000.0
2026-03-17,8000.0
2026-03-17,6000.0
2026-03-17,22000.0
2026-03-17,12000.0
2026-03-17,8000.0
2026-03-17,30000.0
2026-03-17,46000.0
2026-03-17,23000.0
2026-03-17,22000.0
2026-03-17,18000.0
2026-03-17,22000.0
2026-03-17,25000.0
2026-03-17,12000.0
2026-03-17,40000.0
2026-03-17,12000.0
2026-03-17,48000.0
2026-03-17,24000.0
2026-03-17,20000.0
2026-03-17,24000.0
2026-03-17,11400.0
2026-03-17,75000.0
2026-03-17,12000.0
2026-03-17,22000.0
2026-03-17,23000.0
2026-03-17,9500.0
2026-03-17,22000.0
2026-03-17,20000.0
2026-03-17,10000.0
2026-03-17,11400.0
2026-03-17,6000.0
2026-03-17,6000.0
2026-03-17,12000.0
2026-03-17,50000.0
2026-03-17,22000.0
2026-03-17,15000.0
2026-03-17,45600.0
2026-03-17,6000.0
2026-03-17,24000.0
2026-03-17,27000.0
2026-03-17,8000.0
2026-03-17,23000.0
2026-03-17,27000.0
2026-03-17,20000.0
2026-03-17,100000.0
2026-03-17,27000.0
2026-03-17,25000.0
2026-03-17,88000.0
2026-03-17,8000.0
2026-03-17,81000.0
2026-03-17,23750.0
2026-03-17,20000.0
2026-03-17,30000.0
2026-03-17,5700.0
2026-03-17,23750.0
2026-03-17,22000.0
2026-03-17,30000.0
2026-03-17,48000.0
2026-03-17,5000.0
2026-03-17,15000.0
2026-03-17,5000.0
2026-03-17,23000.0
2026-03-17,8000.0
2026-03-17,23000.0
2026-03-17,25000.0
2026-03-17,25000.0
2026-03-17,22000.0
2026-03-17,48000.0
2026-03-17,48000.0
2026-03-17,12000.0
2026-03-17,24000.0
2026-03-17,22800.0
2026-03-17,12000.0
2026-03-17,12000.0
2026-03-17,25000.0
2026-03-17,12000.0
2026-03-17,11400.0
2026-03-17,36000.0
2026-03-17,25000.0
2026-03-17,12000.0
2026-03-17,20000.0
2026-03-17,16000.0
2026-03-17,20000.0
2026-03-17,60000.0
2026-03-17,25000.0
2026-03-17,24000.0
2026-03-17,45000.0
2026-03-17,5000.0
2026-03-17,23750.0
2026-03-17,22000.0
2026-03-17,65550.0
2026-03-17,36000.0
2026-03-17,6000.0
2026-03-17,10000.0
2026-03-17,27000.0
2026-03-17,72000.0
2026-03-17,25000.0
2026-03-17,20900.0
2026-03-17,44000.0
2026-03-17,6000.0
2026-03-17,25000.0
2026-03-17,6000.0
2026-03-17,24000.0
2026-03-17,22000.0
2026-03-17,20000.0
2026-03-17,20000.0
2026-03-17,30000.0
2026-03-17,18000.0
2026-03-17,12000.0
2026-03-17,24000.0
2026-03-17,50000.0
2026-03-17,15000.0
2026-03-17,66000.0
2026-03-17,17100.0
2026-03-17,10000.0
2026-03-17,36000.0
2026-03-17,5700.0
2026-03-17,8000.0
2026-03-17,10000.0
2026-03-17,50000.0
2026-03-17,20000.0
2026-03-17,50000.0
2026-03-17,12000.0
2026-03-17,22000.0
2026-03-17,8000.0
2026-03-17,27000.0
2026-03-17,15000.0
2026-03-17,44000.0
2026-03-17,60000.0
2026-03-17,8000.0
2026-03-17,11400.0
2026-03-17,15000.0
2026-03-17,25000.0
2026-03-17,20000.0
2026-03-17,54000.0
2026-03-17,72000.0
2026-03-17,15000.0
2026-03-17,24000.0
2026-03-17,23000.0
2026-03-17,22000.0
2026-03-17,8000.0
2026-03-17,24000.0
2026-03-17,20000.0
2026-03-17,12000.0
2026-03-17,88000.0
2026-03-17,8000.0
2026-03-17,25000.0
2026-03-17,6000.0
2026-03-17,20000.0
2026-03-17,27000.0
2026-03-17,12000.0
2026-03-17,27000.0
2026-03-17,25000.0
2026-03-17,40000.0
2026-03-17,25000.0
2026-03-17,10000.0
2026-03-17,16000.0
2026-03-17,48000.0
2026-03-17,22000.0
2026-03-17,27000.0
2026-03-17,16000.0
2026-03-17,32000.0
2026-03-17,16000.0
2026-03-17,27000.0
2026-03-17,30000.0
2026-03-17,22800.0
2026-03-17,24000.0
2026-03-17,24000.0
2026-03-17,30000.0
2026-03-17,12000.0
2026-03-17,6000.0
2026-03-17,21850.0
2026-03-17,88000.0
2026-03-17,20000.0
2026-03-17,16000.0
2026-03-17,15000.0
2026-03-17,11400.0
2026-03-17,22000.0
2026-03-17,8000.0
2026-03-17,25650.0
2026-03-17,23000.0
2026-03-17,25000.0
2026-03-17,20000.0
2026-03-17,10000.0
2026-03-17,6000.0
2026-03-17,12000.0
2026-03-17,16000.0
2026-03-17,22000.0
2026-03-17,27000.0
2026-03-17,15000.0
2026-03-17,96000.0
2026-03-17,7600.0
2026-03-17,32000.0
2026-03-17,20000.0
2026-03-17,25000.0
2026-03-17,10000.0
2026-03-17,40000.0
2026-03-17,60000.0
2026-03-17,12000.0
2026-03-17,36000.0
2026-03-17,6000.0
2026-03-17,25650.0
2026-03-17,15000.0
2026-03-18,6000.0
2026-03-18,27000.0
2026-03-18,8000.0
2026-03-18,44000.0
2026-03-18,6000.0
2026-03-18,25000.0
2026-03-18,10000.0
2026-03-18,20000.0
2026-03-18,10000.0
2026-03-18,8000.0
2026-03-18,54000.0
2026-03-18,15000.0
2026-03-18,24000.0
2026-03-18,24000.0
2026-03-18,27000.0
2026-03-18,25000.0
2026-03-18,40000.0
2026-03-18,12000.0
2026-03-18,48000.0
2026-03-18,23000.0
2026-03-18,12000.0
2026-03-18,48000.0
2026-03-18,19000.0
2026-03-18,20000.0
2026-03-18,6000.0
2026-03-18,12000.0
2026-03-18,6000.0
2026-03-18,12000.0
2026-03-18,16000.0
2026-03-18,54000.0
2026-03-18,25000.0
2026-03-18,15000.0
2026-03-18,20000.0
2026-03-18,12000.0
2026-03-18,24000.0
2026-03-18,27000.0
2026-03-18,6000.0
2026-03-18,24000.0
2026-03-18,24000.0
2026-03-18,22000.0
2026-03-18,12000.0
2026-03-18,25000.0
2026-03-18,12000.0
2026-03-18,72000.0
2026-03-18,19000.0
2026-03-18,6000.0
2026-03-18,6000.0
2026-03-18,80000.0
2026-03-18,68400.0
2026-03-18,10000.0
2026-03-18,10000.0
2026-03-18,48000.0
2026-03-18,43700.0
2026-03-18,6000.0
2026-03-18,24000.0
2026-03-18,69000.0
2026-03-18,11400.0
2026-03-18,23000.0
2026-03-18,108000.0
2026-03-18,24000.0
2026-03-18,23000.0
2026-03-18,15000.0
2026-03-18,36000.0
2026-03-18,25000.0
2026-03-18,9500.0
2026-03-18,12000.0
2026-03-18,22000.0
2026-03-18,15000.0
2026-03-18,6000.0
2026-03-18,30000.0
2026-03-18,10000.0
2026-03-18,20000.0
2026-03-18,6000.0
2026-03-18,48000.0
2026-03-18,15000.0
2026-03-18,24000.0
2026-03-18,27000.0
2026-03-18,6000.0
2026-03-18,20900.0
2026-03-18,20000.0
2026-03-18,22000.0
2026-03-18,22000.0
2026-03-18,12000.0
2026-03-18,30000.0
2026-03-18,6000.0
2026-03-18,46000.0
2026-03-18,10000.0
2026-03-18,62700.0
2026-03-18,27000.0
2026-03-18,5000.0
2026-03-18,5000.0
2026-03-18,48000.0
2026-03-18,25000.0
2026-03-18,12000.0
2026-03-18,23000.0
2026-03-18,21850.0
2026-03-18,25000.0
2026-03-18,8000.0
2026-03-18,24000.0
2026-03-18,41800.0
2026-03-18,15000.0
2026-03-18,12000.0
2026-03-18,25000.0
2026-03-18,12000.0
2026-03-18,48000.0
2026-03-18,12000.0
2026-03-18,54000.0
2026-03-18,6000.0
2026-03-18,27000.0
2026-03-18,22000.0
2026-03-18,24000.0
2026-03-18,5000.0
2026-03-18,22800.0
2026-03-18,10000.0
2026-03-18,25000.0
2026-03-18,24000.0
2026-03-18,42750.0
2026-03-18,30000.0
2026-03-18,25000.0
2026-03-18,10000.0
2026-03-18,75000.0
2026-03-18,46000.0
2026-03-18,5000.0
2026-03-18,14250.0
2026-03-18,16000.0
2026-03-18,11400.0
2026-03-18,25000.0
2026-03-18,48000.0
2026-03-18,20000.0
2026-03-18,15000.0
2026-03-18,46000.0
2026-03-18,50000.0
2026-03-18,22000.0
2026-03-18,24000.0
2026-03-18,24000.0
2026-03-18,15000.0
2026-03-18,40000.0
2026-03-18,10000.0
2026-03-18,12000.0
2026-03-18,6000.0
2026-03-18,8000.0
2026-03-18,5000.0
2026-03-18,30000.0
2026-03-18,8000.0
2026-03-18,44000.0
2026-03-18,21850.0
2026-03-18,23000.0
2026-03-18,16000.0
2026-03-18,20000.0
2026-03-18,23000.0
2026-03-18,27000.0
2026-03-18,25000.0
2026-03-18,24000.0
2026-03-18,23000.0
2026-03-18,25650.0
2026-03-18,8000.0
2026-03-18,23000.0
2026-03-18,12000.0
2026-03-18,15000.0
2026-03-18,25000.0
2026-03-18,30000.0
2026-03-18,22000.0
2026-03-18,22000.0
2026-03-18,8000.0
2026-03-18,6000.0
2026-03-18,12000.0
2026-03-18,22000.0
2026-03-18,8000.0
2026-03-18,6000.0
2026-03-18,12000.0
2026-03-18,5000.0
2026-03-18,8000.0
2026-03-18,40000.0
2026-03-18,16000.0
2026-03-18,24000.0
2026-03-18,10000.0
2026-03-18,25000.0
2026-03-18,36000.0
2026-03-18,24000.0
2026-03-18,40000.0
2026-03-18,25000.0
2026-03-18,15000.0
2026-03-18,24000.0
2026-03-18,47500.0
2026-03-18,6000.0
2026-03-18,44000.0
2026-03-18,22000.0
2026-03-18,9500.0
2026-03-18,6000.0
2026-03-18,15000.0
2026-03-18,69000.0
2026-03-18,24000.0
2026-03-18,16000.0
2026-03-18,100000.0
2026-03-18,24000.0
2026-03-18,15000.0
2026-03-18,44000.0
2026-03-18,27000.0
2026-03-18,24000.0
2026-03-18,24000.0
2026-03-18,5000.0
2026-03-18,20000.0
2026-03-18,5700.0
2026-03-18,27000.0
2026-03-18,23000.0
2026-03-18,15000.0
2026-03-18,40000.0
2026-03-18,20000.0
2026-03-18,14250.0
2026-03-18,8000.0
2026-03-18,45000.0
2026-03-18,23000.0
2026-03-18,8000.0
2026-03-18,20000.0
2026-03-18,16000.0
2026-03-18,23000.0
2026-03-18,12000.0
2026-03-18,16000.0
2026-03-18,15000.0
2026-03-18,16000.0
2026-03-18,50000.0
2026-03-18,6000.0
2026-03-18,23000.0
2026-03-18,5000.0
2026-03-18,16000.0
2026-03-18,25000.0
2026-03-18,12000.0
2026-03-18,50000.0
2026-03-18,22000.0
2026-03-18,22000.0
2026-03-18,12000.0
2026-03-18,10000.0
2026-03-18,20000.0
2026-03-18,5000.0
2026-03-18,27000.0
2026-03-18,44000.0
2026-03-18,24000.0
2026-03-18,10000.0
2026-03-18,23000.0
2026-03-18,12000.0
2026-03-18,24000.0
2026-03-18,12000.0
2026-03-18,41800.0
2026-03-18,16000.0
2026-03-18,46000.0
2026-03-18,20000.0
2026-03-18,60000.0
2026-03-18,15000.0
2026-03-18,24000.0
2026-03-18,54000.0
2026-03-18,23000.0
2026-03-18,24000.0
2026-03-19,5700.0
2026-03-19,15000.0
2026-03-19,40000.0
2026-03-19,11400.0
2026-03-19,16000.0
2026-03-19,81000.0
2026-03-19,11400.0
2026-03-19,20000.0
2026-03-19,12000.0
2026-03-19,9500.0
2026-03-19,18000.0
2026-03-19,20000.0
2026-03-19,15000.0
2026-03-19,21850.0
2026-03-19,12000.0
2026-03-19,10000.0
2026-03-19,12000.0
2026-03-19,5700.0
2026-03-19,6000.0
2026-03-19,24000.0
2026-03-19,48000.0
2026-03-19,69000.0
2026-03-19,15000.0
2026-03-19,12000.0
2026-03-19,8000.0
2026-03-19,18000.0
2026-03-19,5000.0
2026-03-19,25000.0
2026-03-19,30000.0
2026-03-19,12000.0
2026-03-19,6000.0
2026-03-19,23000.0
2026-03-19,24000.0
2026-03-19,22000.0
2026-03-19,50000.0
2026-03-19,48000.0
2026-03-19,27000.0
2026-03-19,25000.0
2026-03-19,30000.0
2026-03-19,88000.0
2026-03-19,8000.0
2026-03-19,17100.0
2026-03-19,40000.0
2026-03-19,10000.0
2026-03-19,8000.0
2026-03-19,25000.0
2026-03-19,45000.0
2026-03-19,23000.0
2026-03-19,72000.0
2026-03-19,8000.0
2026-03-19,6000.0
2026-03-19,21850.0
2026-03-19,24000.0
2026-03-19,6000.0
2026-03-19,41800.0
2026-03-19,20000.0
2026-03-19,8000.0
2026-03-19,44000.0
2026-03-19,54000.0
2026-03-19,10000.0
2026-03-19,15000.0
2026-03-19,15000.0
2026-03-19,27000.0
2026-03-19,12000.0
2026-03-19,8000.0
2026-03-19,40000.0
2026-03-19,22000.0
2026-03-19,21850.0
2026-03-19,54000.0
2026-03-19,40000.0
2026-03-19,5000.0
2026-03-19,8000.0
2026-03-19,20000.0
2026-03-19,6000.0
2026-03-19,41800.0
2026-03-19,72000.0
2026-03-19,40000.0
2026-03-19,12000.0
2026-03-19,12000.0
2026-03-19,24000.0
2026-03-19,12000.0
2026-03-19,23000.0
2026-03-19,66000.0
2026-03-19,32000.0
2026-03-19,27000.0
2026-03-19,24000.0
2026-03-19,15000.0
2026-03-19,6000.0
2026-03-19,27000.0
2026-03-19,8000.0
2026-03-19,75000.0
2026-03-19,30000.0
2026-03-19,18000.0
2026-03-19,15000.0
2026-03-19,8000.0
2026-03-19,8000.0
2026-03-19,71250.0
2026-03-19,20000.0
2026-03-19,15000.0
2026-03-19,5000.0
2026-03-19,10000.0
2026-03-19,24000.0
2026-03-19,96000.0
2026-03-19,25000.0
2026-03-19,48000.0
2026-03-19,100000.0
2026-03-19,12000.0
2026-03-19,8000.0
2026-03-19,25000.0
2026-03-19,91200.0
2026-03-19,25000.0
2026-03-19,24000.0
2026-03-19,72000.0
2026-03-19,24000.0
2026-03-19,12000.0
2026-03-19,20900.0
2026-03-19,22000.0
2026-03-19,60000.0
2026-03-19,12000.0
2026-03-19,15000.0
2026-03-19,50000.0
2026-03-19,20000.0
2026-03-19,23750.0
2026-03-19,60000.0
2026-03-19,24000.0
2026-03-19,11400.0
2026-03-19,22000.0
2026-03-19,50000.0
2026-03-19,81000.0
2026-03-19,40000.0
2026-03-19,48000.0
2026-03-19,24000.0
2026-03-19,46000.0
2026-03-19,10000.0
2026-03-19,22000.0
2026-03-19,7600.0
2026-03-19,22000.0
2026-03-19,48000.0
2026-03-19,20000.0
2026-03-19,11400.0
2026-03-19,20900.0
2026-03-19,4750.0
2026-03-19,8000.0
2026-03-19,40000.0
2026-03-19,50000.0
2026-03-19,108000.0
2026-03-19,20000.0
2026-03-19,15000.0
2026-03-19,23000.0
2026-03-19,8000.0
2026-03-19,25000.0
2026-03-19,12000.0
2026-03-19,24000.0
2026-03-19,45000.0
2026-03-19,12000.0
2026-03-19,22800.0
2026-03-19,40000.0
2026-03-19,6000.0
2026-03-19,40000.0
2026-03-19,27000.0
2026-03-19,75000.0
2026-03-19,22000.0
2026-03-19,25000.0
2026-03-19,87400.0
2026-03-19,8000.0
2026-03-19,10000.0
2026-03-19,45000.0
2026-03-19,6000.0
2026-03-19,44000.0
2026-03-19,75000.0
2026-03-19,5000.0
2026-03-19,12000.0
2026-03-19,44000.0
2026-03-19,12000.0
2026-03-19,25000.0
2026-03-19,24000.0
2026-03-19,27000.0
2026-03-19,36000.0
2026-03-19,41800.0
2026-03-19,12000.0
2026-03-19,24000.0
2026-03-19,69000.0
2026-03-19,50000.0
2026-03-19,7600.0
2026-03-19,50000.0
2026-03-19,88000.0
2026-03-19,50000.0
2026-03-19,24000.0
2026-03-19,12000.0
2026-03-19,24000.0
2026-03-19,14250.0
2026-03-19,27000.0
2026-03-19,7600.0
2026-03-19,15000.0
2026-03-19,5000.0
2026-03-19,45000.0
2026-03-19,24000.0
2026-03-19,20000.0
2026-03-19,48000.0
2026-03-19,12000.0
2026-03-19,88000.0
2026-03-19,24000.0
2026-03-19,45000.0
2026-03-19,12000.0
2026-03-19,25000.0
2026-03-19,22000.0
2026-03-19,22000.0
2026-03-19,6000.0
2026-03-19,22000.0
2026-03-19,24000.0
2026-03-19,36000.0
2026-03-19,15000.0
2026-03-19,10000.0
2026-03-19,10000.0
2026-03-19,46000.0
2026-03-19,6000.0
2026-03-19,27000.0
2026-03-19,27000.0
2026-03-20,6000.0
2026-03-20,25000.0
2026-03-20,20000.0
2026-03-20,24000.0
2026-03-20,23000.0
2026-03-20,15000.0
2026-03-20,12000.0
2026-03-20,24000.0
2026-03-20,44000.0
2026-03-20,24000.0
2026-03-20,5700.0
2026-03-20,20000.0
2026-03-20,5000.0
2026-03-20,27000.0
2026-03-20,22000.0
2026-03-20,5000.0
2026-03-20,27000.0
2026-03-20,23000.0
2026-03-20,5000.0
2026-03-20,25000.0
2026-03-20,27000.0
2026-03-20,12000.0
2026-03-20,12000.0
2026-03-20,51300.0
2026-03-20,25000.0
2026-03-20,10000.0
2026-03-20,8000.0
2026-03-20,10000.0
2026-03-20,24000.0
2026-03-20,46000.0
2026-03-20,66000.0
2026-03-20,28500.0
2026-03-20,96000.0
2026-03-20,15000.0
2026-03-20,22000.0
2026-03-20,46000.0
2026-03-20,5000.0
2026-03-20,6000.0
2026-03-20,22000.0
2026-03-20,8000.0
2026-03-20,10000.0
2026-03-20,14250.0
2026-03-20,40000.0
2026-03-20,15000.0
2026-03-20,5700.0
2026-03-20,23000.0
2026-03-20,22000.0
2026-03-20,22000.0
2026-03-20,6000.0
2026-03-20,10000.0
2026-03-20,14250.0
2026-03-20,8000.0
2026-03-20,21850.0
2026-03-20,10000.0
2026-03-20,83600.0
2026-03-20,30000.0
2026-03-20,5000.0
2026-03-20,60000.0
2026-03-20,51300.0
2026-03-20,10000.0
2026-03-20,6000.0
2026-03-20,12000.0
2026-03-20,5000.0
2026-03-20,18000.0
2026-03-20,15000.0
2026-03-20,12000.0
2026-03-20,30000.0
2026-03-20,10000.0
2026-03-20,48000.0
2026-03-20,5000.0
2026-03-20,27000.0
2026-03-20,75000.0
2026-03-20,24000.0
2026-03-20,24000.0
2026-03-20,5000.0
2026-03-20,12000.0
2026-03-20,10000.0
2026-03-20,75000.0
2026-03-20,20000.0
2026-03-20,40000.0
2026-03-20,32000.0
2026-03-20,15000.0
2026-03-20,48000.0
2026-03-20,10000.0
2026-03-20,44000.0
2026-03-20,4750.0
2026-03-20,12000.0
2026-03-20,8000.0
2026-03-20,27000.0
2026-03-20,10000.0
2026-03-20,8000.0
2026-03-20,20000.0
2026-03-20,22000.0
2026-03-20,23000.0
2026-03-20,8000.0
2026-03-20,66000.0
2026-03-20,20000.0
2026-03-20,12000.0
2026-03-20,15000.0
2026-03-20,12000.0
2026-03-20,6000.0
2026-03-20,25000.0
2026-03-20,66000.0
2026-03-20,12000.0
2026-03-20,8000.0
2026-03-20,20000.0
2026-03-20,23000.0
2026-03-20,12000.0
2026-03-20,15000.0
2026-03-20,25000.0
2026-03-20,96000.0
2026-03-20,6000.0
2026-03-20,43700.0
2026-03-20,12000.0
2026-03-20,25000.0
2026-03-20,54000.0
2026-03-20,6000.0
2026-03-20,12000.0
2026-03-20,12000.0
2026-03-20,6000.0
2026-03-20,92000.0
2026-03-20,5700.0
2026-03-20,25000.0
2026-03-20,8000.0
2026-03-20,24000.0
2026-03-20,25650.0
2026-03-20,50000.0
2026-03-20,25650.0
2026-03-20,20000.0
2026-03-20,15000.0
2026-03-20,50000.0
2026-03-20,24000.0
2026-03-20,16000.0
2026-03-20,81000.0
2026-03-20,15000.0
2026-03-20,20000.0
2026-03-20,5000.0
2026-03-20,6000.0
2026-03-20,5700.0
2026-03-20,46000.0
2026-03-20,48000.0
2026-03-20,66000.0
2026-03-20,72000.0
2026-03-20,6000.0
2026-03-20,12000.0
2026-03-20,46000.0
2026-03-20,45600.0
2026-03-20,12000.0
2026-03-20,50000.0
2026-03-20,65550.0
2026-03-20,10000.0
2026-03-20,48000.0
2026-03-20,24000.0
2026-03-20,23000.0
2026-03-20,6000.0
2026-03-20,60000.0
2026-03-20,5000.0
2026-03-20,23000.0
2026-03-20,72000.0
2026-03-20,23000.0
2026-03-20,72000.0
2026-03-20,12000.0
2026-03-20,23000.0
2026-03-20,18000.0
2026-03-20,22000.0
2026-03-20,12000.0
2026-03-20,20000.0
2026-03-20,15000.0
2026-03-20,23000.0
2026-03-20,11400.0
2026-03-20,40000.0
2026-03-20,14250.0
2026-03-20,23750.0
2026-03-20,50000.0
2026-03-20,24000.0
2026-03-20,54000.0
2026-03-20,8000.0
2026-03-20,23750.0
2026-03-20,6000.0
2026-03-20,30000.0
2026-03-20,6000.0
2026-03-20,36000.0
2026-03-20,12000.0
2026-03-20,8000.0
2026-03-20,6000.0
2026-03-20,14250.0
2026-03-20,5700.0
2026-03-20,25000.0
2026-03-20,18000.0
2026-03-20,23000.0
2026-03-20,15000.0
2026-03-20,24000.0
2026-03-20,20000.0
2026-03-20,10000.0
2026-03-20,27000.0
2026-03-20,12000.0
2026-03-20,23000.0
2026-03-20,54000.0
2026-03-20,22000.0
2026-03-20,6000.0
2026-03-20,20000.0
2026-03-20,6000.0
2026-03-20,47500.0
2026-03-20,12000.0
2026-03-20,25000.0
2026-03-20,42750.0
2026-03-20,46000.0
2026-03-20,69000.0
2026-03-20,23000.0
2026-03-20,25000.0
2026-03-20,10000.0
2026-03-20,25000.0
2026-03-20,66000.0
2026-03-20,22000.0
2026-03-20,44000.0
2026-03-20,25000.0
2026-03-20,88000.0
2026-03-20,20000.0
2026-03-20,25000.0
2026-03-20,27000.0
2026-03-20,23000.0
2026-03-20,22000.0
2026-03-20,22000.0
2026-03-20,5000.0
2026-03-20,18000.0
2026-03-20,30000.0
2026-03-20,15000.0
2026-03-20,5000.0
2026-03-20,10000.0
2026-03-20,72000.0
2026-03-20,25000.0
2026-03-20,6000.0
2026-03-20,100000.0
2026-03-20,15000.0
2026-03-20,6000.0
2026-03-21,8000.0
2026-03-21,100000.0
2026-03-21,44000.0
2026-03-21,15000.0
2026-03-21,10000.0
2026-03-21,46000.0
2026-03-21,6000.0
2026-03-21,24000.0
2026-03-21,22000.0
2026-03-21,24000.0
2026-03-21,20000.0
2026-03-21,20000.0
2026-03-21,15000.0
2026-03-21,8000.0
2026-03-21,10000.0
2026-03-21,6000.0
2026-03-21,22000.0
2026-03-21,18000.0
2026-03-21,6000.0
2026-03-21,27000.0
2026-03-21,24000.0
2026-03-21,40000.0
2026-03-21,20000.0
2026-03-21,12000.0
2026-03-21,15000.0
2026-03-21,12000.0
2026-03-21,15000.0
2026-03-21,24000.0
2026-03-21,6000.0
2026-03-21,81000.0
2026-03-21,44000.0
2026-03-21,30000.0
2026-03-21,10000.0
2026-03-21,23000.0
2026-03-21,30000.0
2026-03-21,44000.0
2026-03-21,12000.0
2026-03-21,5000.0
2026-03-21,10000.0
2026-03-21,24000.0
2026-03-21,81000.0
2026-03-21,108000.0
2026-03-21,40000.0
2026-03-21,15000.0
2026-03-21,40000.0
2026-03-21,69000.0
2026-03-21,22000.0
2026-03-21,20000.0
2026-03-21,11400.0
2026-03-21,81000.0
2026-03-21,22000.0
2026-03-21,75000.0
2026-03-21,24000.0
2026-03-21,23000.0
2026-03-21,19000.0
2026-03-21,36000.0
2026-03-21,8000.0
2026-03-21,22000.0
2026-03-21,15000.0
2026-03-21,80000.0
2026-03-21,14250.0
2026-03-21,22000.0
2026-03-21,7600.0
2026-03-21,25000.0
2026-03-21,20000.0
2026-03-21,8000.0
2026-03-21,16000.0
2026-03-21,81000.0
2026-03-21,69000.0
2026-03-21,50000.0
2026-03-21,10000.0
2026-03-21,48000.0
2026-03-21,12000.0
2026-03-21,96000.0
2026-03-21,24000.0
2026-03-21,23000.0
2026-03-21,30000.0
2026-03-21,22000.0
2026-03-21,23000.0
2026-03-21,45000.0
2026-03-21,24000.0
2026-03-21,28500.0
2026-03-21,23000.0
2026-03-21,24000.0
2026-03-21,20000.0
2026-03-21,66000.0
2026-03-21,8000.0
2026-03-21,6000.0
2026-03-21,12000.0
2026-03-21,22000.0
2026-03-21,54000.0
2026-03-21,50000.0
2026-03-21,16000.0
2026-03-21,17100.0
2026-03-21,7600.0
2026-03-21,30000.0
2026-03-21,10000.0
2026-03-21,30000.0
2026-03-21,23000.0
2026-03-21,48000.0
2026-03-21,12000.0
2026-03-21,69000.0
2026-03-21,27000.0
2026-03-21,22000.0
2026-03-21,6000.0
2026-03-21,23000.0
2026-03-21,10000.0
2026-03-21,24000.0
2026-03-21,44000.0
2026-03-21,20000.0
2026-03-21,5000.0
2026-03-21,25000.0
2026-03-21,24000.0
2026-03-21,45000.0
2026-03-21,8000.0
2026-03-21,22000.0
2026-03-21,8000.0
2026-03-21,10000.0
2026-03-21,41800.0
2026-03-21,46000.0
2026-03-21,20000.0
2026-03-21,48000.0
2026-03-21,22000.0
2026-03-21,6000.0
2026-03-21,24000.0
2026-03-21,20900.0
2026-03-21,36000.0
2026-03-21,54000.0
2026-03-21,24000.0
2026-03-21,43700.0
2026-03-21,20000.0
2026-03-21,48000.0
2026-03-21,50000.0
2026-03-21,27000.0
2026-03-21,15000.0
2026-03-21,72000.0
2026-03-21,22000.0
2026-03-21,27000.0
2026-03-21,20000.0
2026-03-21,25000.0
2026-03-21,6000.0
2026-03-21,30000.0
2026-03-21,40000.0
2026-03-21,27000.0
2026-03-21,16000.0
2026-03-21,23750.0
2026-03-21,25000.0
2026-03-21,24000.0
2026-03-21,15000.0
2026-03-21,12000.0
2026-03-21,24000.0
2026-03-21,22000.0
2026-03-21,23000.0
2026-03-21,12000.0
2026-03-21,50000.0
2026-03-21,24000.0
2026-03-21,46000.0
2026-03-21,23000.0
2026-03-21,8000.0
2026-03-21,72000.0
2026-03-21,54000.0
2026-03-21,48000.0
2026-03-21,5000.0
2026-03-21,27000.0
2026-03-21,24000.0
2026-03-21,8000.0
2026-03-21,50000.0
2026-03-21,25000.0
2026-03-21,19000.0
2026-03-21,22800.0
2026-03-21,12000.0
2026-03-21,15000.0
2026-03-21,22800.0
2026-03-21,10000.0
2026-03-21,23000.0
2026-03-21,12000.0
2026-03-21,100000.0
2026-03-21,6000.0
2026-03-21,54000.0
2026-03-21,6000.0
2026-03-21,6000.0
2026-03-21,6000.0
2026-03-21,23000.0
2026-03-21,40000.0
2026-03-21,18000.0
2026-03-21,5000.0
2026-03-21,8000.0
2026-03-21,6000.0
2026-03-21,48000.0
2026-03-21,88000.0
2026-03-21,50000.0
2026-03-21,16000.0
2026-03-21,19000.0
2026-03-21,5700.0
2026-03-21,20000.0
2026-03-21,8000.0
2026-03-21,15000.0
2026-03-21,12000.0
2026-03-21,69000.0
2026-03-21,44000.0
2026-03-21,24000.0
2026-03-21,25000.0
2026-03-21,72000.0
2026-03-21,10000.0
2026-03-21,8000.0
2026-03-21,5000.0
2026-03-21,12000.0
2026-03-21,6000.0
2026-03-21,54000.0
2026-03-21,6000.0
2026-03-21,8000.0
2026-03-21,24000.0
2026-03-21,25000.0
2026-03-21,25000.0
2026-03-21,6000.0
2026-03-21,75000.0
2026-03-21,21850.0
2026-03-21,15000.0
2026-03-21,20000.0
2026-03-21,15000.0
2026-03-21,10000.0
2026-03-21,50000.0
2026-03-21,75000.0
2026-03-21,72000.0
2026-03-21,6000.0
2026-03-21,12000.0
2026-03-21,22000.0
2026-03-21,48000.0
2026-03-21,20000.0
2026-03-21,5700.0
2026-03-21,12000.0
2026-03-21,24000.0
2026-03-21,24000.0
2026-03-22,22000.0
2026-03-22,6000.0
2026-03-22,27000.0
2026-03-22,15000.0
2026-03-22,25000.0
2026-03-22,20000.0
2026-03-22,10000.0
2026-03-22,50000.0
2026-03-22,23000.0
2026-03-22,15000.0
2026-03-22,80000.0
2026-03-22,24000.0
2026-03-22,15000.0
2026-03-22,5000.0
2026-03-22,6000.0
2026-03-22,48000.0
2026-03-22,25000.0
2026-03-22,5000.0
2026-03-22,24000.0
2026-03-22,44000.0
2026-03-22,6000.0
2026-03-22,5000.0
2026-03-22,23000.0
2026-03-22,22000.0
2026-03-22,10000.0
2026-03-22,7600.0
2026-03-22,10000.0
2026-03-22,48000.0
2026-03-22,68400.0
2026-03-22,30000.0
2026-03-22,22000.0
2026-03-22,6000.0
2026-03-22,27000.0
2026-03-22,8000.0
2026-03-22,12000.0
2026-03-22,24000.0
2026-03-22,6000.0
2026-03-22,27000.0
2026-03-22,30000.0
2026-03-22,23000.0
2026-03-22,8000.0
2026-03-22,6000.0
2026-03-22,7600.0
2026-03-22,6000.0
2026-03-22,15000.0
2026-03-22,15000.0
2026-03-22,100000.0
2026-03-22,24000.0
2026-03-22,15000.0
2026-03-22,20000.0
2026-03-22,44000.0
2026-03-22,25000.0
2026-03-22,24000.0
2026-03-22,23000.0
2026-03-22,12000.0
2026-03-22,46000.0
2026-03-22,18000.0
2026-03-22,25000.0
2026-03-22,6000.0
2026-03-22,23000.0
2026-03-22,48000.0
2026-03-22,12000.0
2026-03-22,12000.0
2026-03-22,20900.0
2026-03-22,22000.0
2026-03-22,15000.0
2026-03-22,12000.0
2026-03-22,5000.0
2026-03-22,48000.0
2026-03-22,36000.0
2026-03-22,27000.0
2026-03-22,22000.0
2026-03-22,25000.0
2026-03-22,12000.0
2026-03-22,30000.0
2026-03-22,23000.0
2026-03-22,12000.0
2026-03-22,12000.0
2026-03-22,45000.0
2026-03-22,50000.0
2026-03-22,15000.0
2026-03-22,6000.0
2026-03-22,22000.0
2026-03-22,50000.0
2026-03-22,25650.0
2026-03-22,27000.0
2026-03-22,47500.0
2026-03-22,27000.0
2026-03-22,23000.0
2026-03-22,12000.0
2026-03-22,11400.0
2026-03-22,54000.0
2026-03-22,24000.0
2026-03-22,16000.0
2026-03-22,24000.0
2026-03-22,10000.0
2026-03-22,15000.0
2026-03-22,32000.0
2026-03-22,24000.0
2026-03-22,22000.0
2026-03-22,80000.0
2026-03-22,10000.0
2026-03-22,46000.0
2026-03-22,12000.0
2026-03-22,15000.0
2026-03-22,27000.0
2026-03-22,50000.0
2026-03-22,15000.0
2026-03-22,6000.0
2026-03-22,23750.0
2026-03-22,12000.0
2026-03-22,48000.0
2026-03-22,8000.0
2026-03-22,23000.0
2026-03-22,25000.0
2026-03-22,22000.0
2026-03-22,88000.0
2026-03-22,22000.0
2026-03-22,40000.0
2026-03-22,8000.0
2026-03-22,22000.0
2026-03-22,6000.0
2026-03-22,22000.0
2026-03-22,44000.0
2026-03-22,6000.0
2026-03-22,21850.0
2026-03-22,8000.0
2026-03-22,36000.0
2026-03-22,36000.0
2026-03-22,44000.0
2026-03-22,44000.0
2026-03-22,30000.0
2026-03-22,6000.0
2026-03-22,23000.0
2026-03-22,20000.0
2026-03-22,6000.0
2026-03-22,69000.0
2026-03-22,60000.0
2026-03-22,60000.0
2026-03-22,5000.0
2026-03-22,34200.0
2026-03-22,23000.0
2026-03-22,27000.0
2026-03-22,8000.0
2026-03-22,18000.0
2026-03-22,21850.0
2026-03-22,10000.0
2026-03-22,10000.0
2026-03-22,20000.0
2026-03-22,23750.0
2026-03-22,12000.0
2026-03-22,22000.0
2026-03-22,12000.0
2026-03-22,24000.0
2026-03-22,23000.0
2026-03-22,12000.0
2026-03-22,6000.0
2026-03-22,8000.0
2026-03-22,23750.0
2026-03-22,22000.0
2026-03-22,12000.0
2026-03-22,10000.0
2026-03-22,60000.0
2026-03-22,15000.0
2026-03-22,24000.0
2026-03-22,20000.0
2026-03-22,20000.0
2026-03-22,20000.0
2026-03-22,12000.0
2026-03-22,24000.0
2026-03-22,22000.0
2026-03-22,6000.0
2026-03-22,25000.0
2026-03-22,19000.0
2026-03-22,25650.0
2026-03-22,25000.0
2026-03-22,25000.0
2026-03-22,30000.0
2026-03-22,24000.0
2026-03-22,5000.0
2026-03-22,25000.0
2026-03-22,22800.0
2026-03-22,20000.0
2026-03-22,23000.0
2026-03-22,6000.0
2026-03-22,8000.0
2026-03-22,27000.0
2026-03-22,25000.0
2026-03-22,30000.0
2026-03-22,5000.0
2026-03-22,24000.0
2026-03-22,9500.0
2026-03-22,48000.0
2026-03-22,44000.0
2026-03-22,6000.0
2026-03-22,15000.0
2026-03-22,27000.0
2026-03-22,15000.0
2026-03-22,6000.0
2026-03-22,20000.0
2026-03-22,22800.0
2026-03-22,92000.0
2026-03-22,6000.0
2026-03-22,6000.0
2026-03-22,24000.0
2026-03-22,96000.0
2026-03-22,24000.0
2026-03-22,15000.0
2026-03-22,24000.0
2026-03-22,11400.0
2026-03-22,21850.0
2026-03-22,27000.0
2026-03-22,75000.0
2026-03-22,30000.0
2026-03-22,25000.0
2026-03-22,23000.0
2026-03-22,12000.0
2026-03-22,25000.0
2026-03-22,6000.0
2026-03-22,24000.0
2026-03-22,27000.0
2026-03-22,23000.0
2026-03-22,5000.0
2026-03-22,12000.0
2026-03-22,46000.0
2026-03-22,10000.0
2026-03-22,22000.0
2026-03-22,11400.0
2026-03-22,24000.0
2026-03-22,36000.0
2026-03-22,12000.0
2026-03-22,10000.0
2026-03-23,81000.0
2026-03-23,24000.0
2026-03-23,5000.0
2026-03-23,6000.0
2026-03-23,15200.0
2026-03-23,28500.0
2026-03-23,60000.0
2026-03-23,10000.0
2026-03-23,44000.0
2026-03-23,11400.0
2026-03-23,46000.0
2026-03-23,5000.0
2026-03-23,20000.0
2026-03-23,12000.0
2026-03-23,40000.0
2026-03-23,22000.0
2026-03-23,24000.0
2026-03-23,40000.0
2026-03-23,12000.0
2026-03-23,27000.0
2026-03-23,24000.0
2026-03-23,24000.0
2026-03-23,12000.0
2026-03-23,15000.0
2026-03-23,6000.0
2026-03-23,15000.0
2026-03-23,66000.0
2026-03-23,6000.0
2026-03-23,8000.0
2026-03-23,15000.0
2026-03-23,69000.0
2026-03-23,22000.0
2026-03-23,24000.0
2026-03-23,22000.0
2026-03-23,24000.0
2026-03-23,40000.0
2026-03-23,10000.0
2026-03-23,54000.0
2026-03-23,12000.0
2026-03-23,92000.0
2026-03-23,24000.0
2026-03-23,44000.0
2026-03-23,40000.0
2026-03-23,12000.0
2026-03-23,48000.0
2026-03-23,22000.0
2026-03-23,66000.0
2026-03-23,100000.0
2026-03-23,22000.0
2026-03-23,20000.0
2026-03-23,50000.0
2026-03-23,30000.0
2026-03-23,5000.0
2026-03-23,75000.0
2026-03-23,48000.0
2026-03-23,12000.0
2026-03-23,24000.0
2026-03-23,92000.0
2026-03-23,80000.0
2026-03-23,10000.0
2026-03-23,15000.0
2026-03-23,72000.0
2026-03-23,30000.0
2026-03-23,19000.0
2026-03-23,22000.0
2026-03-23,8000.0
2026-03-23,25000.0
2026-03-23,15000.0
2026-03-23,12000.0
2026-03-23,24000.0
2026-03-23,17100.0
2026-03-23,46000.0
2026-03-23,108000.0
2026-03-23,6000.0
2026-03-23,15000.0
2026-03-23,8000.0
2026-03-23,102600.0
2026-03-23,6000.0
2026-03-23,20000.0
2026-03-23,75000.0
2026-03-23,10000.0
2026-03-23,24000.0
2026-03-23,25650.0
2026-03-23,20000.0
2026-03-23,18000.0
2026-03-23,23000.0
2026-03-23,42750.0
2026-03-23,24000.0
2026-03-23,8000.0
2026-03-23,6000.0
2026-03-23,24000.0
2026-03-23,72000.0
2026-03-23,12000.0
2026-03-23,27000.0
2026-03-23,27000.0
2026-03-23,23000.0
2026-03-23,20000.0
2026-03-23,30000.0
2026-03-23,10000.0
2026-03-23,30000.0
2026-03-23,27000.0
2026-03-23,66000.0
2026-03-23,7600.0
2026-03-23,15000.0
2026-03-23,6000.0
2026-03-23,20000.0
2026-03-23,22000.0
2026-03-23,6000.0
2026-03-23,10000.0
2026-03-23,24000.0
2026-03-23,24000.0
2026-03-23,27000.0
2026-03-23,48000.0
2026-03-23,30000.0
2026-03-23,24000.0
2026-03-23,22800.0
2026-03-23,40000.0
2026-03-23,24000.0
2026-03-23,16000.0
2026-03-23,30000.0
2026-03-23,25000.0
2026-03-23,24000.0
2026-03-23,20000.0
2026-03-23,10000.0
2026-03-23,15000.0
2026-03-23,66000.0
2026-03-23,14250.0
2026-03-23,20000.0
2026-03-23,15000.0
2026-03-23,12000.0
2026-03-23,11400.0
2026-03-23,22000.0
2026-03-23,36000.0
2026-03-23,100000.0
2026-03-23,12000.0
2026-03-23,12000.0
2026-03-23,5000.0
2026-03-23,25000.0
2026-03-23,15000.0
2026-03-23,23000.0
2026-03-23,15000.0
2026-03-23,10000.0
2026-03-23,6000.0
2026-03-23,15000.0
2026-03-23,15000.0
2026-03-23,15000.0
2026-03-23,12000.0
2026-03-23,22000.0
2026-03-23,20000.0
2026-03-23,15000.0
2026-03-23,20000.0
2026-03-23,27000.0
2026-03-23,12000.0
2026-03-23,15000.0
2026-03-23,60000.0
2026-03-23,28500.0
2026-03-23,60000.0
2026-03-23,75000.0
2026-03-23,14250.0
2026-03-23,6000.0
2026-03-23,22000.0
2026-03-23,10000.0
2026-03-23,12000.0
2026-03-23,6000.0
2026-03-23,60000.0
2026-03-23,88000.0
2026-03-23,24000.0
2026-03-23,20000.0
2026-03-23,5000.0
2026-03-23,10000.0
2026-03-23,108000.0
2026-03-23,5700.0
2026-03-23,25000.0
2026-03-23,69000.0
2026-03-23,45000.0
2026-03-23,54000.0
2026-03-23,23000.0
2026-03-23,24000.0
2026-03-23,10000.0
2026-03-23,22000.0
2026-03-23,24000.0
2026-03-23,18000.0
2026-03-23,11400.0
2026-03-23,5000.0
2026-03-23,46000.0
2026-03-23,23000.0
2026-03-23,6000.0
2026-03-23,24000.0
2026-03-23,12000.0
2026-03-23,24000.0
2026-03-23,15000.0
2026-03-23,6000.0
2026-03-23,30000.0
2026-03-23,12000.0
2026-03-23,40000.0
2026-03-23,20900.0
2026-03-23,10000.0
2026-03-23,10000.0
2026-03-23,22000.0
2026-03-23,23000.0
2026-03-24,96000.0
2026-03-24,12000.0
2026-03-24,12000.0
2026-03-24,24000.0
2026-03-24,69000.0
2026-03-24,27000.0
2026-03-24,15000.0
2026-03-24,11400.0
2026-03-24,66000.0
2026-03-24,25000.0
2026-03-24,48000.0
2026-03-24,12000.0
2026-03-24,8000.0
2026-03-24,100000.0
2026-03-24,27000.0
2026-03-24,25000.0
2026-03-24,12000.0
2026-03-24,6000.0
2026-03-24,12000.0
2026-03-24,25000.0
2026-03-24,50000.0
2026-03-24,11400.0
2026-03-24,5700.0
2026-03-24,25000.0
2026-03-24,10000.0
2026-03-24,16000.0
2026-03-24,12000.0
2026-03-24,10000.0
2026-03-24,22000.0
2026-03-24,12000.0
2026-03-24,7600.0
2026-03-24,5000.0
2026-03-24,36000.0
2026-03-24,6000.0
2026-03-24,22000.0
2026-03-24,5000.0
2026-03-24,18000.0
2026-03-24,23000.0
2026-03-24,24000.0
2026-03-24,15000.0
2026-03-24,20000.0
2026-03-24,25000.0
2026-03-24,23000.0
2026-03-24,50000.0
2026-03-24,25000.0
2026-03-24,22000.0
2026-03-24,12000.0
2026-03-24,24000.0
2026-03-24,22000.0
2026-03-24,8000.0
2026-03-24,10000.0
2026-03-24,5700.0
2026-03-24,5000.0
2026-03-24,15000.0
2026-03-24,15000.0
2026-03-24,6000.0
2026-03-24,15000.0
2026-03-24,15000.0
2026-03-24,10000.0
2026-03-24,20000.0
2026-03-24,46000.0
2026-03-24,12000.0
2026-03-24,24000.0
2026-03-24,6000.0
2026-03-24,5000.0
2026-03-24,19000.0
2026-03-24,15200.0
2026-03-24,5000.0
2026-03-24,5000.0
2026-03-24,23750.0
2026-03-24,6000.0
2026-03-24,23000.0
2026-03-24,24000.0
2026-03-24,22000.0
2026-03-24,54000.0
2026-03-24,66000.0
2026-03-24,6000.0
2026-03-24,12000.0
2026-03-24,40000.0
2026-03-24,5000.0
2026-03-24,24000.0
2026-03-24,24000.0
2026-03-24,22000.0
2026-03-24,100000.0
2026-03-24,20000.0
2026-03-24,44000.0
2026-03-24,40000.0
2026-03-24,11400.0
2026-03-24,25000.0
2026-03-24,12000.0
2026-03-24,18000.0
2026-03-24,15000.0
2026-03-24,6000.0
2026-03-24,20000.0
2026-03-24,41800.0
2026-03-24,43700.0
2026-03-24,8000.0
2026-03-24,28500.0
2026-03-24,22800.0
2026-03-24,6000.0
2026-03-24,88000.0
2026-03-24,20000.0
2026-03-24,92000.0
2026-03-24,12000.0
2026-03-24,30000.0
2026-03-24,30000.0
2026-03-24,12000.0
2026-03-24,48000.0
2026-03-24,27000.0
2026-03-24,100000.0
2026-03-24,24000.0
2026-03-24,9500.0
2026-03-24,6000.0
2026-03-24,22000.0
2026-03-24,45000.0
2026-03-24,8000.0
2026-03-24,15000.0
2026-03-24,44000.0
2026-03-24,10000.0
2026-03-24,5000.0
2026-03-24,5700.0
2026-03-24,8000.0
2026-03-24,40000.0
2026-03-24,24000.0
2026-03-24,14250.0
2026-03-24,6000.0
2026-03-24,6000.0
2026-03-24,60000.0
2026-03-24,23000.0
2026-03-24,108000.0
2026-03-24,8000.0
2026-03-24,6000.0
2026-03-24,23000.0
2026-03-24,72000.0
2026-03-24,75000.0
2026-03-24,48000.0
2026-03-24,8000.0
2026-03-24,40000.0
2026-03-24,24000.0
2026-03-24,24000.0
2026-03-24,44000.0
2026-03-24,20000.0
2026-03-24,22800.0
2026-03-24,24000.0
2026-03-24,30400.0
2026-03-24,15000.0
2026-03-24,12000.0
2026-03-24,5000.0
2026-03-24,75000.0
2026-03-24,16000.0
2026-03-24,12000.0
2026-03-24,44000.0
2026-03-24,54000.0
2026-03-24,40000.0
2026-03-24,25000.0
2026-03-24,24000.0
2026-03-24,24000.0
2026-03-24,54000.0
2026-03-24,48000.0
2026-03-24,10000.0
2026-03-24,6000.0
2026-03-24,75000.0
2026-03-24,15000.0
2026-03-24,8000.0
2026-03-24,27000.0
2026-03-24,24000.0
2026-03-24,24000.0
2026-03-24,12000.0
2026-03-24,6000.0
2026-03-24,45000.0
2026-03-24,54000.0
2026-03-24,24000.0
2026-03-24,44000.0
2026-03-24,15000.0
2026-03-24,30000.0
2026-03-24,45000.0
2026-03-24,27000.0
2026-03-24,12000.0
2026-03-24,12000.0
2026-03-24,27000.0
2026-03-24,40000.0
2026-03-24,10000.0
2026-03-24,14250.0
2026-03-24,22000.0
2026-03-24,12000.0
2026-03-24,44000.0
2026-03-24,23750.0
2026-03-24,6000.0
2026-03-24,10000.0
2026-03-24,22000.0
2026-03-24,81000.0
2026-03-24,22000.0
2026-03-24,23000.0
2026-03-24,6000.0
2026-03-24,6000.0
2026-03-24,50000.0
2026-03-24,15000.0
2026-03-24,22000.0
2026-03-24,6000.0
2026-03-24,46000.0
2026-03-24,40000.0
2026-03-24,36000.0
2026-03-24,20000.0
2026-03-24,5000.0
2026-03-24,40000.0
2026-03-24,15000.0
2026-03-24,12000.0
2026-03-24,23750.0
2026-03-24,12000.0
2026-03-24,9500.0
2026-03-24,5000.0
2026-03-24,22000.0
2026-03-24,11400.0
2026-03-24,5000.0
2026-03-24,15000.0
2026-03-24,96000.0
2026-03-24,50000.0
2026-03-24,6000.0
2026-03-24,8000.0
2026-03-24,20000.0
2026-03-24,24000.0
2026-03-24,20000.0
2026-03-24,25000.0
2026-03-24,12000.0
2026-03-24,22000.0
2026-03-24,4750.0
2026-03-24,25000.0
2026-03-24,40000.0
2026-03-24,27000.0
2026-03-24,30000.0
2026-03-24,88000.0
2026-03-24,23000.0
2026-03-24,54000.0
2026-03-24,24000.0
2026-03-24,12000.0
2026-03-25,10000.0
2026-03-25,8000.0
2026-03-25,12000.0
2026-03-25,22000.0
2026-03-25,22000.0
2026-03-25,24000.0
2026-03-25,24000.0
2026-03-25,30400.0
2026-03-25,24000.0
2026-03-25,5700.0
2026-03-25,23000.0
2026-03-25,21850.0
2026-03-25,10000.0
2026-03-25,25000.0
2026-03-25,60000.0
2026-03-25,24000.0
2026-03-25,12000.0
2026-03-25,22800.0
2026-03-25,8000.0
2026-03-25,24000.0
2026-03-25,24000.0
2026-03-25,25000.0
2026-03-25,24000.0
2026-03-25,81000.0
2026-03-25,40000.0
2026-03-25,45600.0
2026-03-25,11400.0
2026-03-25,10000.0
2026-03-25,60000.0
2026-03-25,36000.0
2026-03-25,24000.0
2026-03-25,5000.0
2026-03-25,44000.0
2026-03-25,8000.0
2026-03-25,20000.0
2026-03-25,15000.0
2026-03-25,20000.0
2026-03-25,6000.0
2026-03-25,8000.0
2026-03-25,4750.0
2026-03-25,5700.0
2026-03-25,24000.0
2026-03-25,10000.0
2026-03-25,22000.0
2026-03-25,22000.0
2026-03-25,19000.0
2026-03-25,50000.0
2026-03-25,10000.0
2026-03-25,12000.0
2026-03-25,27000.0
2026-03-25,6000.0
2026-03-25,12000.0
2026-03-25,6000.0
2026-03-25,5000.0
2026-03-25,24000.0
2026-03-25,5000.0
2026-03-25,60000.0
2026-03-25,12000.0
2026-03-25,5000.0
2026-03-25,15000.0
2026-03-25,22000.0
2026-03-25,20000.0
2026-03-25,11400.0
2026-03-25,6000.0
2026-03-25,8000.0
2026-03-25,10000.0
2026-03-25,6000.0
2026-03-25,22000.0
2026-03-25,14250.0
2026-03-25,108000.0
2026-03-25,24000.0
2026-03-25,8000.0
2026-03-25,27000.0
2026-03-25,15000.0
2026-03-25,24000.0
2026-03-25,27000.0
2026-03-25,5000.0
2026-03-25,12000.0
2026-03-25,12000.0
2026-03-25,22000.0
2026-03-25,15000.0
2026-03-25,80000.0
2026-03-25,25000.0
2026-03-25,14250.0
2026-03-25,75000.0
2026-03-25,8000.0
2026-03-25,45000.0
2026-03-25,18000.0
2026-03-25,45000.0
2026-03-25,22000.0
2026-03-25,12000.0
2026-03-25,10000.0
2026-03-25,24000.0
2026-03-25,24000.0
2026-03-25,12000.0
2026-03-25,8000.0
2026-03-25,23000.0
2026-03-25,75000.0
2026-03-25,50000.0
2026-03-25,40000.0
2026-03-25,72000.0
2026-03-25,24000.0
2026-03-25,50000.0
2026-03-25,22000.0
2026-03-25,23750.0
2026-03-25,15000.0
2026-03-25,25000.0
2026-03-25,24000.0
2026-03-25,11400.0
2026-03-25,16000.0
2026-03-25,20900.0
2026-03-25,16000.0
2026-03-25,46000.0
2026-03-25,10000.0
2026-03-25,54000.0
2026-03-25,23000.0
2026-03-25,5700.0
2026-03-25,10000.0
2026-03-25,72000.0
2026-03-25,12000.0
2026-03-25,21850.0
2026-03-25,36000.0
2026-03-25,6000.0
2026-03-25,27000.0
2026-03-25,24000.0
2026-03-25,25000.0
2026-03-25,22000.0
2026-03-25,10000.0
2026-03-25,100000.0
2026-03-25,15000.0
2026-03-25,22000.0
2026-03-25,81000.0
2026-03-25,24000.0
2026-03-25,45000.0
2026-03-25,10000.0
2026-03-25,60000.0
2026-03-25,22000.0
2026-03-25,25000.0
2026-03-25,8000.0
2026-03-25,25000.0
2026-03-25,22000.0
2026-03-25,45000.0
2026-03-25,50000.0
2026-03-25,12000.0
2026-03-25,36000.0
2026-03-25,24000.0
2026-03-25,6000.0
2026-03-25,25650.0
2026-03-25,60000.0
2026-03-25,50000.0
2026-03-25,23000.0
2026-03-25,27000.0
2026-03-25,5000.0
2026-03-25,25650.0
2026-03-25,15000.0
2026-03-25,12000.0
2026-03-25,22000.0
2026-03-25,24000.0
2026-03-25,18000.0
2026-03-25,12000.0
2026-03-25,5000.0
2026-03-25,72000.0
2026-03-25,22000.0
2026-03-25,40000.0
2026-03-25,38000.0
2026-03-25,46000.0
2026-03-25,27000.0
2026-03-25,10000.0
2026-03-25,65550.0
2026-03-25,15000.0
2026-03-25,6000.0
2026-03-25,22000.0
2026-03-25,48000.0
2026-03-25,6000.0
2026-03-25,22000.0
2026-03-25,10000.0
2026-03-25,27000.0
2026-03-25,14250.0
2026-03-25,28500.0
2026-03-25,22000.0
2026-03-25,14250.0
2026-03-25,15000.0
2026-03-25,6000.0
2026-03-25,12000.0
2026-03-25,8000.0
2026-03-25,12000.0
2026-03-25,15000.0
2026-03-25,24000.0
2026-03-25,8000.0
2026-03-25,15000.0
2026-03-25,20000.0
2026-03-25,11400.0
2026-03-25,5000.0
2026-03-25,5700.0
2026-03-25,16000.0
2026-03-25,8000.0
2026-03-25,16000.0
2026-03-25,8000.0
2026-03-25,6000.0
2026-03-25,20000.0
2026-03-25,5000.0
2026-03-25,6000.0
2026-03-25,20000.0
2026-03-25,28500.0
2026-03-25,24000.0
2026-03-25,23000.0
2026-03-25,24000.0
2026-03-25,10000.0
2026-03-25,12000.0
2026-03-25,8000.0
2026-03-25,10000.0
2026-03-25,10000.0
2026-03-26,22800.0
2026-03-26,24000.0
2026-03-26,24000.0
2026-03-26,12000.0
2026-03-26,66000.0
2026-03-26,24000.0
2026-03-26,25000.0
2026-03-26,10000.0
2026-03-26,25000.0
2026-03-26,20000.0
2026-03-26,16000.0
2026-03-26,48000.0
2026-03-26,25000.0
2026-03-26,27000.0
2026-03-26,54000.0
2026-03-26,25000.0
2026-03-26,100000.0
2026-03-26,8000.0
2026-03-26,23750.0
2026-03-26,8000.0
2026-03-26,44000.0
2026-03-26,8000.0
2026-03-26,15000.0
2026-03-26,100000.0
2026-03-26,15000.0
2026-03-26,5000.0
2026-03-26,27000.0
2026-03-26,12000.0
2026-03-26,12000.0
2026-03-26,40000.0
2026-03-26,28500.0
2026-03-26,15000.0
2026-03-26,24000.0
2026-03-26,27000.0
2026-03-26,10000.0
2026-03-26,40000.0
2026-03-26,88000.0
2026-03-26,8000.0
2026-03-26,22000.0
2026-03-26,24000.0
2026-03-26,22000.0
2026-03-26,72000.0
2026-03-26,12000.0
2026-03-26,16000.0
2026-03-26,15000.0
2026-03-26,87400.0
2026-03-26,16000.0
2026-03-26,12000.0
2026-03-26,46000.0
2026-03-26,25000.0
2026-03-26,80000.0
2026-03-26,5000.0
2026-03-26,6000.0
2026-03-26,25000.0
2026-03-26,14250.0
2026-03-26,12000.0
2026-03-26,27000.0
2026-03-26,10000.0
2026-03-26,22000.0
2026-03-26,8000.0
2026-03-26,24000.0
2026-03-26,44000.0
2026-03-26,24000.0
2026-03-26,24000.0
2026-03-26,81000.0
2026-03-26,69000.0
2026-03-26,10000.0
2026-03-26,12000.0
2026-03-26,46000.0
2026-03-26,22000.0
2026-03-26,8000.0
2026-03-26,12000.0
2026-03-26,15000.0
2026-03-26,25000.0
2026-03-26,20900.0
2026-03-26,5000.0
2026-03-26,42750.0
2026-03-26,4750.0
2026-03-26,38000.0
2026-03-26,18000.0
2026-03-26,12000.0
2026-03-26,23000.0
2026-03-26,44000.0
2026-03-26,6000.0
2026-03-26,25000.0
2026-03-26,27000.0
2026-03-26,46000.0
2026-03-26,27000.0
2026-03-26,15000.0
2026-03-26,6000.0
2026-03-26,18000.0
2026-03-26,24000.0
2026-03-26,7600.0
2026-03-26,22000.0
2026-03-26,30000.0
2026-03-26,65550.0
2026-03-26,8000.0
2026-03-26,6000.0
2026-03-26,24000.0
2026-03-26,22000.0
2026-03-26,30000.0
2026-03-26,6000.0
2026-03-26,76950.0
2026-03-26,22000.0
2026-03-26,19000.0
2026-03-26,6000.0
2026-03-26,15000.0
2026-03-26,10000.0
2026-03-26,46000.0
2026-03-26,5000.0
2026-03-26,6000.0
2026-03-26,15000.0
2026-03-26,81000.0
2026-03-26,6000.0
2026-03-26,24000.0
2026-03-26,6000.0
2026-03-26,22800.0
2026-03-26,22000.0
2026-03-26,14250.0
2026-03-26,12000.0
2026-03-26,20000.0
2026-03-26,40000.0
2026-03-26,24000.0
2026-03-26,22000.0
2026-03-26,8000.0
2026-03-26,24000.0
2026-03-26,75000.0
2026-03-26,25000.0
2026-03-26,25000.0
2026-03-26,6000.0
2026-03-26,25650.0
2026-03-26,15000.0
2026-03-26,21850.0
2026-03-26,88000.0
2026-03-26,23000.0
2026-03-26,12000.0
2026-03-26,54000.0
2026-03-26,23000.0
2026-03-26,10000.0
2026-03-26,46000.0
2026-03-26,6000.0
2026-03-26,19000.0
2026-03-26,4750.0
2026-03-26,23750.0
2026-03-26,16000.0
2026-03-26,15000.0
2026-03-26,11400.0
2026-03-26,22000.0
2026-03-26,24000.0
2026-03-26,12000.0
2026-03-26,45000.0
2026-03-26,27000.0
2026-03-26,9500.0
2026-03-26,69000.0
2026-03-26,6000.0
2026-03-26,88000.0
2026-03-26,12000.0
2026-03-26,91200.0
2026-03-26,10000.0
2026-03-26,44000.0
2026-03-26,48000.0
2026-03-26,23000.0
2026-03-26,54000.0
2026-03-26,16000.0
2026-03-26,30000.0
2026-03-26,12000.0
2026-03-26,41800.0
2026-03-26,24000.0
2026-03-26,12000.0
2026-03-26,16000.0
2026-03-26,11400.0
2026-03-26,20000.0
2026-03-26,45000.0
2026-03-26,10000.0
2026-03-26,11400.0
2026-03-26,6000.0
2026-03-26,12000.0
2026-03-26,12000.0
2026-03-26,10000.0
2026-03-26,27000.0
2026-03-27,44000.0
2026-03-27,24000.0
2026-03-27,24000.0
2026-03-27,48000.0
2026-03-27,16000.0
2026-03-27,23000.0
2026-03-27,6000.0
2026-03-27,27000.0
2026-03-27,16000.0
2026-03-27,80000.0
2026-03-27,12000.0
2026-03-27,23000.0
2026-03-27,12000.0
2026-03-27,8000.0
2026-03-27,36000.0
2026-03-27,8000.0
2026-03-27,15000.0
2026-03-27,22000.0
2026-03-27,25000.0
2026-03-27,24000.0
2026-03-27,7600.0
2026-03-27,36000.0
2026-03-27,66000.0
2026-03-27,5000.0
2026-03-27,50000.0
2026-03-27,69000.0
2026-03-27,15000.0
2026-03-27,10000.0
2026-03-27,24000.0
2026-03-27,12000.0
2026-03-27,44000.0
2026-03-27,11400.0
2026-03-27,23000.0
2026-03-27,50000.0
2026-03-27,12000.0
2026-03-27,23000.0
2026-03-27,10000.0
2026-03-27,24000.0
2026-03-27,54000.0
2026-03-27,5000.0
2026-03-27,15000.0
2026-03-27,72000.0
2026-03-27,18000.0
2026-03-27,30000.0
2026-03-27,12000.0
2026-03-27,16000.0
2026-03-27,23000.0
2026-03-27,40000.0
2026-03-27,6000.0
2026-03-27,27000.0
2026-03-27,27000.0
2026-03-27,20000.0
2026-03-27,44000.0
2026-03-27,100000.0
2026-03-27,20000.0
2026-03-27,25000.0
2026-03-27,30000.0
2026-03-27,22000.0
2026-03-27,108000.0
2026-03-27,46000.0
2026-03-27,12000.0
2026-03-27,16000.0
2026-03-27,24000.0
2026-03-27,25000.0
2026-03-27,19000.0
2026-03-27,11400.0
2026-03-27,24000.0
2026-03-27,23000.0
2026-03-27,44000.0
2026-03-27,24000.0
2026-03-27,46000.0
2026-03-27,20900.0
2026-03-27,20000.0
2026-03-27,27000.0
2026-03-27,48000.0
2026-03-27,23000.0
2026-03-27,6000.0
2026-03-27,66000.0
2026-03-27,30000.0
2026-03-27,12000.0
2026-03-27,25000.0
2026-03-27,20900.0
2026-03-27,24000.0
2026-03-27,25000.0
2026-03-27,80000.0
2026-03-27,24000.0
2026-03-27,24000.0
2026-03-27,25000.0
2026-03-27,6000.0
2026-03-27,23000.0
2026-03-27,8000.0
2026-03-27,50000.0
2026-03-27,15000.0
2026-03-27,5000.0
2026-03-27,8000.0
2026-03-27,5000.0
2026-03-27,12000.0
2026-03-27,25000.0
2026-03-27,16000.0
2026-03-27,20000.0
2026-03-27,12000.0
2026-03-27,46000.0
2026-03-27,15000.0
2026-03-27,48000.0
2026-03-27,20000.0
2026-03-27,25000.0
2026-03-27,20000.0
2026-03-27,16000.0
2026-03-27,28500.0
2026-03-27,23750.0
2026-03-27,22000.0
2026-03-27,45600.0
2026-03-27,20000.0
2026-03-27,22000.0
2026-03-27,50000.0
2026-03-27,24000.0
2026-03-27,22800.0
2026-03-27,24000.0
2026-03-27,50000.0
2026-03-27,10000.0
2026-03-27,48000.0
2026-03-27,8000.0
2026-03-27,11400.0
2026-03-27,40000.0
2026-03-27,20900.0
2026-03-27,20000.0
2026-03-27,44000.0
2026-03-27,54000.0
2026-03-27,6000.0
2026-03-27,24000.0
2026-03-27,66000.0
2026-03-27,45000.0
2026-03-27,66000.0
2026-03-27,20900.0
2026-03-27,20000.0
2026-03-27,17100.0
2026-03-27,12000.0
2026-03-27,20000.0
2026-03-27,44000.0
2026-03-27,54000.0
2026-03-27,40000.0
2026-03-27,25000.0
2026-03-27,30000.0
2026-03-27,10000.0
2026-03-27,60000.0
2026-03-27,25000.0
2026-03-27,6000.0
2026-03-27,50000.0
2026-03-27,12000.0
2026-03-27,20000.0
2026-03-27,6000.0
2026-03-27,8000.0
2026-03-27,15000.0
2026-03-27,48000.0
2026-03-27,24000.0
2026-03-27,24000.0
2026-03-27,22000.0
2026-03-27,16000.0
2026-03-27,6000.0
2026-03-27,12000.0
2026-03-27,11400.0
2026-03-27,22000.0
2026-03-27,20000.0
2026-03-27,15000.0
2026-03-27,92000.0
2026-03-27,22000.0
2026-03-27,30000.0
2026-03-27,5000.0
2026-03-27,15000.0
2026-03-27,24000.0
2026-03-27,12000.0
2026-03-27,30000.0
2026-03-27,23000.0
2026-03-27,22000.0
2026-03-27,20000.0
2026-03-27,6000.0
2026-03-27,24000.0
2026-03-27,10000.0
2026-03-27,8000.0
2026-03-27,12000.0
2026-03-27,15000.0
2026-03-27,14250.0
2026-03-27,75000.0
2026-03-27,20000.0
2026-03-27,12000.0
2026-03-27,12000.0
2026-03-27,14250.0
2026-03-27,22000.0
2026-03-27,9500.0
2026-03-27,23000.0
2026-03-27,66000.0
2026-03-27,23000.0
2026-03-27,16000.0
2026-03-27,8000.0
2026-03-27,19000.0
2026-03-27,44000.0
2026-03-27,54000.0
2026-03-27,12000.0
2026-03-27,15000.0
2026-03-27,12000.0
2026-03-27,25000.0
2026-03-27,6000.0
2026-03-27,38000.0
2026-03-27,24000.0
2026-03-27,25000.0
2026-03-27,18000.0
2026-03-27,25000.0
2026-03-27,30000.0
2026-03-27,80000.0
2026-03-27,88000.0
2026-03-27,21850.0
2026-03-27,22000.0
2026-03-27,15000.0
2026-03-27,22000.0
2026-03-27,6000.0
2026-03-27,6000.0
2026-03-27,47500.0
2026-03-27,6000.0
2026-03-27,20000.0
2026-03-27,10000.0
2026-03-27,24000.0
2026-03-27,12000.0
2026-03-27,27000.0
2026-03-27,60000.0
2026-03-27,54000.0
2026-03-27,46000.0
2026-03-27,8000.0
2026-03-27,25000.0
2026-03-27,24000.0
2026-03-27,11400.0
2026-03-27,20000.0
2026-03-27,12000.0
2026-03-27,30000.0
2026-03-27,15000.0
2026-03-27,27000.0
2026-03-27,24000.0
2026-03-27,10000.0
2026-03-27,66000.0
2026-03-27,5000.0
2026-03-27,12000.0
2026-03-27,12000.0
2026-03-27,22000.0
2026-03-27,5000.0
2026-03-27,46000.0
2026-03-27,5000.0
2026-03-27,25000.0
2026-03-27,15000.0
2026-03-27,6000.0
2026-03-27,23000.0
2026-03-27,25000.0
2026-03-27,22800.0
2026-03-27,6000.0
2026-03-27,16000.0
2026-03-27,8000.0
2026-03-27,20000.0
2026-03-27,12000.0
2026-03-27,12000.0
2026-03-28,25000.0
2026-03-28,24000.0
2026-03-28,5000.0
2026-03-28,6000.0
2026-03-28,20000.0
2026-03-28,8000.0
2026-03-28,69000.0
2026-03-28,20000.0
2026-03-28,18000.0
2026-03-28,22000.0
2026-03-28,23000.0
2026-03-28,8000.0
2026-03-28,6000.0
2026-03-28,20900.0
2026-03-28,24000.0
2026-03-28,15000.0
2026-03-28,96000.0
2026-03-28,24000.0
2026-03-28,20900.0
2026-03-28,6000.0
2026-03-28,25000.0
2026-03-28,10000.0
2026-03-28,14250.0
2026-03-28,12000.0
2026-03-28,8000.0
2026-03-28,20000.0
2026-03-28,6000.0
2026-03-28,25000.0
2026-03-28,60000.0
2026-03-28,30000.0
2026-03-28,6000.0
2026-03-28,24000.0
2026-03-28,12000.0
2026-03-28,60000.0
2026-03-28,22000.0
2026-03-28,100000.0
2026-03-28,44000.0
2026-03-28,22000.0
2026-03-28,24000.0
2026-03-28,6000.0
2026-03-28,16000.0
2026-03-28,48000.0
2026-03-28,10000.0
2026-03-28,48000.0
2026-03-28,15000.0
2026-03-28,75000.0
2026-03-28,14250.0
2026-03-28,32000.0
2026-03-28,10000.0
2026-03-28,12000.0
2026-03-28,6000.0
2026-03-28,10000.0
2026-03-28,40000.0
2026-03-28,50000.0
2026-03-28,24000.0
2026-03-28,22000.0
2026-03-28,18000.0
2026-03-28,23000.0
2026-03-28,25000.0
2026-03-28,60000.0
2026-03-28,24000.0
2026-03-28,72000.0
2026-03-28,16000.0
2026-03-28,24000.0
2026-03-28,54000.0
2026-03-28,20900.0
2026-03-28,25000.0
2026-03-28,6000.0
2026-03-28,62700.0
2026-03-28,40000.0
2026-03-28,15000.0
2026-03-28,12000.0
2026-03-28,18000.0
2026-03-28,19000.0
2026-03-28,30000.0
2026-03-28,5000.0
2026-03-28,24000.0
2026-03-28,10000.0
2026-03-28,46000.0
2026-03-28,10000.0
2026-03-28,10000.0
2026-03-28,8000.0
2026-03-28,27000.0
2026-03-28,12000.0
2026-03-28,10000.0
2026-03-28,15000.0
2026-03-28,20000.0
2026-03-28,15000.0
2026-03-28,7600.0
2026-03-28,12000.0
2026-03-28,24000.0
2026-03-28,23000.0
2026-03-28,25000.0
2026-03-28,10000.0
2026-03-28,5000.0
2026-03-28,6000.0
2026-03-28,4750.0
2026-03-28,16000.0
2026-03-28,12000.0
2026-03-28,27000.0
2026-03-28,5000.0
2026-03-28,12000.0
2026-03-28,18000.0
2026-03-28,20000.0
2026-03-28,22000.0
2026-03-28,12000.0
2026-03-28,15000.0
2026-03-28,16000.0
2026-03-28,16000.0
2026-03-28,27000.0
2026-03-28,27000.0
2026-03-28,40000.0
2026-03-28,44000.0
2026-03-28,27000.0
2026-03-28,12000.0
2026-03-28,25000.0
2026-03-28,10000.0
2026-03-28,46000.0
2026-03-28,27000.0
2026-03-28,30000.0
2026-03-28,20000.0
2026-03-28,15000.0
2026-03-28,8000.0
2026-03-28,10000.0
2026-03-28,23000.0
2026-03-28,23750.0
2026-03-28,80000.0
2026-03-28,36000.0
2026-03-28,12000.0
2026-03-28,23000.0
2026-03-28,46000.0
2026-03-28,48000.0
2026-03-28,23000.0
2026-03-28,6000.0
2026-03-28,24000.0
2026-03-28,23000.0
2026-03-28,24000.0
2026-03-28,25000.0
2026-03-28,15000.0
2026-03-28,48000.0
2026-03-28,48000.0
2026-03-28,24000.0
2026-03-28,20000.0
2026-03-28,6000.0
2026-03-28,20000.0
2026-03-28,8000.0
2026-03-28,30000.0
2026-03-28,15000.0
2026-03-28,5000.0
2026-03-28,20000.0
2026-03-28,50000.0
2026-03-28,23000.0
2026-03-28,6000.0
2026-03-28,25000.0
2026-03-28,8000.0
2026-03-28,11400.0
2026-03-28,12000.0
2026-03-28,12000.0
2026-03-28,15000.0
2026-03-28,10000.0
2026-03-28,6000.0
2026-03-28,40000.0
2026-03-28,48000.0
2026-03-28,6000.0
2026-03-28,6000.0
2026-03-28,30000.0
2026-03-28,25000.0
2026-03-28,5000.0
2026-03-28,92000.0
2026-03-28,20000.0
2026-03-28,12000.0
2026-03-28,23000.0
2026-03-28,12000.0
2026-03-28,50000.0
2026-03-28,69000.0
2026-03-28,60000.0
2026-03-28,80000.0
2026-03-28,20000.0
2026-03-28,22800.0
2026-03-28,45000.0
2026-03-28,25000.0
2026-03-28,6000.0
2026-03-28,23000.0
2026-03-28,18000.0
2026-03-28,23000.0
2026-03-28,18000.0
2026-03-28,71250.0
2026-03-28,25000.0
2026-03-28,12000.0
2026-03-28,23000.0
2026-03-28,8000.0
2026-03-28,6000.0
2026-03-28,5000.0
2026-03-28,14250.0
2026-03-28,25650.0
2026-03-28,23000.0
2026-03-28,30000.0
2026-03-28,75000.0
2026-03-28,44000.0
2026-03-28,20000.0
2026-03-28,20000.0
2026-03-28,22000.0
2026-03-28,11400.0
2026-03-28,9500.0
2026-03-28,20000.0
2026-03-28,15000.0
2026-03-28,24000.0
2026-03-28,22000.0
2026-03-28,23000.0
2026-03-28,66000.0
2026-03-28,24000.0
2026-03-28,22000.0
2026-03-28,27000.0
2026-03-28,20000.0
2026-03-28,20000.0
2026-03-28,25000.0
2026-03-28,6000.0
2026-03-28,23000.0
2026-03-28,15000.0
2026-03-28,22000.0
2026-03-28,6000.0
2026-03-28,15000.0
2026-03-28,48000.0
2026-03-28,12000.0
2026-03-28,22000.0
2026-03-28,47500.0
2026-03-28,48000.0
2026-03-28,20000.0
2026-03-28,20900.0
2026-03-28,5700.0
2026-03-28,25000.0
2026-03-28,20000.0
2026-03-28,108000.0
2026-03-28,6000.0
2026-03-28,83600.0
2026-03-28,46000.0
2026-03-28,15000.0
2026-03-28,45000.0
2026-03-28,8000.0
2026-03-28,30000.0
2026-03-28,22000.0
2026-03-28,50000.0
2026-03-28,8000.0
2026-03-28,40000.0
2026-03-28,12000.0
2026-03-28,12000.0
2026-03-28,15000.0
2026-03-28,5000.0
2026-03-28,11400.0
2026-03-28,15000.0
2026-03-28,25000.0
2026-03-28,10000.0
2026-03-28,24000.0
2026-03-28,54000.0
2026-03-28,10000.0
2026-03-29,8000.0
2026-03-29,16000.0
2026-03-29,6000.0
2026-03-29,12000.0
2026-03-29,5700.0
2026-03-29,15000.0
2026-03-29,15000.0
2026-03-29,40000.0
2026-03-29,44000.0
2026-03-29,75000.0
2026-03-29,10000.0
2026-03-29,6000.0
2026-03-29,48000.0
2026-03-29,25000.0
2026-03-29,10000.0
2026-03-29,15000.0
2026-03-29,12000.0
2026-03-29,6000.0
2026-03-29,75000.0
2026-03-29,12000.0
2026-03-29,27000.0
2026-03-29,6000.0
2026-03-29,12000.0
2026-03-29,6000.0
2026-03-29,46000.0
2026-03-29,5000.0
2026-03-29,6000.0
2026-03-29,76950.0
2026-03-29,24000.0
2026-03-29,22000.0
2026-03-29,22000.0
2026-03-29,30000.0
2026-03-29,20900.0
2026-03-29,12000.0
2026-03-29,27000.0
2026-03-29,6000.0
2026-03-29,92000.0
2026-03-29,46000.0
2026-03-29,96000.0
2026-03-29,96000.0
2026-03-29,25000.0
2026-03-29,9500.0
2026-03-29,5700.0
2026-03-29,10000.0
2026-03-29,7600.0
2026-03-29,8000.0
2026-03-29,24000.0
2026-03-29,22000.0
2026-03-29,5000.0
2026-03-29,15000.0
2026-03-29,12000.0
2026-03-29,40000.0
2026-03-29,25000.0
2026-03-29,5000.0
2026-03-29,48000.0
2026-03-29,12000.0
2026-03-29,50000.0
2026-03-29,25000.0
2026-03-29,11400.0
2026-03-29,88000.0
2026-03-29,30000.0
2026-03-29,15000.0
2026-03-29,22000.0
2026-03-29,24000.0
2026-03-29,5000.0
2026-03-29,100000.0
2026-03-29,46000.0
2026-03-29,20000.0
2026-03-29,20000.0
2026-03-29,5000.0
2026-03-29,27000.0
2026-03-29,6000.0
2026-03-29,20000.0
2026-03-29,23000.0
2026-03-29,7600.0
2026-03-29,15000.0
2026-03-29,22000.0
2026-03-29,25000.0
2026-03-29,36000.0
2026-03-29,25000.0
2026-03-29,15000.0
2026-03-29,6000.0
2026-03-29,5000.0
2026-03-29,14250.0
2026-03-29,27000.0
2026-03-29,44000.0
2026-03-29,22000.0
2026-03-29,69000.0
2026-03-29,38000.0
2026-03-29,24000.0
2026-03-29,23000.0
2026-03-29,25000.0
2026-03-29,12000.0
2026-03-29,25000.0
2026-03-29,12000.0
2026-03-29,20000.0
2026-03-29,16000.0
2026-03-29,22000.0
2026-03-29,20000.0
2026-03-29,30000.0
2026-03-29,12000.0
2026-03-29,12000.0
2026-03-29,5000.0
2026-03-29,60000.0
2026-03-29,20000.0
2026-03-29,24000.0
2026-03-29,24000.0
2026-03-29,48000.0
2026-03-29,23000.0
2026-03-29,81000.0
2026-03-29,22000.0
2026-03-29,48000.0
2026-03-29,24000.0
2026-03-29,23750.0
2026-03-29,12000.0
2026-03-29,46000.0
2026-03-29,24000.0
2026-03-29,22000.0
2026-03-29,24000.0
2026-03-29,10000.0
2026-03-29,22000.0
2026-03-29,22000.0
2026-03-29,27000.0
2026-03-29,10000.0
2026-03-29,22000.0
2026-03-29,8000.0
2026-03-29,50000.0
2026-03-29,96000.0
2026-03-29,24000.0
2026-03-29,12000.0
2026-03-29,10000.0
2026-03-29,15000.0
2026-03-29,65550.0
2026-03-29,100000.0
2026-03-29,96000.0
2026-03-29,48000.0
2026-03-29,15000.0
2026-03-29,5700.0
2026-03-29,14250.0
2026-03-29,16000.0
2026-03-29,22800.0
2026-03-29,6000.0
2026-03-29,12000.0
2026-03-29,27000.0
2026-03-29,48000.0
2026-03-29,18000.0
2026-03-29,20000.0
2026-03-29,23000.0
2026-03-29,60000.0
2026-03-29,12000.0
2026-03-29,20000.0
2026-03-29,60000.0
2026-03-29,44000.0
2026-03-29,27000.0
2026-03-29,46000.0
2026-03-29,15000.0
2026-03-29,46000.0
2026-03-29,25000.0
2026-03-29,24000.0
2026-03-29,15200.0
2026-03-29,23000.0
2026-03-29,22000.0
2026-03-29,54000.0
2026-03-29,22800.0
2026-03-29,16000.0
2026-03-29,23750.0
2026-03-29,10000.0
2026-03-29,10000.0
2026-03-29,12000.0
2026-03-29,23000.0
2026-03-29,15000.0
2026-03-29,6000.0
2026-03-29,21850.0
2026-03-29,5000.0
2026-03-29,23000.0
2026-03-29,54000.0
2026-03-29,54000.0
2026-03-29,30000.0
2026-03-29,5000.0
2026-03-29,21850.0
2026-03-29,22800.0
2026-03-29,22800.0
2026-03-29,6000.0
2026-03-29,108000.0
2026-03-29,6000.0
2026-03-29,6000.0
2026-03-29,6000.0
2026-03-29,12000.0
2026-03-29,18000.0
2026-03-29,24000.0
2026-03-29,19000.0
2026-03-29,48000.0
2026-03-29,23750.0
2026-03-29,96000.0
2026-03-29,24000.0
2026-03-29,20000.0
2026-03-29,8000.0
2026-03-29,5700.0
2026-03-29,54000.0
2026-03-29,8000.0
2026-03-29,60000.0
2026-03-29,27000.0
2026-03-29,22000.0
2026-03-29,38000.0
2026-03-29,23000.0
2026-03-29,16000.0
2026-03-29,42750.0
2026-03-29,48000.0
2026-03-29,23000.0
2026-03-29,44000.0
2026-03-29,18000.0
2026-03-29,16000.0
2026-03-29,24000.0
2026-03-29,6000.0
2026-03-29,6000.0
2026-03-29,38000.0
2026-03-29,8000.0
2026-03-29,10000.0
2026-03-29,40000.0
2026-03-29,25000.0
2026-03-29,40000.0
2026-03-29,8000.0
2026-03-29,6000.0
2026-03-29,8000.0
2026-03-29,30000.0
2026-03-29,15000.0
2026-03-29,48000.0
2026-03-29,10000.0
2026-03-29,6000.0
2026-03-29,10000.0
2026-03-29,46000.0
2026-03-29,5700.0
2026-03-29,25000.0
2026-03-29,24000.0
2026-03-29,48000.0
2026-03-29,6000.0
2026-03-29,30000.0
2026-03-29,12000.0
2026-03-29,27000.0
2026-03-29,16000.0
2026-03-29,15000.0
2026-03-29,22800.0
2026-03-29,14250.0
2026-03-29,6000.0
2026-03-29,22000.0
2026-03-29,76000.0
2026-03-29,20000.0
2026-03-29,40000.0
2026-03-29,45000.0
2026-03-29,23000.0
2026-03-29,18000.0
2026-03-29,50000.0
2026-03-29,23000.0
2026-03-29,23750.0
2026-03-29,92000.0
2026-03-29,22000.0
2026-03-29,8000.0
2026-03-29,10000.0
2026-03-29,25000.0
2026-03-29,12000.0
2026-03-29,6000.0
2026-03-29,27000.0
2026-03-29,6000.0
2026-03-29,24000.0
2026-03-29,8000.0
2026-03-29,15000.0
2026-03-29,23000.0
2026-03-29,12000.0
2026-03-29,23000.0
2026-03-29,60000.0
2026-03-29,10000.0
2026-03-29,23000.0
2026-03-29,15000.0
2026-03-29,44000.0
2026-03-30,8000.0
2026-03-30,25000.0
2026-03-30,12000.0
2026-03-30,22000.0
2026-03-30,40000.0
2026-03-30,6000.0
2026-03-30,50000.0
2026-03-30,12000.0
2026-03-30,6000.0
2026-03-30,27000.0
2026-03-30,66000.0
2026-03-30,8000.0
2026-03-30,15000.0
2026-03-30,22000.0
2026-03-30,23000.0
2026-03-30,60000.0
2026-03-30,22000.0
2026-03-30,12000.0
2026-03-30,30000.0
2026-03-30,6000.0
2026-03-30,25000.0
2026-03-30,10000.0
2026-03-30,66000.0
2026-03-30,46000.0
2026-03-30,20000.0
2026-03-30,46000.0
2026-03-30,50000.0
2026-03-30,25000.0
2026-03-30,44000.0
2026-03-30,27000.0
2026-03-30,7600.0
2026-03-30,23000.0
2026-03-30,5000.0
2026-03-30,6000.0
2026-03-30,8000.0
2026-03-30,6000.0
2026-03-30,23000.0
2026-03-30,12000.0
2026-03-30,15000.0
2026-03-30,24000.0
2026-03-30,76950.0
2026-03-30,40000.0
2026-03-30,6000.0
2026-03-30,25000.0
2026-03-30,10000.0
2026-03-30,46000.0
2026-03-30,15000.0
2026-03-30,24000.0
2026-03-30,10000.0
2026-03-30,24000.0
2026-03-30,10000.0
2026-03-30,32000.0
2026-03-30,15000.0
2026-03-30,88000.0
2026-03-30,8000.0
2026-03-30,6000.0
2026-03-30,92000.0
2026-03-30,15000.0
2026-03-30,22000.0
2026-03-30,12000.0
2026-03-30,30000.0
2026-03-30,24000.0
2026-03-30,19000.0
2026-03-30,5000.0
2026-03-30,21850.0
2026-03-30,16000.0
2026-03-30,20900.0
2026-03-30,10000.0
2026-03-30,22000.0
2026-03-30,96000.0
2026-03-30,24000.0
2026-03-30,28500.0
2026-03-30,40000.0
2026-03-30,25000.0
2026-03-30,22000.0
2026-03-30,22000.0
2026-03-30,8000.0
2026-03-30,5000.0
2026-03-30,48000.0
2026-03-30,25000.0
2026-03-30,22000.0
2026-03-30,14250.0
2026-03-30,30000.0
2026-03-30,20000.0
2026-03-30,24000.0
2026-03-30,21850.0
2026-03-30,12000.0
2026-03-30,27000.0
2026-03-30,10000.0
2026-03-30,24000.0
2026-03-30,6000.0
2026-03-30,20000.0
2026-03-30,5000.0
2026-03-30,27000.0
2026-03-30,25000.0
2026-03-30,45000.0
2026-03-30,18000.0
2026-03-30,27000.0
2026-03-30,20000.0
2026-03-30,15000.0
2026-03-30,16000.0
2026-03-30,50000.0
2026-03-30,15000.0
2026-03-30,22000.0
2026-03-30,10000.0
2026-03-30,41800.0
2026-03-30,22800.0
2026-03-30,22000.0
2026-03-30,46000.0
2026-03-30,15000.0
2026-03-30,24000.0
2026-03-30,88000.0
2026-03-30,12000.0
2026-03-30,24000.0
2026-03-30,12000.0
2026-03-30,50000.0
2026-03-30,5000.0
2026-03-30,12000.0
2026-03-30,10000.0
2026-03-30,10000.0
2026-03-30,23000.0
2026-03-30,22000.0
2026-03-30,27000.0
2026-03-30,12000.0
2026-03-30,60000.0
2026-03-30,25000.0
2026-03-30,44000.0
2026-03-30,12000.0
2026-03-30,10000.0
2026-03-30,6000.0
2026-03-30,24000.0
2026-03-30,40000.0
2026-03-30,24000.0
2026-03-30,50000.0
2026-03-30,24000.0
2026-03-30,12000.0
2026-03-30,23000.0
2026-03-30,51300.0
2026-03-30,25000.0
2026-03-30,22000.0
2026-03-30,5700.0
2026-03-30,44000.0
2026-03-30,22000.0
2026-03-30,10000.0
2026-03-30,6000.0
2026-03-30,24000.0
2026-03-30,22000.0
2026-03-30,19000.0
2026-03-30,12000.0
2026-03-30,9500.0
2026-03-30,19000.0
2026-03-30,50000.0
2026-03-30,8000.0
2026-03-30,72000.0
2026-03-30,48000.0
2026-03-30,15000.0
2026-03-30,24000.0
2026-03-30,48000.0
2026-03-30,54000.0
2026-03-30,22800.0
2026-03-30,10000.0
2026-03-30,60000.0
2026-03-30,23000.0
2026-03-30,16000.0
2026-03-30,23000.0
2026-03-30,54000.0
2026-03-30,20000.0
2026-03-30,10000.0
2026-03-30,20900.0
2026-03-30,108000.0
2026-03-30,27000.0
2026-03-30,27000.0
2026-03-30,15000.0
2026-03-30,15000.0
2026-03-30,8000.0
2026-03-30,108000.0
2026-03-30,10000.0
2026-03-30,23000.0
2026-03-30,12000.0
2026-03-30,24000.0
2026-03-30,60000.0
2026-03-30,22000.0
2026-03-30,24000.0
2026-03-30,10000.0
2026-03-30,44000.0
2026-03-30,8000.0
2026-03-30,5000.0
2026-03-30,12000.0
2026-03-30,16000.0
2026-03-30,20000.0
2026-03-30,5000.0
2026-03-30,48000.0
2026-03-30,19000.0
2026-03-30,16000.0
2026-03-30,25000.0
2026-03-30,44000.0
2026-03-30,23000.0
2026-03-30,12000.0
2026-03-30,22800.0
2026-03-30,25000.0
2026-03-30,12000.0
2026-03-30,30000.0
2026-03-30,25000.0
2026-03-30,34200.0
2026-03-30,22000.0
2026-03-30,25000.0
2026-03-30,24000.0
2026-03-30,20000.0
2026-03-30,24000.0
2026-03-30,12000.0
2026-03-30,50000.0
2026-03-30,16000.0
2026-03-30,20000.0
2026-03-30,6000.0
2026-03-30,5000.0
2026-03-30,66000.0
2026-03-30,12000.0
2026-03-30,10000.0
2026-03-30,30000.0
2026-03-30,23000.0
2026-03-30,88000.0
2026-03-30,23000.0
2026-03-30,27000.0
2026-03-30,16000.0
2026-03-30,46000.0
2026-03-30,24000.0
2026-03-30,20000.0
2026-03-31,34200.0
2026-03-31,12000.0
2026-03-31,46000.0
2026-03-31,10000.0
2026-03-31,54000.0
2026-03-31,15000.0
2026-03-31,48000.0
2026-03-31,6000.0
2026-03-31,40000.0
2026-03-31,24000.0
2026-03-31,24000.0
2026-03-31,22000.0
2026-03-31,6000.0
2026-03-31,20000.0
2026-03-31,22000.0
2026-03-31,15000.0
2026-03-31,24000.0
2026-03-31,71250.0
2026-03-31,36000.0
2026-03-31,18000.0
2026-03-31,12000.0
2026-03-31,66000.0
2026-03-31,60000.0
2026-03-31,50000.0
2026-03-31,10000.0
2026-03-31,10000.0
2026-03-31,25650.0
2026-03-31,22000.0
2026-03-31,22000.0
2026-03-31,22000.0
2026-03-31,54000.0
2026-03-31,10000.0
2026-03-31,22000.0
2026-03-31,6000.0
2026-03-31,15000.0
2026-03-31,24000.0
2026-03-31,9500.0
2026-03-31,15000.0
2026-03-31,6000.0
2026-03-31,24000.0
2026-03-31,15000.0
2026-03-31,24000.0
2026-03-31,48000.0
2026-03-31,16000.0
2026-03-31,22800.0
2026-03-31,5000.0
2026-03-31,50000.0
2026-03-31,48000.0
2026-03-31,14250.0
2026-03-31,8000.0
2026-03-31,24000.0
2026-03-31,12000.0
2026-03-31,12000.0
2026-03-31,15000.0
2026-03-31,22000.0
2026-03-31,96000.0
2026-03-31,6000.0
2026-03-31,30000.0
2026-03-31,28500.0
2026-03-31,10000.0
2026-03-31,5700.0
2026-03-31,12000.0
2026-03-31,6000.0
2026-03-31,12000.0
2026-03-31,15000.0
2026-03-31,22000.0
2026-03-31,50000.0
2026-03-31,8000.0
2026-03-31,6000.0
2026-03-31,5000.0
2026-03-31,40000.0
2026-03-31,25000.0
2026-03-31,12000.0
2026-03-31,22000.0
2026-03-31,6000.0
2026-03-31,50000.0
2026-03-31,36000.0
2026-03-31,30000.0
2026-03-31,46000.0
2026-03-31,27000.0
2026-03-31,20000.0
2026-03-31,48000.0
2026-03-31,12000.0
2026-03-31,28500.0
2026-03-31,22000.0
2026-03-31,48000.0
2026-03-31,23000.0
2026-03-31,6000.0
2026-03-31,46000.0
2026-03-31,12000.0
2026-03-31,32000.0
2026-03-31,6000.0
2026-03-31,12000.0
2026-03-31,12000.0
2026-03-31,15000.0
2026-03-31,5000.0
2026-03-31,20000.0
2026-03-31,5000.0
2026-03-31,80000.0
2026-03-31,60000.0
2026-03-31,5700.0
2026-03-31,30000.0
2026-03-31,30000.0
2026-03-31,5000.0
2026-03-31,20900.0
2026-03-31,12000.0
2026-03-31,5700.0
2026-03-31,22000.0
2026-03-31,10000.0
2026-03-31,75000.0
2026-03-31,6000.0
2026-03-31,23000.0
2026-03-31,48000.0
2026-03-31,6000.0
2026-03-31,24000.0
2026-03-31,12000.0
2026-03-31,25000.0
2026-03-31,22000.0
2026-03-31,75000.0
2026-03-31,20000.0
2026-03-31,24000.0
2026-03-31,40000.0
2026-03-31,7600.0
2026-03-31,46000.0
2026-03-31,30000.0
2026-03-31,22000.0
2026-03-31,12000.0
2026-03-31,25000.0
2026-03-31,71250.0
2026-03-31,6000.0
2026-03-31,5000.0
2026-03-31,12000.0
2026-03-31,24000.0
2026-03-31,18000.0
2026-03-31,48000.0
2026-03-31,48000.0
2026-03-31,42750.0
2026-03-31,14250.0
2026-03-31,6000.0
2026-03-31,23000.0
2026-03-31,15000.0
2026-03-31,8000.0
2026-03-31,24000.0
2026-03-31,10000.0
2026-03-31,6000.0
2026-03-31,24000.0
2026-03-31,12000.0
2026-03-31,81000.0
2026-03-31,75000.0
2026-03-31,8000.0
2026-03-31,15000.0
2026-03-31,25000.0
2026-03-31,12000.0
2026-03-31,24000.0
2026-03-31,40000.0
2026-03-31,25000.0
2026-03-31,24000.0
2026-03-31,22000.0
2026-03-31,10000.0
2026-03-31,24000.0
2026-03-31,15000.0
2026-03-31,69000.0
2026-03-31,24000.0
2026-03-31,12000.0
2026-03-31,66000.0
2026-03-31,27000.0
2026-03-31,18000.0
2026-03-31,25000.0
2026-03-31,75000.0
2026-03-31,23000.0
2026-03-31,48000.0
2026-03-31,46000.0
2026-03-31,75000.0
2026-03-31,23000.0
2026-03-31,72000.0
2026-03-31,12000.0
2026-03-31,96000.0
2026-03-31,6000.0
2026-03-31,24000.0
2026-03-31,12000.0
2026-03-31,10000.0
2026-03-31,12000.0
2026-03-31,15000.0
2026-03-31,6000.0
2026-03-31,11400.0
2026-03-31,24000.0
2026-03-31,24000.0
2026-03-31,10000.0
2026-03-31,12000.0
2026-03-31,24000.0
2026-03-31,5000.0
2026-03-31,5700.0
2026-03-31,15000.0
2026-03-31,20000.0
2026-03-31,27000.0
2026-03-31,24000.0
2026-03-31,8000.0
2026-03-31,40000.0
2026-03-31,16000.0
2026-03-31,36000.0
2026-03-31,45000.0
2026-03-31,10000.0
2026-03-31,48000.0
2026-03-31,6000.0
2026-03-31,8000.0
2026-03-31,25000.0
2026-03-31,12000.0
2026-03-31,20000.0
2026-03-31,24000.0
2026-03-31,21850.0
2026-03-31,5000.0
2026-03-31,27000.0
2026-03-31,8000.0
2026-03-31,12000.0
2026-03-31,10000.0
2026-03-31,24000.0
2026-03-31,22000.0
2026-03-31,15000.0
2026-03-31,15000.0
2026-03-31,22000.0
2026-03-31,16000.0
2026-03-31,45000.0
2026-03-31,20000.0
2026-03-31,12000.0
2026-03-31,25000.0
2026-03-31,23000.0
2026-03-31,45600.0
2026-03-31,23000.0
2026-03-31,44000.0
2026-03-31,12000.0
2026-03-31,10000.0
2026-03-31,12000.0
2026-03-31,47500.0
2026-04-01,24000.0
2026-04-01,25000.0
2026-04-01,10000.0
2026-04-01,12000.0
2026-04-01,60000.0
2026-04-01,48000.0
2026-04-01,20000.0
2026-04-01,46000.0
2026-04-01,8000.0
2026-04-01,22000.0
2026-04-01,54000.0
2026-04-01,5700.0
2026-04-01,18000.0
2026-04-01,8000.0
2026-04-01,24000.0
2026-04-01,25000.0
2026-04-01,24000.0
2026-04-01,22800.0
2026-04-01,69000.0
2026-04-01,15000.0
2026-04-01,22000.0
2026-04-01,20000.0
2026-04-01,41800.0
2026-04-01,8000.0
2026-04-01,81000.0
2026-04-01,27000.0
2026-04-01,12000.0
2026-04-01,28500.0
2026-04-01,6000.0
2026-04-01,22000.0
2026-04-01,20000.0
2026-04-01,5000.0
2026-04-01,24000.0
2026-04-01,15000.0
2026-04-01,15000.0
2026-04-01,10000.0
2026-04-01,27000.0
2026-04-01,15000.0
2026-04-01,6000.0
2026-04-01,25650.0
2026-04-01,28500.0
2026-04-01,23000.0
2026-04-01,23000.0
2026-04-01,24000.0
2026-04-01,20000.0
2026-04-01,27000.0
2026-04-01,9500.0
2026-04-01,25650.0
2026-04-01,50000.0
2026-04-01,27000.0
2026-04-01,30000.0
2026-04-01,6000.0
2026-04-01,80000.0
2026-04-01,15000.0
2026-04-01,25000.0
2026-04-01,15000.0
2026-04-01,20000.0
2026-04-01,16000.0
2026-04-01,15000.0
2026-04-01,6000.0
2026-04-01,36000.0
2026-04-01,15000.0
2026-04-01,5000.0
2026-04-01,8000.0
2026-04-01,12000.0
2026-04-01,25000.0
2026-04-01,16000.0
2026-04-01,12000.0
2026-04-01,12000.0
2026-04-01,15000.0
2026-04-01,8000.0
2026-04-01,15000.0
2026-04-01,44000.0
2026-04-01,6000.0
2026-04-01,12000.0
2026-04-01,27000.0
2026-04-01,24000.0
2026-04-01,108000.0
2026-04-01,76950.0
2026-04-01,8000.0
2026-04-01,25000.0
2026-04-01,12000.0
2026-04-01,6000.0
2026-04-01,10000.0
2026-04-01,22000.0
2026-04-01,12000.0
2026-04-01,72000.0
2026-04-01,12000.0
2026-04-01,43700.0
2026-04-01,40000.0
2026-04-01,16000.0
2026-04-01,40000.0
2026-04-01,25000.0
2026-04-01,8000.0
2026-04-01,21850.0
2026-04-01,18000.0
2026-04-01,25000.0
2026-04-01,46000.0
2026-04-01,25000.0
2026-04-01,24000.0
2026-04-01,8000.0
2026-04-01,22000.0
2026-04-01,24000.0
2026-04-01,4750.0
2026-04-01,6000.0
2026-04-01,24000.0
2026-04-01,48000.0
2026-04-01,15000.0
2026-04-01,5700.0
2026-04-01,15200.0
2026-04-01,40000.0
2026-04-01,46000.0
2026-04-01,24000.0
2026-04-01,14250.0
2026-04-01,24000.0
2026-04-01,15000.0
2026-04-01,15000.0
2026-04-01,27000.0
2026-04-01,22000.0
2026-04-01,72000.0
2026-04-01,5700.0
2026-04-01,10000.0
2026-04-01,5000.0
2026-04-01,16000.0
2026-04-01,48000.0
2026-04-01,5000.0
2026-04-01,6000.0
2026-04-01,20000.0
2026-04-01,16000.0
2026-04-01,24000.0
2026-04-01,12000.0
2026-04-01,8000.0
2026-04-01,18000.0
2026-04-01,15000.0
2026-04-01,44000.0
2026-04-01,30000.0
2026-04-01,25000.0
2026-04-01,10000.0
2026-04-01,22800.0
2026-04-01,15000.0
2026-04-01,23000.0
2026-04-01,24000.0
2026-04-01,23000.0
2026-04-01,48000.0
2026-04-01,27000.0
2026-04-01,20000.0
2026-04-01,72000.0
2026-04-01,24000.0
2026-04-01,24000.0
2026-04-01,48000.0
2026-04-01,6000.0
2026-04-01,12000.0
2026-04-01,50000.0
2026-04-01,5000.0
2026-04-01,10000.0
2026-04-01,8000.0
2026-04-01,15000.0
2026-04-01,24000.0
2026-04-01,12000.0
2026-04-01,15000.0
2026-04-01,9500.0
2026-04-01,12000.0
2026-04-01,20000.0
2026-04-01,23000.0
2026-04-01,12000.0
2026-04-01,24000.0
2026-04-01,12000.0
2026-04-01,10000.0
2026-04-01,27000.0
2026-04-01,27000.0
2026-04-01,12000.0
2026-04-01,22000.0
2026-04-01,18000.0
2026-04-01,27000.0
2026-04-01,6000.0
2026-04-01,25000.0
2026-04-01,24000.0
2026-04-01,15000.0
2026-04-01,20000.0
2026-04-01,6000.0
2026-04-01,12000.0
2026-04-01,15000.0
2026-04-01,60000.0
2026-04-01,46000.0
2026-04-01,44000.0
2026-04-01,50000.0
2026-04-01,46000.0
2026-04-01,10000.0
2026-04-01,6000.0
2026-04-01,10000.0
2026-04-01,27000.0
2026-04-01,20000.0
2026-04-01,18000.0
2026-04-01,30000.0
2026-04-01,12000.0
2026-04-01,40000.0
2026-04-01,20000.0
2026-04-01,50000.0
2026-04-01,20900.0
2026-04-01,23000.0
2026-04-01,10000.0
2026-04-01,14250.0
2026-04-01,20000.0
2026-04-01,46000.0
2026-04-01,10000.0
2026-04-01,22000.0
2026-04-01,15000.0
2026-04-01,9500.0
2026-04-01,20900.0
2026-04-01,24000.0
2026-04-01,6000.0
2026-04-01,21850.0
2026-04-01,6000.0
2026-04-01,22000.0
2026-04-01,12000.0
2026-04-01,24000.0
2026-04-01,8000.0
2026-04-01,12000.0
2026-04-01,50000.0
2026-04-01,60000.0
2026-04-01,5000.0
2026-04-01,32000.0
2026-04-01,48000.0
2026-04-01,11400.0
2026-04-01,15000.0
2026-04-01,25000.0
2026-04-01,22800.0
2026-04-02,75000.0
2026-04-02,15000.0
2026-04-02,44000.0
2026-04-02,12000.0
2026-04-02,8000.0
2026-04-02,75000.0
2026-04-02,20000.0
2026-04-02,5000.0
2026-04-02,22000.0
2026-04-02,24000.0
2026-04-02,23000.0
2026-04-02,22000.0
2026-04-02,6000.0
2026-04-02,22000.0
2026-04-02,12000.0
2026-04-02,7600.0
2026-04-02,20000.0
2026-04-02,24000.0
2026-04-02,54000.0
2026-04-02,10000.0
2026-04-02,24000.0
2026-04-02,40000.0
2026-04-02,24000.0
2026-04-02,24000.0
2026-04-02,27000.0
2026-04-02,88000.0
2026-04-02,20000.0
2026-04-02,69000.0
2026-04-02,12000.0
2026-04-02,8000.0
2026-04-02,20000.0
2026-04-02,24000.0
2026-04-02,20000.0
2026-04-02,5000.0
2026-04-02,12000.0
2026-04-02,24000.0
2026-04-02,66000.0
2026-04-02,12000.0
2026-04-02,24000.0
2026-04-02,25650.0
2026-04-02,23000.0
2026-04-02,4750.0
2026-04-02,5000.0
2026-04-02,69000.0
2026-04-02,15000.0
2026-04-02,11400.0
2026-04-02,11400.0
2026-04-02,25000.0
2026-04-02,15000.0
2026-04-02,44000.0
2026-04-02,15000.0
2026-04-02,16000.0
2026-04-02,44000.0
2026-04-02,25000.0
2026-04-02,25000.0
2026-04-02,45000.0
2026-04-02,15000.0
2026-04-02,44000.0
2026-04-02,46000.0
2026-04-02,66000.0
2026-04-02,6000.0
2026-04-02,24000.0
2026-04-02,6000.0
2026-04-02,10000.0
2026-04-02,20000.0
2026-04-02,22000.0
2026-04-02,6000.0
2026-04-02,20000.0
2026-04-02,20000.0
2026-04-02,10000.0
2026-04-02,5000.0
2026-04-02,8000.0
2026-04-02,18000.0
2026-04-02,27000.0
2026-04-02,25650.0
2026-04-02,48000.0
2026-04-02,12000.0
2026-04-02,32000.0
2026-04-02,45000.0
2026-04-02,10000.0
2026-04-02,10000.0
2026-04-02,100000.0
2026-04-02,22000.0
2026-04-02,96000.0
2026-04-02,50000.0
2026-04-02,50000.0
2026-04-02,24000.0
2026-04-02,42750.0
2026-04-02,15000.0
2026-04-02,12000.0
2026-04-02,10000.0
2026-04-02,15000.0
2026-04-02,24000.0
2026-04-02,30000.0
2026-04-02,20900.0
2026-04-02,20000.0
2026-04-02,15000.0
2026-04-02,24000.0
2026-04-02,6000.0
2026-04-02,32000.0
2026-04-02,27000.0
2026-04-02,18000.0
2026-04-02,6000.0
2026-04-02,48000.0
2026-04-02,12000.0
2026-04-02,108000.0
2026-04-02,44000.0
2026-04-02,6000.0
2026-04-02,20000.0
2026-04-02,48000.0
2026-04-02,14250.0
2026-04-02,20000.0
2026-04-02,46000.0
2026-04-02,50000.0
2026-04-02,5000.0
2026-04-02,6000.0
2026-04-02,44000.0
2026-04-02,22000.0
2026-04-02,25000.0
2026-04-02,60000.0
2026-04-02,24000.0
2026-04-02,16000.0
2026-04-02,30000.0
2026-04-02,22000.0
2026-04-02,22800.0
2026-04-02,24000.0
2026-04-02,20000.0
2026-04-02,48000.0
2026-04-02,12000.0
2026-04-02,24000.0
2026-04-02,10000.0
2026-04-02,10000.0
2026-04-02,75000.0
2026-04-02,44000.0
2026-04-02,24000.0
2026-04-02,22000.0
2026-04-02,6000.0
2026-04-02,19000.0
2026-04-02,72000.0
2026-04-02,10000.0
2026-04-02,15000.0
2026-04-02,30000.0
2026-04-02,75000.0
2026-04-02,15000.0
2026-04-02,8000.0
2026-04-02,23750.0
2026-04-02,22000.0
2026-04-02,20000.0
2026-04-02,60000.0
2026-04-02,8000.0
2026-04-02,22000.0
2026-04-02,22000.0
2026-04-02,7600.0
2026-04-02,48000.0
2026-04-02,12000.0
2026-04-02,15000.0
2026-04-02,48000.0
2026-04-02,15000.0
2026-04-02,20000.0
2026-04-02,20000.0
2026-04-02,30000.0
2026-04-02,8000.0
2026-04-02,30000.0
2026-04-02,6000.0
2026-04-02,4750.0
2026-04-02,5000.0
2026-04-02,66000.0
2026-04-02,46000.0
2026-04-02,15000.0
2026-04-02,8000.0
2026-04-02,20000.0
2026-04-02,25000.0
2026-04-02,10000.0
2026-04-02,12000.0
2026-04-02,45000.0
2026-04-02,8000.0
2026-04-02,15000.0
2026-04-02,8000.0
2026-04-02,30000.0
2026-04-02,12000.0
2026-04-02,15000.0
2026-04-02,18000.0
2026-04-02,72000.0
2026-04-02,24000.0
2026-04-02,40000.0
2026-04-02,6000.0
2026-04-02,10000.0
2026-04-02,46000.0
2026-04-02,22000.0
2026-04-02,24000.0
2026-04-02,32000.0
2026-04-02,24000.0
2026-04-02,23750.0
2026-04-02,12000.0
2026-04-02,16000.0
2026-04-02,5000.0
2026-04-02,6000.0
2026-04-02,22000.0
2026-04-02,16000.0
2026-04-02,48000.0
2026-04-02,5700.0
2026-04-02,19000.0
2026-04-02,25000.0
2026-04-02,22000.0
2026-04-02,6000.0
2026-04-02,12000.0
2026-04-02,50000.0
2026-04-02,60000.0
2026-04-02,12000.0
2026-04-02,40000.0
2026-04-02,12000.0
2026-04-02,24000.0
2026-04-02,27000.0
2026-04-02,30000.0
2026-04-02,25000.0
2026-04-02,12000.0
2026-04-02,10000.0
2026-04-02,44000.0
2026-04-02,25000.0
2026-04-02,20000.0
2026-04-02,24000.0
2026-04-02,8000.0
2026-04-02,9500.0
2026-04-02,12000.0
2026-04-02,48000.0
2026-04-02,51300.0
2026-04-02,71250.0
2026-04-02,5700.0
2026-04-02,66000.0
2026-04-02,11400.0
2026-04-02,10000.0
2026-04-02,60000.0
2026-04-02,50000.0
2026-04-03,27000.0
2026-04-03,6000.0
2026-04-03,15000.0
2026-04-03,8000.0
2026-04-03,92000.0
2026-04-03,48000.0
2026-04-03,15000.0
2026-04-03,25000.0
2026-04-03,12000.0
2026-04-03,20900.0
2026-04-03,12000.0
2026-04-03,22000.0
2026-04-03,22000.0
2026-04-03,6000.0
2026-04-03,54000.0
2026-04-03,6000.0
2026-04-03,5000.0
2026-04-03,12000.0
2026-04-03,15000.0
2026-04-03,20000.0
2026-04-03,36000.0
2026-04-03,12000.0
2026-04-03,22800.0
2026-04-03,20900.0
2026-04-03,69000.0
2026-04-03,48000.0
2026-04-03,18000.0
2026-04-03,5000.0
2026-04-03,24000.0
2026-04-03,5000.0
2026-04-03,72000.0
2026-04-03,12000.0
2026-04-03,6000.0
2026-04-03,36000.0
2026-04-03,22000.0
2026-04-03,12000.0
2026-04-03,22000.0
2026-04-03,48000.0
2026-04-03,6000.0
2026-04-03,25000.0
2026-04-03,23000.0
2026-04-03,24000.0
2026-04-03,30000.0
2026-04-03,25000.0
2026-04-03,57000.0
2026-04-03,12000.0
2026-04-03,20000.0
2026-04-03,8000.0
2026-04-03,76950.0
2026-04-03,24000.0
2026-04-03,8000.0
2026-04-03,6000.0
2026-04-03,12000.0
2026-04-03,22000.0
2026-04-03,10000.0
2026-04-03,10000.0
2026-04-03,24000.0
2026-04-03,8000.0
2026-04-03,20000.0
2026-04-03,25000.0
2026-04-03,5000.0
2026-04-03,10000.0
2026-04-03,40000.0
2026-04-03,12000.0
2026-04-03,8000.0
2026-04-03,6000.0
2026-04-03,72000.0
2026-04-03,36000.0
2026-04-03,50000.0
2026-04-03,12000.0
2026-04-03,75000.0
2026-04-03,23000.0
2026-04-03,20000.0
2026-04-03,12000.0
2026-04-03,88000.0
2026-04-03,11400.0
2026-04-03,6000.0
2026-04-03,8000.0
2026-04-03,4750.0
2026-04-03,100000.0
2026-04-03,10000.0
2026-04-03,20000.0
2026-04-03,12000.0
2026-04-03,22000.0
2026-04-03,23000.0
2026-04-03,24000.0
2026-04-03,22000.0
2026-04-03,24000.0
2026-04-03,30000.0
2026-04-03,50000.0
2026-04-03,23000.0
2026-04-03,10000.0
2026-04-03,48000.0
2026-04-03,5700.0
2026-04-03,24000.0
2026-04-03,6000.0
2026-04-03,10000.0
2026-04-03,22000.0
2026-04-03,5000.0
2026-04-03,30000.0
2026-04-03,24000.0
2026-04-03,45000.0
2026-04-03,75000.0
2026-04-03,32000.0
2026-04-03,15000.0
2026-04-03,40000.0
2026-04-03,6000.0
2026-04-03,12000.0
2026-04-03,20000.0
2026-04-03,25000.0
2026-04-03,23000.0
2026-04-03,57000.0
2026-04-03,10000.0
2026-04-03,10000.0
2026-04-03,25000.0
2026-04-03,38000.0
2026-04-03,80000.0
2026-04-03,23750.0
2026-04-03,15000.0
2026-04-03,108000.0
2026-04-03,43700.0
2026-04-03,24000.0
2026-04-03,27000.0
2026-04-03,22000.0
2026-04-03,12000.0
2026-04-03,25000.0
2026-04-03,25000.0
2026-04-03,24000.0
2026-04-03,10000.0
2026-04-03,22000.0
2026-04-03,10000.0
2026-04-03,24000.0
2026-04-03,6000.0
2026-04-03,23000.0
2026-04-03,75000.0
2026-04-03,6000.0
2026-04-03,20000.0
2026-04-03,54000.0
2026-04-03,22000.0
2026-04-03,75000.0
2026-04-03,10000.0
2026-04-03,10000.0
2026-04-03,12000.0
2026-04-03,22000.0
2026-04-03,6000.0
2026-04-03,27000.0
2026-04-03,10000.0
2026-04-03,23000.0
2026-04-03,24000.0
2026-04-03,27000.0
2026-04-03,10000.0
2026-04-03,20000.0
2026-04-03,15000.0
2026-04-03,5000.0
2026-04-03,8000.0
2026-04-03,5000.0
2026-04-03,60000.0
2026-04-03,6000.0
2026-04-03,44000.0
2026-04-03,25000.0
2026-04-03,12000.0
2026-04-03,8000.0
2026-04-03,46000.0
2026-04-03,15000.0
2026-04-03,20000.0
2026-04-03,24000.0
2026-04-03,12000.0
2026-04-03,60000.0
2026-04-03,24000.0
2026-04-03,16000.0
2026-04-03,6000.0
2026-04-03,25000.0
2026-04-03,27000.0
2026-04-03,6000.0
2026-04-03,20000.0
2026-04-03,80000.0
2026-04-03,25000.0
2026-04-03,30000.0
2026-04-03,5000.0
2026-04-03,22800.0
2026-04-03,15000.0
2026-04-03,12000.0
2026-04-03,50000.0
2026-04-03,10000.0
2026-04-03,6000.0
2026-04-03,23000.0
2026-04-03,6000.0
2026-04-03,25000.0
2026-04-03,6000.0
2026-04-03,8000.0
2026-04-03,6000.0
2026-04-03,8000.0
2026-04-03,6000.0
2026-04-03,12000.0
2026-04-03,92000.0
2026-04-03,22000.0
2026-04-03,20000.0
2026-04-03,24000.0
2026-04-03,25650.0
2026-04-03,22000.0
2026-04-03,12000.0
2026-04-03,46000.0
2026-04-03,22000.0
2026-04-03,24000.0
2026-04-03,108000.0
2026-04-03,22000.0
2026-04-03,30000.0
2026-04-03,11400.0
2026-04-03,15000.0
2026-04-03,24000.0
2026-04-03,6000.0
2026-04-03,15000.0
2026-04-03,22000.0
2026-04-03,16000.0
2026-04-03,22000.0
2026-04-03,75000.0
2026-04-03,15000.0
2026-04-03,44000.0
2026-04-03,12000.0
2026-04-03,20000.0
2026-04-03,10000.0
2026-04-03,44000.0
2026-04-03,15000.0
2026-04-03,45000.0
2026-04-03,8000.0
2026-04-03,45600.0
2026-04-03,44000.0
2026-04-03,38000.0
2026-04-03,30000.0
2026-04-03,15000.0
2026-04-03,100000.0
2026-04-04,12000.0
2026-04-04,72000.0
2026-04-04,27000.0
2026-04-04,44000.0
2026-04-04,8000.0
2026-04-04,80000.0
2026-04-04,27000.0
2026-04-04,22000.0
2026-04-04,20000.0
2026-04-04,27000.0
2026-04-04,44000.0
2026-04-04,20000.0
2026-04-04,6000.0
2026-04-04,48000.0
2026-04-04,8000.0
2026-04-04,20000.0
2026-04-04,20000.0
2026-04-04,15000.0
2026-04-04,11400.0
2026-04-04,23000.0
2026-04-04,10000.0
2026-04-04,22800.0
2026-04-04,44000.0
2026-04-04,6000.0
2026-04-04,12000.0
2026-04-04,30000.0
2026-04-04,75000.0
2026-04-04,10000.0
2026-04-04,25000.0
2026-04-04,22000.0
2026-04-04,5000.0
2026-04-04,45000.0
2026-04-04,22000.0
2026-04-04,100000.0
2026-04-04,27000.0
2026-04-04,22000.0
2026-04-04,22000.0
2026-04-04,20000.0
2026-04-04,15000.0
2026-04-04,44000.0
2026-04-04,50000.0
2026-04-04,10000.0
2026-04-04,12000.0
2026-04-04,22000.0
2026-04-04,12000.0
2026-04-04,25000.0
2026-04-04,40000.0
2026-04-04,18000.0
2026-04-04,24000.0
2026-04-04,44000.0
2026-04-04,11400.0
2026-04-04,23000.0
2026-04-04,12000.0
2026-04-04,81000.0
2026-04-04,8000.0
2026-04-04,60000.0
2026-04-04,25000.0
2026-04-04,8000.0
2026-04-04,20000.0
2026-04-04,22000.0
2026-04-04,69000.0
2026-04-04,54000.0
2026-04-04,12000.0
2026-04-04,15000.0
2026-04-04,23000.0
2026-04-04,12000.0
2026-04-04,12000.0
2026-04-04,6000.0
2026-04-04,25000.0
2026-04-04,24000.0
2026-04-04,72000.0
2026-04-04,60000.0
2026-04-04,5700.0
2026-04-04,40000.0
2026-04-04,44000.0
2026-04-04,27000.0
2026-04-04,25000.0
2026-04-04,46000.0
2026-04-04,20000.0
2026-04-04,24000.0
2026-04-04,15000.0
2026-04-04,22000.0
2026-04-04,20000.0
2026-04-04,27000.0
2026-04-04,48000.0
2026-04-04,44000.0
2026-04-04,12000.0
2026-04-04,50000.0
2026-04-04,6000.0
2026-04-04,40000.0
2026-04-04,5000.0
2026-04-04,30000.0
2026-04-04,18000.0
2026-04-04,25000.0
2026-04-04,22000.0
2026-04-04,6000.0
2026-04-04,24000.0
2026-04-04,20000.0
2026-04-04,66000.0
2026-04-04,22000.0
2026-04-04,66000.0
2026-04-04,20000.0
2026-04-04,12000.0
2026-04-04,20900.0
2026-04-04,25000.0
2026-04-04,44000.0
2026-04-04,46000.0
2026-04-04,25000.0
2026-04-04,5000.0
2026-04-04,20900.0
2026-04-04,15000.0
2026-04-04,5700.0
2026-04-04,15000.0
2026-04-04,15000.0
2026-04-04,48000.0
2026-04-04,20000.0
2026-04-04,21850.0
2026-04-04,12000.0
2026-04-04,27000.0
2026-04-04,20000.0
2026-04-04,22800.0
2026-04-04,27000.0
2026-04-04,75000.0
2026-04-04,23000.0
2026-04-04,6000.0
2026-04-04,36000.0
2026-04-04,15000.0
2026-04-04,8000.0
2026-04-04,54000.0
2026-04-04,27000.0
2026-04-04,45000.0
2026-04-04,22000.0
2026-04-04,25000.0
2026-04-04,50000.0
2026-04-04,6000.0
2026-04-04,6000.0
2026-04-04,24000.0
2026-04-04,16000.0
2026-04-04,11400.0
2026-04-04,54000.0
2026-04-04,6000.0
2026-04-04,100000.0
2026-04-04,10000.0
2026-04-04,6000.0
2026-04-04,75000.0
2026-04-04,12000.0
2026-04-04,15000.0
2026-04-04,20000.0
2026-04-04,22000.0
2026-04-04,8000.0
2026-04-04,44000.0
2026-04-04,12000.0
2026-04-04,20000.0
2026-04-04,14250.0
2026-04-04,54000.0
2026-04-04,15000.0
2026-04-04,22000.0
2026-04-04,8000.0
2026-04-04,71250.0
2026-04-04,24000.0
2026-04-04,75000.0
2026-04-04,24000.0
2026-04-04,27000.0
2026-04-04,40000.0
2026-04-04,28500.0
2026-04-04,5000.0
2026-04-04,66000.0
2026-04-04,22800.0
2026-04-04,24000.0
2026-04-04,20000.0
2026-04-04,30000.0
2026-04-04,22000.0
2026-04-04,24000.0
2026-04-04,10000.0
2026-04-04,8000.0
2026-04-04,69000.0
2026-04-04,12000.0
2026-04-04,15000.0
2026-04-04,44000.0
2026-04-04,10000.0
2026-04-04,15000.0
2026-04-04,25000.0
2026-04-04,15000.0
2026-04-04,6000.0
2026-04-04,45000.0
2026-04-04,6000.0
2026-04-04,20000.0
2026-04-04,23000.0
2026-04-04,21850.0
2026-04-04,24000.0
2026-04-04,6000.0
2026-04-04,46000.0
2026-04-04,48000.0
2026-04-04,22000.0
2026-04-04,18000.0
2026-04-04,10000.0
2026-04-04,12000.0
2026-04-04,6000.0
2026-04-04,54000.0
2026-04-04,24000.0
2026-04-04,34200.0
2026-04-04,75000.0
2026-04-04,16000.0
2026-04-04,44000.0
2026-04-04,27000.0
2026-04-04,12000.0
2026-04-04,6000.0
2026-04-04,5000.0
2026-04-04,24000.0
2026-04-04,15000.0
2026-04-04,48000.0
2026-04-04,20900.0
2026-04-04,19000.0
2026-04-04,16000.0
2026-04-04,50000.0
2026-04-04,25650.0
2026-04-04,12000.0
2026-04-04,23000.0
2026-04-04,27000.0
2026-04-04,22000.0
2026-04-04,15000.0
2026-04-04,15000.0
2026-04-04,40000.0
2026-04-04,12000.0
2026-04-04,21850.0
2026-04-04,100000.0
2026-04-04,8000.0
2026-04-04,12000.0
2026-04-04,6000.0
2026-04-04,20000.0
2026-04-04,45000.0
2026-04-04,15000.0
2026-04-04,14250.0
2026-04-04,48000.0
2026-04-04,30000.0
2026-04-04,24000.0
2026-04-04,5000.0
2026-04-04,20000.0
2026-04-04,23000.0
2026-04-04,15000.0
2026-04-04,6000.0
2026-04-04,22000.0
2026-04-04,36000.0
2026-04-04,25000.0
2026-04-04,5700.0
2026-04-04,22000.0
2026-04-04,5000.0
2026-04-04,44000.0
2026-04-04,5700.0
2026-04-04,22000.0
2026-04-04,5000.0
2026-04-04,46000.0
2026-04-04,25000.0
2026-04-04,24000.0
2026-04-05,8000.0
2026-04-05,6000.0
2026-04-05,24000.0
2026-04-05,23000.0
2026-04-05,44000.0
2026-04-05,12000.0
2026-04-05,17100.0
2026-04-05,19000.0
2026-04-05,44000.0
2026-04-05,10000.0
2026-04-05,20000.0
2026-04-05,12000.0
2026-04-05,8000.0
2026-04-05,27000.0
2026-04-05,28500.0
2026-04-05,24000.0
2026-04-05,46000.0
2026-04-05,15000.0
2026-04-05,32000.0
2026-04-05,100000.0
2026-04-05,22000.0
2026-04-05,100000.0
2026-04-05,8000.0
2026-04-05,10000.0
2026-04-05,28500.0
2026-04-05,25000.0
2026-04-05,22000.0
2026-04-05,15000.0
2026-04-05,54000.0
2026-04-05,22000.0
2026-04-05,40000.0
2026-04-05,44000.0
2026-04-05,40000.0
2026-04-05,72000.0
2026-04-05,23750.0
2026-04-05,8000.0
2026-04-05,40000.0
2026-04-05,11400.0
2026-04-05,20000.0
2026-04-05,46000.0
2026-04-05,15000.0
2026-04-05,8000.0
2026-04-05,27000.0
2026-04-05,46000.0
2026-04-05,12000.0
2026-04-05,50000.0
2026-04-05,11400.0
2026-04-05,16000.0
2026-04-05,27000.0
2026-04-05,44000.0
2026-04-05,20000.0
2026-04-05,12000.0
2026-04-05,15000.0
2026-04-05,22000.0
2026-04-05,5000.0
2026-04-05,15200.0
2026-04-05,81000.0
2026-04-05,25000.0
2026-04-05,22000.0
2026-04-05,23000.0
2026-04-05,5000.0
2026-04-05,15000.0
2026-04-05,20000.0
2026-04-05,100000.0
2026-04-05,27000.0
2026-04-05,48000.0
2026-04-05,22000.0
2026-04-05,25650.0
2026-04-05,12000.0
2026-04-05,75000.0
2026-04-05,24000.0
2026-04-05,25000.0
2026-04-05,25000.0
2026-04-05,8000.0
2026-04-05,24000.0
2026-04-05,6000.0
2026-04-05,48000.0
2026-04-05,22000.0
2026-04-05,8000.0
2026-04-05,12000.0
2026-04-05,16000.0
2026-04-05,25650.0
2026-04-05,5000.0
2026-04-05,5700.0
2026-04-05,30000.0
2026-04-05,20000.0
2026-04-05,44000.0
2026-04-05,75000.0
2026-04-05,36000.0
2026-04-05,22000.0
2026-04-05,16000.0
2026-04-05,24000.0
2026-04-05,51300.0
2026-04-05,24000.0
2026-04-05,46000.0
2026-04-05,25650.0
2026-04-05,5000.0
2026-04-05,45600.0
2026-04-05,36000.0
2026-04-05,5000.0
2026-04-05,25000.0
2026-04-05,24000.0
2026-04-05,40000.0
2026-04-05,44000.0
2026-04-05,8000.0
2026-04-05,30000.0
2026-04-05,10000.0
2026-04-05,25650.0
2026-04-05,43700.0
2026-04-05,50000.0
2026-04-05,45000.0
2026-04-05,51300.0
2026-04-05,8000.0
2026-04-05,23000.0
2026-04-05,5700.0
2026-04-05,19000.0
2026-04-05,48000.0
2026-04-05,25000.0
2026-04-05,15000.0
2026-04-05,10000.0
2026-04-05,25000.0
2026-04-05,66000.0
2026-04-05,6000.0
2026-04-05,8000.0
2026-04-05,17100.0
2026-04-05,5700.0
2026-04-05,6000.0
2026-04-05,10000.0
2026-04-05,8000.0
2026-04-05,25000.0
2026-04-05,12000.0
2026-04-05,24000.0
2026-04-05,10000.0
2026-04-05,8000.0
2026-04-05,12000.0
2026-04-05,44000.0
2026-04-05,25000.0
2026-04-05,69000.0
2026-04-05,44000.0
2026-04-05,100000.0
2026-04-05,22000.0
2026-04-05,12000.0
2026-04-05,10000.0
2026-04-05,54000.0
2026-04-05,72000.0
2026-04-05,20900.0
2026-04-05,46000.0
2026-04-05,20000.0
2026-04-05,27000.0
2026-04-05,12000.0
2026-04-05,25000.0
2026-04-05,48000.0
2026-04-05,24000.0
2026-04-05,72000.0
2026-04-05,12000.0
2026-04-05,12000.0
2026-04-05,24000.0
2026-04-05,6000.0
2026-04-05,5000.0
2026-04-05,20000.0
2026-04-05,6000.0
2026-04-05,20000.0
2026-04-05,48000.0
2026-04-05,23000.0
2026-04-05,15000.0
2026-04-05,10000.0
2026-04-05,22000.0
2026-04-05,25650.0
2026-04-05,6000.0
2026-04-05,48000.0
2026-04-05,12000.0
2026-04-05,19000.0
2026-04-05,15000.0
2026-04-05,12000.0
2026-04-05,15000.0
2026-04-05,10000.0
2026-04-05,5000.0
2026-04-05,27000.0
2026-04-05,6000.0
2026-04-05,25000.0
2026-04-05,8000.0
2026-04-05,12000.0
2026-04-05,28500.0
2026-04-05,24000.0
2026-04-05,6000.0
2026-04-05,40000.0
2026-04-05,10000.0
2026-04-05,20000.0
2026-04-05,24000.0
2026-04-05,27000.0
2026-04-05,8000.0
2026-04-05,60000.0
2026-04-05,46000.0
2026-04-05,22000.0
2026-04-05,6000.0
2026-04-05,10000.0
2026-04-05,12000.0
2026-04-05,54000.0
2026-04-05,12000.0
2026-04-05,20000.0
2026-04-05,10000.0
2026-04-05,48000.0
2026-04-05,6000.0
2026-04-05,25000.0
2026-04-05,6000.0
2026-04-05,20000.0
2026-04-05,24000.0
2026-04-05,25000.0
2026-04-05,23000.0
2026-04-05,20000.0
2026-04-05,44000.0
2026-04-05,15000.0
2026-04-05,69000.0
2026-04-05,24000.0
2026-04-05,88000.0
2026-04-05,15000.0
2026-04-05,60000.0
2026-04-05,12000.0
2026-04-05,24000.0
2026-04-05,10000.0
2026-04-05,36000.0
2026-04-05,8000.0
2026-04-05,20000.0
2026-04-05,6000.0
2026-04-05,5000.0
2026-04-05,72000.0
2026-04-05,22000.0
2026-04-05,96000.0
2026-04-05,27000.0
2026-04-05,6000.0
2026-04-05,5000.0
2026-04-05,24000.0
2026-04-05,8000.0
2026-04-06,40000.0
2026-04-06,22000.0
2026-04-06,66000.0
2026-04-06,54000.0
2026-04-06,15000.0
2026-04-06,24000.0
2026-04-06,5000.0
2026-04-06,88000.0
2026-04-06,16000.0
2026-04-06,24000.0
2026-04-06,23000.0
2026-04-06,25650.0
2026-04-06,6000.0
2026-04-06,10000.0
2026-04-06,25650.0
2026-04-06,20000.0
2026-04-06,50000.0
2026-04-06,12000.0
2026-04-06,23000.0
2026-04-06,12000.0
2026-04-06,27000.0
2026-04-06,18000.0
2026-04-06,18000.0
2026-04-06,24000.0
2026-04-06,24000.0
2026-04-06,12000.0
2026-04-06,48000.0
2026-04-06,27000.0
2026-04-06,30000.0
2026-04-06,40000.0
2026-04-06,20000.0
2026-04-06,6000.0
2026-04-06,23000.0
2026-04-06,20000.0
2026-04-06,46000.0
2026-04-06,45000.0
2026-04-06,6000.0
2026-04-06,12000.0
2026-04-06,20000.0
2026-04-06,18000.0
2026-04-06,11400.0
2026-04-06,45000.0
2026-04-06,6000.0
2026-04-06,30000.0
2026-04-06,11400.0
2026-04-06,40000.0
2026-04-06,24000.0
2026-04-06,44000.0
2026-04-06,81000.0
2026-04-06,81000.0
2026-04-06,30000.0
2026-04-06,44000.0
2026-04-06,6000.0
2026-04-06,45600.0
2026-04-06,48000.0
2026-04-06,25000.0
2026-04-06,16000.0
2026-04-06,25000.0
2026-04-06,20000.0
2026-04-06,6000.0
2026-04-06,69000.0
2026-04-06,10000.0
2026-04-06,88000.0
2026-04-06,25000.0
2026-04-06,12000.0
2026-04-06,15000.0
2026-04-06,25000.0
2026-04-06,44000.0
2026-04-06,108000.0
2026-04-06,5000.0
2026-04-06,88000.0
2026-04-06,20000.0
2026-04-06,48000.0
2026-04-06,60000.0
2026-04-06,20000.0
2026-04-06,10000.0
2026-04-06,15000.0
2026-04-06,22000.0
2026-04-06,6000.0
2026-04-06,24000.0
2026-04-06,24000.0
2026-04-06,15000.0
2026-04-06,22000.0
2026-04-06,50000.0
2026-04-06,27000.0
2026-04-06,50000.0
2026-04-06,6000.0
2026-04-06,15000.0
2026-04-06,15000.0
2026-04-06,15000.0
2026-04-06,24000.0
2026-04-06,8000.0
2026-04-06,12000.0
2026-04-06,16000.0
2026-04-06,15000.0
2026-04-06,15000.0
2026-04-06,23000.0
2026-04-06,18000.0
2026-04-06,22000.0
2026-04-06,23000.0
2026-04-06,25000.0
2026-04-06,15000.0
2026-04-06,100000.0
2026-04-06,24000.0
2026-04-06,6000.0
2026-04-06,54000.0
2026-04-06,24000.0
2026-04-06,44000.0
2026-04-06,30000.0
2026-04-06,6000.0
2026-04-06,22000.0
2026-04-06,15000.0
2026-04-06,23000.0
2026-04-06,22000.0
2026-04-06,8000.0
2026-04-06,20000.0
2026-04-06,24000.0
2026-04-06,18000.0
2026-04-06,12000.0
2026-04-06,46000.0
2026-04-06,18000.0
2026-04-06,66000.0
2026-04-06,15000.0
2026-04-06,5000.0
2026-04-06,44000.0
2026-04-06,81000.0
2026-04-06,44000.0
2026-04-06,30000.0
2026-04-06,5000.0
2026-04-06,10000.0
2026-04-06,46000.0
2026-04-06,11400.0
2026-04-06,5000.0
2026-04-06,54000.0
2026-04-06,27000.0
2026-04-06,25000.0
2026-04-06,6000.0
2026-04-06,12000.0
2026-04-06,6000.0
2026-04-06,51300.0
2026-04-06,12000.0
2026-04-06,8000.0
2026-04-06,4750.0
2026-04-06,12000.0
2026-04-06,20000.0
2026-04-06,24000.0
2026-04-06,8000.0
2026-04-06,50000.0
2026-04-06,6000.0
2026-04-06,22000.0
2026-04-06,22000.0
2026-04-06,20000.0
2026-04-06,11400.0
2026-04-06,40000.0
2026-04-06,20000.0
2026-04-06,25000.0
2026-04-06,25650.0
2026-04-06,22000.0
2026-04-06,15000.0
2026-04-06,15000.0
2026-04-06,24000.0
2026-04-06,20000.0
2026-04-06,5700.0
2026-04-06,10000.0
2026-04-06,20000.0
2026-04-06,27000.0
2026-04-06,8000.0
2026-04-06,25000.0
2026-04-06,30000.0
2026-04-06,66000.0
2026-04-06,12000.0
2026-04-06,6000.0
2026-04-06,8000.0
2026-04-06,60000.0
2026-04-06,12000.0
2026-04-06,8000.0
2026-04-06,5000.0
2026-04-06,20000.0
2026-04-06,66000.0
2026-04-06,25000.0
2026-04-06,24000.0
2026-04-06,10000.0
2026-04-06,24000.0
2026-04-06,15000.0
2026-04-06,50000.0
2026-04-06,8000.0
2026-04-06,5000.0
2026-04-06,15000.0
2026-04-06,20000.0
2026-04-06,12000.0
2026-04-06,12000.0
2026-04-06,10000.0
2026-04-06,15000.0
2026-04-06,8000.0
2026-04-06,27000.0
2026-04-06,23000.0
2026-04-06,30000.0
2026-04-06,6000.0
2026-04-06,12000.0
2026-04-07,5000.0
2026-04-07,48000.0
2026-04-07,46000.0
2026-04-07,15000.0
2026-04-07,25000.0
2026-04-07,6000.0
2026-04-07,6000.0
2026-04-07,10000.0
2026-04-07,21850.0
2026-04-07,36000.0
2026-04-07,16000.0
2026-04-07,30000.0
2026-04-07,24000.0
2026-04-07,24000.0
2026-04-07,40000.0
2026-04-07,12000.0
2026-04-07,44000.0
2026-04-07,46000.0
2026-04-07,27000.0
2026-04-07,12000.0
2026-04-07,22000.0
2026-04-07,10000.0
2026-04-07,15000.0
2026-04-07,20000.0
2026-04-07,5000.0
2026-04-07,6000.0
2026-04-07,20900.0
2026-04-07,24000.0
2026-04-07,6000.0
2026-04-07,23000.0
2026-04-07,96000.0
2026-04-07,28500.0
2026-04-07,30000.0
2026-04-07,54000.0
2026-04-07,6000.0
2026-04-07,30000.0
2026-04-07,15000.0
2026-04-07,25000.0
2026-04-07,5000.0
2026-04-07,46000.0
2026-04-07,16000.0
2026-04-07,83600.0
2026-04-07,10000.0
2026-04-07,15000.0
2026-04-07,22000.0
2026-04-07,50000.0
2026-04-07,43700.0
2026-04-07,30000.0
2026-04-07,12000.0
2026-04-07,12000.0
2026-04-07,12000.0
2026-04-07,6000.0
2026-04-07,18000.0
2026-04-07,30000.0
2026-04-07,9500.0
2026-04-07,24000.0
2026-04-07,8000.0
2026-04-07,75000.0
2026-04-07,17100.0
2026-04-07,25000.0
2026-04-07,8000.0
2026-04-07,25000.0
2026-04-07,15000.0
2026-04-07,23000.0
2026-04-07,15000.0
2026-04-07,81000.0
2026-04-07,15000.0
2026-04-07,22800.0
2026-04-07,5700.0
2026-04-07,16000.0
2026-04-07,48000.0
2026-04-07,45000.0
2026-04-07,15000.0
2026-04-07,20000.0
2026-04-07,27000.0
2026-04-07,24000.0
2026-04-07,9500.0
2026-04-07,23000.0
2026-04-07,5000.0
2026-04-07,44000.0
2026-04-07,20000.0
2026-04-07,10000.0
2026-04-07,19000.0
2026-04-07,20000.0
2026-04-07,24000.0
2026-04-07,6000.0
2026-04-07,43700.0
2026-04-07,22000.0
2026-04-07,12000.0
2026-04-07,11400.0
2026-04-07,10000.0
2026-04-07,22000.0
2026-04-07,12000.0
2026-04-07,15000.0
2026-04-07,60000.0
2026-04-07,40000.0
2026-04-07,48000.0
2026-04-07,12000.0
2026-04-07,6000.0
2026-04-07,12000.0
2026-04-07,12000.0
2026-04-07,10000.0
2026-04-07,15000.0
2026-04-07,24000.0
2026-04-07,25000.0
2026-04-07,22000.0
2026-04-07,34200.0
2026-04-07,12000.0
2026-04-07,6000.0
2026-04-07,25000.0
2026-04-07,12000.0
2026-04-07,6000.0
2026-04-07,30000.0
2026-04-07,6000.0
2026-04-07,20000.0
2026-04-07,5000.0
2026-04-07,12000.0
2026-04-07,10000.0
2026-04-07,50000.0
2026-04-07,15000.0
2026-04-07,40000.0
2026-04-07,5000.0
2026-04-07,15000.0
2026-04-07,12000.0
2026-04-07,8000.0
2026-04-07,8000.0
2026-04-07,25000.0
2026-04-07,66000.0
2026-04-07,25000.0
2026-04-07,23750.0
2026-04-07,23000.0
2026-04-07,10000.0
2026-04-07,66000.0
2026-04-07,24000.0
2026-04-07,5000.0
2026-04-07,12000.0
2026-04-07,48000.0
2026-04-07,88000.0
2026-04-07,50000.0
2026-04-07,22000.0
2026-04-07,12000.0
2026-04-07,28500.0
2026-04-07,44000.0
2026-04-07,30000.0
2026-04-07,24000.0
2026-04-07,23000.0
2026-04-07,22000.0
2026-04-07,15000.0
2026-04-07,100000.0
2026-04-07,30000.0
2026-04-07,27000.0
2026-04-07,27000.0
2026-04-07,5700.0
2026-04-07,20000.0
2026-04-07,8000.0
2026-04-07,48000.0
2026-04-07,12000.0
2026-04-07,22800.0
2026-04-07,6000.0
2026-04-07,15000.0
2026-04-07,20000.0
2026-04-07,69000.0
2026-04-07,24000.0
2026-04-07,46000.0
2026-04-07,44000.0
2026-04-07,15000.0
2026-04-07,21850.0
2026-04-07,72000.0
2026-04-07,20000.0
2026-04-07,12000.0
2026-04-07,66000.0
2026-04-07,50000.0
2026-04-07,96000.0
2026-04-07,25000.0
2026-04-07,40000.0
2026-04-07,24000.0
2026-04-07,23000.0
2026-04-07,22000.0
2026-04-07,25650.0
2026-04-07,20000.0
2026-04-07,25000.0
2026-04-07,22000.0
2026-04-07,5000.0
2026-04-07,8000.0
2026-04-07,23000.0
2026-04-07,25000.0
2026-04-07,20000.0
2026-04-07,8000.0
2026-04-07,20000.0
2026-04-07,27000.0
2026-04-07,96000.0
2026-04-07,6000.0
2026-04-07,27000.0
2026-04-07,6000.0
2026-04-08,24000.0
2026-04-08,48000.0
2026-04-08,18000.0
2026-04-08,25000.0
2026-04-08,60000.0
2026-04-08,46000.0
2026-04-08,6000.0
2026-04-08,23000.0
2026-04-08,30000.0
2026-04-08,28500.0
2026-04-08,8000.0
2026-04-08,23000.0
2026-04-08,5000.0
2026-04-08,45600.0
2026-04-08,69000.0
2026-04-08,20900.0
2026-04-08,30000.0
2026-04-08,20000.0
2026-04-08,16000.0
2026-04-08,12000.0
2026-04-08,27000.0
2026-04-08,44000.0
2026-04-08,12000.0
2026-04-08,6000.0
2026-04-08,19000.0
2026-04-08,22000.0
2026-04-08,22000.0
2026-04-08,6000.0
2026-04-08,23000.0
2026-04-08,6000.0
2026-04-08,6000.0
2026-04-08,27000.0
2026-04-08,8000.0
2026-04-08,6000.0
2026-04-08,40000.0
2026-04-08,12000.0
2026-04-08,27000.0
2026-04-08,44000.0
2026-04-08,24000.0
2026-04-08,10000.0
2026-04-08,6000.0
2026-04-08,25000.0
2026-04-08,24000.0
2026-04-08,80000.0
2026-04-08,18000.0
2026-04-08,10000.0
2026-04-08,8000.0
2026-04-08,22000.0
2026-04-08,20000.0
2026-04-08,24000.0
2026-04-08,12000.0
2026-04-08,46000.0
2026-04-08,15000.0
2026-04-08,12000.0
2026-04-08,30000.0
2026-04-08,22000.0
2026-04-08,96000.0
2026-04-08,6000.0
2026-04-08,25000.0
2026-04-08,12000.0
2026-04-08,6000.0
2026-04-08,46000.0
2026-04-08,81000.0
2026-04-08,27000.0
2026-04-08,12000.0
2026-04-08,6000.0
2026-04-08,36000.0
2026-04-08,6000.0
2026-04-08,5700.0
2026-04-08,22000.0
2026-04-08,24000.0
2026-04-08,7600.0
2026-04-08,21850.0
2026-04-08,46000.0
2026-04-08,45600.0
2026-04-08,25000.0
2026-04-08,16000.0
2026-04-08,24000.0
2026-04-08,5000.0
2026-04-08,20000.0
2026-04-08,48000.0
2026-04-08,48000.0
2026-04-08,20000.0
2026-04-08,15000.0
2026-04-08,20000.0
2026-04-08,23000.0
2026-04-08,30000.0
2026-04-08,44000.0
2026-04-08,48000.0
2026-04-08,12000.0
2026-04-08,15000.0
2026-04-08,15200.0
2026-04-08,27000.0
2026-04-08,17100.0
2026-04-08,15000.0
2026-04-08,36000.0
2026-04-08,25000.0
2026-04-08,25000.0
2026-04-08,6000.0
2026-04-08,44000.0
2026-04-08,6000.0
2026-04-08,48000.0
2026-04-08,15000.0
2026-04-08,20000.0
2026-04-08,40000.0
2026-04-08,27000.0
2026-04-08,6000.0
2026-04-08,66000.0
2026-04-08,20000.0
2026-04-08,22000.0
2026-04-08,6000.0
2026-04-08,24000.0
2026-04-08,10000.0
2026-04-08,15000.0
2026-04-08,23000.0
2026-04-08,12000.0
2026-04-08,24000.0
2026-04-08,12000.0
2026-04-08,6000.0
2026-04-08,66000.0
2026-04-08,88000.0
2026-04-08,23000.0
2026-04-08,50000.0
2026-04-08,80000.0
2026-04-08,10000.0
2026-04-08,20000.0
2026-04-08,25000.0
2026-04-08,6000.0
2026-04-08,15000.0
2026-04-08,5000.0
2026-04-08,25000.0
2026-04-08,21850.0
2026-04-08,25000.0
2026-04-08,54000.0
2026-04-08,50000.0
2026-04-08,30000.0
2026-04-08,15000.0
2026-04-08,7600.0
2026-04-08,6000.0
2026-04-08,22000.0
2026-04-08,60000.0
2026-04-08,25000.0
2026-04-08,18000.0
2026-04-08,20000.0
2026-04-08,11400.0
2026-04-08,24000.0
2026-04-08,48000.0
2026-04-08,45000.0
2026-04-08,10000.0
2026-04-08,10000.0
2026-04-08,27000.0
2026-04-08,80000.0
2026-04-08,15000.0
2026-04-08,51300.0
2026-04-08,11400.0
2026-04-08,44000.0
2026-04-08,81000.0
2026-04-08,11400.0
2026-04-08,66000.0
2026-04-08,27000.0
2026-04-08,15000.0
2026-04-08,20000.0
2026-04-08,23000.0
2026-04-08,48000.0
2026-04-08,48000.0
2026-04-08,12000.0
2026-04-08,10000.0
2026-04-08,24000.0
2026-04-08,34200.0
2026-04-08,54000.0
2026-04-08,25000.0
2026-04-08,27000.0
2026-04-08,15000.0
2026-04-08,22800.0
2026-04-08,9500.0
2026-04-08,5000.0
2026-04-08,23750.0
2026-04-08,22000.0
2026-04-08,23000.0
2026-04-08,54000.0
2026-04-08,18000.0
2026-04-08,95000.0
2026-04-08,8000.0
2026-04-08,15000.0
2026-04-08,12000.0
2026-04-08,22000.0
2026-04-08,8000.0
2026-04-08,24000.0
2026-04-08,24000.0
2026-04-08,27000.0
2026-04-08,23000.0
2026-04-08,27000.0
2026-04-08,11400.0
2026-04-08,8000.0
2026-04-09,24000.0
2026-04-09,27000.0
2026-04-09,44000.0
2026-04-09,22000.0
2026-04-09,25000.0
2026-04-09,20000.0
2026-04-09,48000.0
2026-04-09,24000.0
2026-04-09,16000.0
2026-04-09,23000.0
2026-04-09,16000.0
2026-04-09,69000.0
2026-04-09,6000.0
2026-04-09,10000.0
2026-04-09,46000.0
2026-04-09,25000.0
2026-04-09,40000.0
2026-04-09,72000.0
2026-04-09,43700.0
2026-04-09,6000.0
2026-04-09,20000.0
2026-04-09,12000.0
2026-04-09,23000.0
2026-04-09,10000.0
2026-04-09,40000.0
2026-04-09,14250.0
2026-04-09,12000.0
2026-04-09,5000.0
2026-04-09,12000.0
2026-04-09,32000.0
2026-04-09,6000.0
2026-04-09,48000.0
2026-04-09,27000.0
2026-04-09,12000.0
2026-04-09,5000.0
2026-04-09,25000.0
2026-04-09,15000.0
2026-04-09,24000.0
2026-04-09,24000.0
2026-04-09,20000.0
2026-04-09,24000.0
2026-04-09,27000.0
2026-04-09,5000.0
2026-04-09,6000.0
2026-04-09,24000.0
2026-04-09,72000.0
2026-04-09,48000.0
2026-04-09,24000.0
2026-04-09,15000.0
2026-04-09,10000.0
2026-04-09,24000.0
2026-04-09,12000.0
2026-04-09,23000.0
2026-04-09,27000.0
2026-04-09,5000.0
2026-04-09,6000.0
2026-04-09,108000.0
2026-04-09,30000.0
2026-04-09,48000.0
2026-04-09,72000.0
2026-04-09,11400.0
2026-04-09,25000.0
2026-04-09,10000.0
2026-04-09,15000.0
2026-04-09,50000.0
2026-04-09,8000.0
2026-04-09,22000.0
2026-04-09,10000.0
2026-04-09,12000.0
2026-04-09,23000.0
2026-04-09,20000.0
2026-04-09,8000.0
2026-04-09,10000.0
2026-04-09,12000.0
2026-04-09,25000.0
2026-04-09,27000.0
2026-04-09,45000.0
2026-04-09,22000.0
2026-04-09,66000.0
2026-04-09,24000.0
2026-04-09,19000.0
2026-04-09,25000.0
2026-04-09,16000.0
2026-04-09,10000.0
2026-04-09,20900.0
2026-04-09,24000.0
2026-04-09,47500.0
2026-04-09,15000.0
2026-04-09,23000.0
2026-04-09,5000.0
2026-04-09,22800.0
2026-04-09,12000.0
2026-04-09,46000.0
2026-04-09,22000.0
2026-04-09,11400.0
2026-04-09,44000.0
2026-04-09,27000.0
2026-04-09,6000.0
2026-04-09,15000.0
2026-04-09,5000.0
2026-04-09,8000.0
2026-04-09,50000.0
2026-04-09,15000.0
2026-04-09,81000.0
2026-04-09,5000.0
2026-04-09,12000.0
2026-04-09,62700.0
2026-04-09,23000.0
2026-04-09,72000.0
2026-04-09,20900.0
2026-04-09,45600.0
2026-04-09,27000.0
2026-04-09,46000.0
2026-04-09,42750.0
2026-04-09,6000.0
2026-04-09,24000.0
2026-04-09,20000.0
2026-04-09,23000.0
2026-04-09,6000.0
2026-04-09,12000.0
2026-04-09,5000.0
2026-04-09,22000.0
2026-04-09,69000.0
2026-04-09,15000.0
2026-04-09,22000.0
2026-04-09,23000.0
2026-04-09,12000.0
2026-04-09,36000.0
2026-04-09,5000.0
2026-04-09,54000.0
2026-04-09,23000.0
2026-04-09,100000.0
2026-04-09,30000.0
2026-04-09,30000.0
2026-04-09,6000.0
2026-04-09,75000.0
2026-04-09,66000.0
2026-04-09,22000.0
2026-04-09,27000.0
2026-04-09,16000.0
2026-04-09,5000.0
2026-04-09,46000.0
2026-04-09,23000.0
2026-04-09,8000.0
2026-04-09,25000.0
2026-04-09,8000.0
2026-04-09,15000.0
2026-04-09,24000.0
2026-04-09,20000.0
2026-04-09,23000.0
2026-04-09,57000.0
2026-04-09,87400.0
2026-04-09,88000.0
2026-04-09,22000.0
2026-04-09,20000.0
2026-04-09,27000.0
2026-04-09,8000.0
2026-04-09,12000.0
2026-04-09,20000.0
2026-04-09,41800.0
2026-04-09,5000.0
2026-04-09,66000.0
2026-04-09,12000.0
2026-04-09,24000.0
2026-04-09,19000.0
2026-04-09,24000.0
2026-04-09,6000.0
2026-04-09,24000.0
2026-04-09,25000.0
2026-04-09,8000.0
2026-04-09,15000.0
2026-04-09,108000.0
2026-04-09,12000.0
2026-04-09,18000.0
2026-04-09,8000.0
2026-04-09,15000.0
2026-04-09,46000.0
2026-04-09,23000.0
2026-04-09,16000.0
2026-04-09,10000.0
2026-04-09,24000.0
2026-04-09,28500.0
2026-04-09,47500.0
2026-04-09,6000.0
2026-04-09,20000.0
2026-04-09,16000.0
2026-04-09,6000.0
2026-04-09,10000.0
2026-04-09,40000.0
2026-04-09,6000.0
2026-04-09,4750.0
2026-04-09,12000.0
2026-04-09,6000.0
2026-04-09,15000.0
2026-04-09,8000.0
2026-04-09,23000.0
2026-04-09,27000.0
2026-04-09,23000.0
2026-04-09,8000.0
2026-04-09,24000.0
2026-04-09,76000.0
2026-04-09,20000.0
2026-04-09,75000.0
2026-04-09,48000.0
2026-04-09,46000.0
2026-04-09,30000.0
2026-04-09,5000.0
2026-04-09,20000.0
2026-04-09,20000.0
2026-04-09,6000.0
2026-04-09,20000.0
2026-04-09,66000.0
2026-04-09,16000.0
2026-04-09,24000.0
2026-04-09,20000.0
2026-04-09,11400.0
2026-04-09,12000.0
2026-04-09,20000.0
2026-04-09,44000.0
2026-04-09,5700.0
2026-04-09,24000.0
2026-04-09,22000.0
2026-04-09,44000.0
2026-04-09,45000.0
2026-04-09,40000.0
2026-04-09,15000.0
2026-04-09,20000.0
2026-04-09,12000.0
2026-04-09,72000.0
2026-04-09,12000.0
2026-04-09,75000.0
2026-04-09,80000.0
2026-04-10,20000.0
2026-04-10,50000.0
2026-04-10,48000.0
2026-04-10,22000.0
2026-04-10,15000.0
2026-04-10,50000.0
2026-04-10,15000.0
2026-04-10,45600.0
2026-04-10,41800.0
2026-04-10,6000.0
2026-04-10,57000.0
2026-04-10,6000.0
2026-04-10,6000.0
2026-04-10,20000.0
2026-04-10,16000.0
2026-04-10,10000.0
2026-04-10,12000.0
2026-04-10,27000.0
2026-04-10,44000.0
2026-04-10,10000.0
2026-04-10,92000.0
2026-04-10,21850.0
2026-04-10,24000.0
2026-04-10,12000.0
2026-04-10,22000.0
2026-04-10,20000.0
2026-04-10,8000.0
2026-04-10,75000.0
2026-04-10,27000.0
2026-04-10,27000.0
2026-04-10,6000.0
2026-04-10,24000.0
2026-04-10,22000.0
2026-04-10,10000.0
2026-04-10,18000.0
2026-04-10,22000.0
2026-04-10,16000.0
2026-04-10,30000.0
2026-04-10,15000.0
2026-04-10,25000.0
2026-04-10,22000.0
2026-04-10,27000.0
2026-04-10,12000.0
2026-04-10,22800.0
2026-04-10,27000.0
2026-04-10,50000.0
2026-04-10,12000.0
2026-04-10,10000.0
2026-04-10,23000.0
2026-04-10,30000.0
2026-04-10,20000.0
2026-04-10,15000.0
2026-04-10,24000.0
2026-04-10,50000.0
2026-04-10,12000.0
2026-04-10,15000.0
2026-04-10,14250.0
2026-04-10,20000.0
2026-04-10,6000.0
2026-04-10,25000.0
2026-04-10,48000.0
2026-04-10,72000.0
2026-04-10,10000.0
2026-04-10,30000.0
2026-04-10,15000.0
2026-04-10,69000.0
2026-04-10,30000.0
2026-04-10,51300.0
2026-04-10,12000.0
2026-04-10,23000.0
2026-04-10,6000.0
2026-04-10,10000.0
2026-04-10,20000.0
2026-04-10,15000.0
2026-04-10,12000.0
2026-04-10,22000.0
2026-04-10,10000.0
2026-04-10,20000.0
2026-04-10,23000.0
2026-04-10,22000.0
2026-04-10,54000.0
2026-04-10,24000.0
2026-04-10,69000.0
2026-04-10,24000.0
2026-04-10,100000.0
2026-04-10,66000.0
2026-04-10,8000.0
2026-04-10,10000.0
2026-04-10,50000.0
2026-04-10,88000.0
2026-04-10,54000.0
2026-04-10,10000.0
2026-04-10,15000.0
2026-04-10,24000.0
2026-04-10,6000.0
2026-04-10,16000.0
2026-04-10,5700.0
2026-04-10,96000.0
2026-04-10,25000.0
2026-04-10,12000.0
2026-04-10,16000.0
2026-04-10,22000.0
2026-04-10,25000.0
2026-04-10,15000.0
2026-04-10,24000.0
2026-04-10,27000.0
2026-04-10,48000.0
2026-04-10,12000.0
2026-04-10,8000.0
2026-04-10,12000.0
2026-04-10,23000.0
2026-04-10,25650.0
2026-04-10,12000.0
2026-04-10,6000.0
2026-04-10,24000.0
2026-04-10,15000.0
2026-04-10,24000.0
2026-04-10,10000.0
2026-04-10,12000.0
2026-04-10,25000.0
2026-04-10,9500.0
2026-04-10,27000.0
2026-04-10,6000.0
2026-04-10,12000.0
2026-04-10,22000.0
2026-04-10,50000.0
2026-04-10,20000.0
2026-04-10,18000.0
2026-04-10,20000.0
2026-04-10,12000.0
2026-04-10,23000.0
2026-04-10,6000.0
2026-04-10,66000.0
2026-04-10,30000.0
2026-04-10,10000.0
2026-04-10,27000.0
2026-04-10,24000.0
2026-04-10,20000.0
2026-04-10,24000.0
2026-04-10,100000.0
2026-04-10,22000.0
2026-04-10,24000.0
2026-04-10,15000.0
2026-04-10,20000.0
2026-04-10,22000.0
2026-04-10,60000.0
2026-04-10,22000.0
2026-04-10,50000.0
2026-04-10,46000.0
2026-04-10,22000.0
2026-04-10,12000.0
2026-04-10,6000.0
2026-04-10,5000.0
2026-04-10,12000.0
2026-04-10,41800.0
2026-04-10,12000.0
2026-04-10,15000.0
2026-04-10,22000.0
2026-04-10,6000.0
2026-04-10,25000.0
2026-04-10,48000.0
2026-04-10,22000.0
2026-04-10,12000.0
2026-04-10,12000.0
2026-04-10,48000.0
2026-04-10,14250.0
2026-04-10,30400.0
2026-04-10,6000.0
2026-04-10,20000.0
2026-04-10,6000.0
2026-04-10,40000.0
2026-04-10,22000.0
2026-04-10,6000.0
2026-04-10,12000.0
2026-04-10,24000.0
2026-04-10,23000.0
2026-04-10,25000.0
2026-04-10,16000.0
2026-04-10,10000.0
2026-04-10,20000.0
2026-04-10,44000.0
2026-04-10,23000.0
2026-04-10,60000.0
2026-04-10,16000.0
2026-04-10,22000.0
2026-04-10,27000.0
2026-04-10,50000.0
2026-04-10,72000.0
2026-04-10,22000.0
2026-04-10,12000.0
2026-04-10,30000.0
2026-04-10,12000.0
2026-04-10,24000.0
2026-04-10,48000.0
2026-04-10,66000.0
2026-04-10,8000.0
2026-04-10,69000.0
2026-04-10,6000.0
2026-04-10,5000.0
2026-04-10,51300.0
2026-04-10,22000.0
2026-04-10,44000.0
2026-04-10,20000.0
2026-04-10,27000.0
2026-04-10,22000.0
2026-04-10,12000.0
2026-04-10,41800.0
2026-04-10,46000.0
2026-04-10,25000.0
2026-04-10,25650.0
2026-04-10,22000.0
2026-04-10,10000.0
2026-04-10,25650.0
2026-04-10,8000.0
2026-04-10,25000.0
2026-04-10,12000.0
2026-04-10,8000.0
2026-04-10,8000.0
2026-04-10,6000.0
2026-04-10,25000.0
2026-04-10,60000.0
2026-04-10,23750.0
2026-04-10,12000.0
2026-04-10,21850.0
2026-04-10,15000.0
2026-04-10,22000.0
2026-04-10,12000.0
2026-04-10,20900.0
2026-04-10,20000.0
2026-04-10,20000.0
2026-04-10,15000.0
2026-04-10,12000.0
2026-04-10,12000.0
2026-04-10,12000.0
2026-04-10,27000.0
2026-04-10,15000.0
2026-04-10,6000.0
2026-04-10,25650.0
2026-04-10,20000.0
2026-04-10,12000.0
2026-04-10,20000.0
2026-04-10,36000.0
2026-04-10,10000.0
2026-04-10,12000.0
2026-04-11,15000.0
2026-04-11,30000.0
2026-04-11,10000.0
2026-04-11,20000.0
2026-04-11,32000.0
2026-04-11,23000.0
2026-04-11,12000.0
2026-04-11,14250.0
2026-04-11,14250.0
2026-04-11,50000.0
2026-04-11,6000.0
2026-04-11,5000.0
2026-04-11,12000.0
2026-04-11,100000.0
2026-04-11,22000.0
2026-04-11,20000.0
2026-04-11,20000.0
2026-04-11,6000.0
2026-04-11,24000.0
2026-04-11,22000.0
2026-04-11,54000.0
2026-04-11,6000.0
2026-04-11,8000.0
2026-04-11,24000.0
2026-04-11,10000.0
2026-04-11,16000.0
2026-04-11,15000.0
2026-04-11,22000.0
2026-04-11,22000.0
2026-04-11,23000.0
2026-04-11,15000.0
2026-04-11,22800.0
2026-04-11,20000.0
2026-04-11,24000.0
2026-04-11,15000.0
2026-04-11,44000.0
2026-04-11,22000.0
2026-04-11,6000.0
2026-04-11,8000.0
2026-04-11,25000.0
2026-04-11,30000.0
2026-04-11,8000.0
2026-04-11,27000.0
2026-04-11,5000.0
2026-04-11,23000.0
2026-04-11,25000.0
2026-04-11,20000.0
2026-04-11,12000.0
2026-04-11,10000.0
2026-04-11,25000.0
2026-04-11,22000.0
2026-04-11,25000.0
2026-04-11,30000.0
2026-04-11,12000.0
2026-04-11,30000.0
2026-04-11,22000.0
2026-04-11,24000.0
2026-04-11,6000.0
2026-04-11,50000.0
2026-04-11,15000.0
2026-04-11,24000.0
2026-04-11,44000.0
2026-04-11,8000.0
2026-04-11,75000.0
2026-04-11,75000.0
2026-04-11,16000.0
2026-04-11,54000.0
2026-04-11,15000.0
2026-04-11,6000.0
2026-04-11,15000.0
2026-04-11,15000.0
2026-04-11,96000.0
2026-04-11,44000.0
2026-04-11,23000.0
2026-04-11,44000.0
2026-04-11,5700.0
2026-04-11,71250.0
2026-04-11,24000.0
2026-04-11,6000.0
2026-04-11,46000.0
2026-04-11,15200.0
2026-04-11,22000.0
2026-04-11,20000.0
2026-04-11,24000.0
2026-04-11,24000.0
2026-04-11,11400.0
2026-04-11,20000.0
2026-04-11,12000.0
2026-04-11,22000.0
2026-04-11,20000.0
2026-04-11,24000.0
2026-04-11,44000.0
2026-04-11,75000.0
2026-04-11,48000.0
2026-04-11,20000.0
2026-04-11,10000.0
2026-04-11,96000.0
2026-04-11,15000.0
2026-04-11,40000.0
2026-04-11,24000.0
2026-04-11,5000.0
2026-04-11,12000.0
2026-04-11,57000.0
2026-04-11,27000.0
2026-04-11,24000.0
2026-04-11,16000.0
2026-04-11,15000.0
2026-04-11,25000.0
2026-04-11,16000.0
2026-04-11,25000.0
2026-04-11,20000.0
2026-04-11,48000.0
2026-04-11,25000.0
2026-04-11,100000.0
2026-04-11,27000.0
2026-04-11,15000.0
2026-04-11,18000.0
2026-04-11,100000.0
2026-04-11,8000.0
2026-04-11,25000.0
2026-04-11,46000.0
2026-04-11,12000.0
2026-04-11,6000.0
2026-04-11,15000.0
2026-04-11,22000.0
2026-04-11,30000.0
2026-04-11,40000.0
2026-04-11,10000.0
2026-04-11,8000.0
2026-04-11,100000.0
2026-04-11,54000.0
2026-04-11,23000.0
2026-04-11,24000.0
2026-04-11,12000.0
2026-04-11,81000.0
2026-04-11,22000.0
2026-04-11,7600.0
2026-04-11,18000.0
2026-04-11,27000.0
2026-04-11,48000.0
2026-04-11,5000.0
2026-04-11,21850.0
2026-04-11,21850.0
2026-04-11,27000.0
2026-04-11,25000.0
2026-04-11,43700.0
2026-04-11,81000.0
2026-04-11,48000.0
2026-04-11,23000.0
2026-04-11,24000.0
2026-04-11,20000.0
2026-04-11,5000.0
2026-04-11,15000.0
2026-04-11,8000.0
2026-04-11,27000.0
2026-04-11,6000.0
2026-04-11,23000.0
2026-04-11,12000.0
2026-04-11,8000.0
2026-04-11,10000.0
2026-04-11,6000.0
2026-04-11,8000.0
2026-04-11,30000.0
2026-04-11,20000.0
2026-04-11,12000.0
2026-04-11,72000.0
2026-04-11,21850.0
2026-04-11,6000.0
2026-04-11,24000.0
2026-04-11,15000.0
2026-04-11,25650.0
2026-04-11,10000.0
2026-04-11,15000.0
2026-04-11,6000.0
2026-04-11,12000.0
2026-04-11,19000.0
2026-04-11,6000.0
2026-04-11,48000.0
2026-04-11,6000.0
2026-04-11,24000.0
2026-04-11,20000.0
2026-04-11,15000.0
2026-04-11,25000.0
2026-04-11,48000.0
2026-04-11,75000.0
2026-04-11,76950.0
2026-04-11,12000.0
2026-04-11,66000.0
2026-04-11,15000.0
2026-04-11,24000.0
2026-04-11,14250.0
2026-04-11,108000.0
2026-04-11,22000.0
2026-04-11,27000.0
2026-04-11,22000.0
2026-04-11,6000.0
2026-04-11,10000.0
2026-04-11,10000.0
2026-04-11,23000.0
2026-04-11,50000.0
2026-04-11,100000.0
2026-04-11,22000.0
2026-04-11,18000.0
2026-04-11,72000.0
2026-04-11,25000.0
2026-04-11,12000.0
2026-04-11,6000.0
2026-04-11,5000.0
2026-04-11,22000.0
2026-04-11,23000.0
2026-04-11,10000.0
2026-04-11,15000.0
2026-04-11,20000.0
2026-04-11,6000.0
2026-04-11,23000.0
2026-04-11,12000.0
2026-04-11,22000.0
2026-04-11,15000.0
2026-04-11,6000.0
2026-04-11,16000.0
2026-04-11,54000.0
2026-04-11,23000.0
2026-04-11,12000.0
2026-04-11,10000.0
2026-04-11,24000.0
2026-04-11,10000.0
2026-04-11,25000.0
2026-04-11,23000.0
2026-04-11,23000.0
2026-04-11,5000.0
2026-04-11,45000.0
2026-04-11,20000.0
2026-04-11,32000.0
2026-04-11,23000.0
2026-04-11,23000.0
2026-04-11,30000.0
2026-04-11,23000.0
2026-04-11,45000.0
2026-04-11,6000.0
2026-04-11,20000.0
2026-04-11,16000.0
2026-04-11,20000.0
2026-04-11,12000.0
2026-04-11,22000.0
2026-04-11,18000.0
2026-04-11,48000.0
2026-04-11,12000.0
2026-04-11,20000.0
2026-04-11,15000.0
2026-04-11,44000.0
2026-04-12,22800.0
2026-04-12,16000.0
2026-04-12,24000.0
2026-04-12,6000.0
2026-04-12,6000.0
2026-04-12,12000.0
2026-04-12,46000.0
2026-04-12,46000.0
2026-04-12,6000.0
2026-04-12,69000.0
2026-04-12,22000.0
2026-04-12,25000.0
2026-04-12,12000.0
2026-04-12,10000.0
2026-04-12,8000.0
2026-04-12,38000.0
2026-04-12,14250.0
2026-04-12,5000.0
2026-04-12,75000.0
2026-04-12,6000.0
2026-04-12,40000.0
2026-04-12,44000.0
2026-04-12,18000.0
2026-04-12,6000.0
2026-04-12,66000.0
2026-04-12,8000.0
2026-04-12,15000.0
2026-04-12,23750.0
2026-04-12,45600.0
2026-04-12,24000.0
2026-04-12,15000.0
2026-04-12,20000.0
2026-04-12,25000.0
2026-04-12,24000.0
2026-04-12,102600.0
2026-04-12,96000.0
2026-04-12,24000.0
2026-04-12,22800.0
2026-04-12,44000.0
2026-04-12,50000.0
2026-04-12,15000.0
2026-04-12,36000.0
2026-04-12,16000.0
2026-04-12,25000.0
2026-04-12,24000.0
2026-04-12,12000.0
2026-04-12,24000.0
2026-04-12,44000.0
2026-04-12,8000.0
2026-04-12,69000.0
2026-04-12,24000.0
2026-04-12,6000.0
2026-04-12,22000.0
2026-04-12,24000.0
2026-04-12,14250.0
2026-04-12,15000.0
2026-04-12,108000.0
2026-04-12,12000.0
2026-04-12,12000.0
2026-04-12,54000.0
2026-04-12,18000.0
2026-04-12,24000.0
2026-04-12,30000.0
2026-04-12,23000.0
2026-04-12,24000.0
2026-04-12,12000.0
2026-04-12,22000.0
2026-04-12,15000.0
2026-04-12,24000.0
2026-04-12,40000.0
2026-04-12,27000.0
2026-04-12,23000.0
2026-04-12,23000.0
2026-04-12,10000.0
2026-04-12,54000.0
2026-04-12,10000.0
2026-04-12,10000.0
2026-04-12,8000.0
2026-04-12,12000.0
2026-04-12,27000.0
2026-04-12,8000.0
2026-04-12,23750.0
2026-04-12,8000.0
2026-04-12,14250.0
2026-04-12,9500.0
2026-04-12,5000.0
2026-04-12,27000.0
2026-04-12,12000.0
2026-04-12,100000.0
2026-04-12,15000.0
2026-04-12,12000.0
2026-04-12,50000.0
2026-04-12,15000.0
2026-04-12,24000.0
2026-04-12,60000.0
2026-04-12,12000.0
2026-04-12,15000.0
2026-04-12,6000.0
2026-04-12,23000.0
2026-04-12,22000.0
2026-04-12,15000.0
2026-04-12,24000.0
2026-04-12,27000.0
2026-04-12,12000.0
2026-04-12,14250.0
2026-04-12,9500.0
2026-04-12,20000.0
2026-04-12,4750.0
2026-04-12,6000.0
2026-04-12,25000.0
2026-04-12,10000.0
2026-04-12,9500.0
2026-04-12,24000.0
2026-04-12,8000.0
2026-04-12,92000.0
2026-04-12,24000.0
2026-04-12,22000.0
2026-04-12,48000.0
2026-04-12,25000.0
2026-04-12,10000.0
2026-04-12,15000.0
2026-04-12,24000.0
2026-04-12,20000.0
2026-04-12,10000.0
2026-04-12,24000.0
2026-04-12,20000.0
2026-04-12,10000.0
2026-04-12,25000.0
2026-04-12,22000.0
2026-04-12,12000.0
2026-04-12,12000.0
2026-04-12,8000.0
2026-04-12,20000.0
2026-04-12,45000.0
2026-04-12,66000.0
2026-04-12,24000.0
2026-04-12,54000.0
2026-04-12,22000.0
2026-04-12,25650.0
2026-04-12,75000.0
2026-04-12,30000.0
2026-04-12,15000.0
2026-04-12,44000.0
2026-04-12,24000.0
2026-04-12,20000.0
2026-04-12,15000.0
2026-04-12,22000.0
2026-04-12,27000.0
2026-04-12,81000.0
2026-04-12,15000.0
2026-04-12,6000.0
2026-04-12,24000.0
2026-04-12,44000.0
2026-04-12,23000.0
2026-04-12,16000.0
2026-04-12,15000.0
2026-04-12,30000.0
2026-04-12,24000.0
2026-04-12,10000.0
2026-04-12,9500.0
2026-04-12,12000.0
2026-04-12,69000.0
2026-04-12,25000.0
2026-04-12,36000.0
2026-04-12,6000.0
2026-04-12,44000.0
2026-04-12,6000.0
2026-04-12,8000.0
2026-04-12,24000.0
2026-04-12,24000.0
2026-04-12,5000.0
2026-04-12,66000.0
2026-04-12,46000.0
2026-04-12,8000.0
2026-04-12,12000.0
2026-04-12,92000.0
2026-04-12,12000.0
2026-04-12,22000.0
2026-04-12,16000.0
2026-04-12,22800.0
2026-04-12,92000.0
2026-04-12,22000.0
2026-04-12,44000.0
2026-04-12,8000.0
2026-04-12,12000.0
2026-04-12,24000.0
2026-04-12,22800.0
2026-04-12,24000.0
2026-04-12,22000.0
2026-04-12,5000.0
2026-04-12,18000.0
2026-04-12,22000.0
2026-04-12,23000.0
2026-04-12,6000.0
2026-04-12,20000.0
2026-04-12,16000.0
2026-04-12,60000.0
2026-04-12,72000.0
2026-04-12,22000.0
2026-04-12,5000.0
2026-04-12,75000.0
2026-04-12,96000.0
2026-04-12,12000.0
2026-04-12,54000.0
2026-04-12,30000.0
2026-04-12,22000.0
2026-04-12,5000.0
2026-04-12,6000.0
2026-04-12,60000.0
2026-04-12,15000.0
2026-04-12,6000.0
2026-04-12,66000.0
2026-04-12,32000.0
2026-04-12,25000.0
2026-04-12,8000.0
2026-04-12,44000.0
2026-04-12,23000.0
2026-04-12,5000.0
2026-04-12,23000.0
2026-04-12,34200.0
2026-04-12,6000.0
2026-04-12,17100.0
2026-04-12,25000.0
2026-04-12,16000.0
2026-04-12,54000.0
2026-04-12,6000.0
2026-04-12,6000.0
2026-04-12,5000.0
2026-04-12,75000.0
2026-04-12,8000.0
2026-04-12,19000.0
2026-04-12,30000.0
2026-04-12,10000.0
2026-04-12,6000.0
2026-04-12,30000.0
2026-04-12,24000.0
2026-04-12,8000.0
2026-04-12,75000.0
2026-04-12,15000.0
2026-04-12,20000.0
2026-04-12,50000.0
2026-04-12,12000.0
2026-04-12,6000.0
2026-04-12,20000.0
2026-04-12,7600.0
2026-04-12,15000.0
2026-04-12,48000.0
2026-04-12,12000.0
2026-04-12,48000.0
2026-04-12,25000.0
2026-04-12,27000.0
2026-04-12,20000.0
2026-04-12,54000.0
2026-04-12,24000.0
2026-04-13,8000.0
2026-04-13,6000.0
2026-04-13,10000.0
2026-04-13,81000.0
2026-04-13,5000.0
2026-04-13,23750.0
2026-04-13,6000.0
2026-04-13,24000.0
2026-04-13,54000.0
2026-04-13,15000.0
2026-04-13,8000.0
2026-04-13,15000.0
2026-04-13,20000.0
2026-04-13,14250.0
2026-04-13,6000.0
2026-04-13,7600.0
2026-04-13,81000.0
2026-04-13,8000.0
2026-04-13,6000.0
2026-04-13,22000.0
2026-04-13,15000.0
2026-04-13,16000.0
2026-04-13,16000.0
2026-04-13,102600.0
2026-04-13,24000.0
2026-04-13,72000.0
2026-04-13,18000.0
2026-04-13,25000.0
2026-04-13,12000.0
2026-04-13,25650.0
2026-04-13,6000.0
2026-04-13,27000.0
2026-04-13,57000.0
2026-04-13,10000.0
2026-04-13,12000.0
2026-04-13,5000.0
2026-04-13,75000.0
2026-04-13,27000.0
2026-04-13,20000.0
2026-04-13,44000.0
2026-04-13,25000.0
2026-04-13,5000.0
2026-04-13,6000.0
2026-04-13,45600.0
2026-04-13,27000.0
2026-04-13,22000.0
2026-04-13,10000.0
2026-04-13,22000.0
2026-04-13,16000.0
2026-04-13,10000.0
2026-04-13,16000.0
2026-04-13,25000.0
2026-04-13,18000.0
2026-04-13,50000.0
2026-04-13,10000.0
2026-04-13,10000.0
2026-04-13,30000.0
2026-04-13,10000.0
2026-04-13,36000.0
2026-04-13,12000.0
2026-04-13,12000.0
2026-04-13,47500.0
2026-04-13,23000.0
2026-04-13,66000.0
2026-04-13,8000.0
2026-04-13,20000.0
2026-04-13,22000.0
2026-04-13,5000.0
2026-04-13,14250.0
2026-04-13,15000.0
2026-04-13,6000.0
2026-04-13,36000.0
2026-04-13,20000.0
2026-04-13,28500.0
2026-04-13,24000.0
2026-04-13,25000.0
2026-04-13,40000.0
2026-04-13,6000.0
2026-04-13,5000.0
2026-04-13,47500.0
2026-04-13,6000.0
2026-04-13,27000.0
2026-04-13,20000.0
2026-04-13,24000.0
2026-04-13,36000.0
2026-04-13,12000.0
2026-04-13,44000.0
2026-04-13,20000.0
2026-04-13,20000.0
2026-04-13,10000.0
2026-04-13,54000.0
2026-04-13,11400.0
2026-04-13,81000.0
2026-04-13,60000.0
2026-04-13,20000.0
2026-04-13,40000.0
2026-04-13,75000.0
2026-04-13,25000.0
2026-04-13,23000.0
2026-04-13,20000.0
2026-04-13,40000.0
2026-04-13,30000.0
2026-04-13,65550.0
2026-04-13,81000.0
2026-04-13,22800.0
2026-04-13,5000.0
2026-04-13,19000.0
2026-04-13,11400.0
2026-04-13,27000.0
2026-04-13,38000.0
2026-04-13,15000.0
2026-04-13,15000.0
2026-04-13,60000.0
2026-04-13,72000.0
2026-04-13,24000.0
2026-04-13,24000.0
2026-04-13,30000.0
2026-04-13,24000.0
2026-04-13,12000.0
2026-04-13,24000.0
2026-04-13,24000.0
2026-04-13,15000.0
2026-04-13,46000.0
2026-04-13,24000.0
2026-04-13,20000.0
2026-04-13,108000.0
2026-04-13,30000.0
2026-04-13,6000.0
2026-04-13,20000.0
2026-04-13,25000.0
2026-04-13,10000.0
2026-04-13,32000.0
2026-04-13,8000.0
2026-04-13,24000.0
2026-04-13,45000.0
2026-04-13,24000.0
2026-04-13,15000.0
2026-04-13,22000.0
2026-04-13,10000.0
2026-04-13,38000.0
2026-04-13,30000.0
2026-04-13,30000.0
2026-04-13,8000.0
2026-04-13,6000.0
2026-04-13,44000.0
2026-04-13,5000.0
2026-04-13,54000.0
2026-04-13,50000.0
2026-04-13,51300.0
2026-04-13,24000.0
2026-04-13,27000.0
2026-04-13,5700.0
2026-04-13,46000.0
2026-04-13,5000.0
2026-04-13,7600.0
2026-04-13,5000.0
2026-04-13,10000.0
2026-04-13,20000.0
2026-04-13,6000.0
2026-04-13,27000.0
2026-04-13,24000.0
2026-04-13,23000.0
2026-04-13,15000.0
2026-04-13,81000.0
2026-04-13,23000.0
2026-04-13,12000.0
2026-04-13,22000.0
2026-04-13,22800.0
2026-04-13,12000.0
2026-04-13,20000.0
2026-04-13,12000.0
2026-04-13,60000.0
2026-04-13,6000.0
2026-04-13,9500.0
2026-04-13,22000.0
2026-04-13,30000.0
2026-04-13,27000.0
2026-04-13,12000.0
2026-04-13,12000.0
2026-04-13,20000.0
2026-04-13,18000.0
2026-04-13,25650.0
2026-04-13,9500.0
2026-04-13,23000.0
2026-04-13,80000.0
2026-04-13,46000.0
2026-04-13,50000.0
2026-04-13,10000.0
2026-04-13,60000.0
2026-04-13,48000.0
2026-04-13,24000.0
2026-04-13,15000.0
2026-04-13,23000.0
2026-04-13,8000.0
2026-04-13,71250.0
2026-04-13,12000.0
2026-04-13,24000.0
2026-04-13,16000.0
2026-04-13,12000.0
2026-04-13,40000.0
2026-04-13,20000.0
2026-04-13,5000.0
2026-04-13,15000.0
2026-04-13,43700.0
2026-04-13,5000.0
2026-04-13,25000.0
2026-04-13,27000.0
2026-04-13,12000.0
2026-04-13,6000.0
2026-04-13,14250.0
2026-04-13,44000.0
2026-04-13,48000.0
2026-04-14,20000.0
2026-04-14,5000.0
2026-04-14,30000.0
2026-04-14,15000.0
2026-04-14,16000.0
2026-04-14,24000.0
2026-04-14,22000.0
2026-04-14,24000.0
2026-04-14,22000.0
2026-04-14,22000.0
2026-04-14,6000.0
2026-04-14,8000.0
2026-04-14,22000.0
2026-04-14,25000.0
2026-04-14,10000.0
2026-04-14,25000.0
2026-04-14,10000.0
2026-04-14,12000.0
2026-04-14,25000.0
2026-04-14,10000.0
2026-04-14,100000.0
2026-04-14,5000.0
2026-04-14,12000.0
2026-04-14,16000.0
2026-04-14,22000.0
2026-04-14,88000.0
2026-04-14,23000.0
2026-04-14,15000.0
2026-04-14,8000.0
2026-04-14,80000.0
2026-04-14,10000.0
2026-04-14,23000.0
2026-04-14,15000.0
2026-04-14,15000.0
2026-04-14,20000.0
2026-04-14,25000.0
2026-04-14,11400.0
2026-04-14,18000.0
2026-04-14,10000.0
2026-04-14,8000.0
2026-04-14,6000.0
2026-04-14,23000.0
2026-04-14,20000.0
2026-04-14,18000.0
2026-04-14,8000.0
2026-04-14,5000.0
2026-04-14,9500.0
2026-04-14,24000.0
2026-04-14,8000.0
2026-04-14,23000.0
2026-04-14,25000.0
2026-04-14,27000.0
2026-04-14,45000.0
2026-04-14,24000.0
2026-04-14,8000.0
2026-04-14,24000.0
2026-04-14,69000.0
2026-04-14,54000.0
2026-04-14,24000.0
2026-04-14,92000.0
2026-04-14,40000.0
2026-04-14,50000.0
2026-04-14,24000.0
2026-04-14,20000.0
2026-04-14,48000.0
2026-04-14,27000.0
2026-04-14,10000.0
2026-04-14,30000.0
2026-04-14,24000.0
2026-04-14,5700.0
2026-04-14,81000.0
2026-04-14,24000.0
2026-04-14,20000.0
2026-04-14,4750.0
2026-04-14,10000.0
2026-04-14,22800.0
2026-04-14,8000.0
2026-04-14,15000.0
2026-04-14,5000.0
2026-04-14,10000.0
2026-04-14,25000.0
2026-04-14,22000.0
2026-04-14,24000.0
2026-04-14,25000.0
2026-04-14,20000.0
2026-04-14,24000.0
2026-04-14,48000.0
2026-04-14,10000.0
2026-04-14,12000.0
2026-04-14,25000.0
2026-04-14,15000.0
2026-04-14,12000.0
2026-04-14,54000.0
2026-04-14,15000.0
2026-04-14,22800.0
2026-04-14,24000.0
2026-04-14,6000.0
2026-04-14,27000.0
2026-04-14,23000.0
2026-04-14,50000.0
2026-04-14,20000.0
2026-04-14,9500.0
2026-04-14,54000.0
2026-04-14,12000.0
2026-04-14,20000.0
2026-04-14,6000.0
2026-04-14,40000.0
2026-04-14,30000.0
2026-04-14,9500.0
2026-04-14,54000.0
2026-04-14,15000.0
2026-04-14,48000.0
2026-04-14,23000.0
2026-04-14,28500.0
2026-04-14,24000.0
2026-04-14,22000.0
2026-04-14,11400.0
2026-04-14,24000.0
2026-04-14,6000.0
2026-04-14,15000.0
2026-04-14,72000.0
2026-04-14,30000.0
2026-04-14,40000.0
2026-04-14,92000.0
2026-04-14,12000.0
2026-04-14,6000.0
2026-04-14,12000.0
2026-04-14,22000.0
2026-04-14,48000.0
2026-04-14,22000.0
2026-04-14,24000.0
2026-04-14,20000.0
2026-04-14,10000.0
2026-04-14,18000.0
2026-04-14,25000.0
2026-04-14,40000.0
2026-04-14,50000.0
2026-04-14,44000.0
2026-04-14,6000.0
2026-04-14,45000.0
2026-04-14,24000.0
2026-04-14,12000.0
2026-04-14,45000.0
2026-04-14,12000.0
2026-04-14,25000.0
2026-04-14,8000.0
2026-04-14,44000.0
2026-04-14,5700.0
2026-04-14,36000.0
2026-04-14,50000.0
2026-04-14,69000.0
2026-04-14,60000.0
2026-04-14,16000.0
2026-04-14,24000.0
2026-04-14,54000.0
2026-04-14,12000.0
2026-04-14,40000.0
2026-04-14,5000.0
2026-04-14,16000.0
2026-04-14,40000.0
2026-04-14,6000.0
2026-04-14,25650.0
2026-04-14,10000.0
2026-04-14,20000.0
2026-04-14,46000.0
2026-04-14,44000.0
2026-04-14,12000.0
2026-04-14,24000.0
2026-04-14,15000.0
2026-04-14,48000.0
2026-04-14,25000.0
2026-04-14,23000.0
2026-04-14,60000.0
2026-04-14,44000.0
2026-04-14,22000.0
2026-04-14,22800.0
2026-04-14,6000.0
2026-04-14,6000.0
2026-04-14,15000.0
2026-04-14,12000.0
2026-04-14,12000.0
2026-04-14,10000.0
2026-04-14,25000.0
2026-04-14,44000.0
2026-04-14,23000.0
2026-04-14,16000.0
2026-04-14,75000.0
2026-04-14,76950.0
2026-04-14,25000.0
2026-04-14,72000.0
2026-04-14,24000.0
2026-04-14,17100.0
2026-04-14,11400.0
2026-04-14,16000.0
2026-04-14,40000.0
2026-04-14,23750.0
2026-04-14,15000.0
2026-04-14,69000.0
2026-04-14,60000.0
2026-04-14,6000.0
2026-04-14,7600.0
2026-04-14,9500.0
2026-04-14,81000.0
2026-04-15,5000.0
2026-04-15,54000.0
2026-04-15,15000.0
2026-04-15,48000.0
2026-04-15,9500.0
2026-04-15,5000.0
2026-04-15,24000.0
2026-04-15,30000.0
2026-04-15,5000.0
2026-04-15,22000.0
2026-04-15,24000.0
2026-04-15,24000.0
2026-04-15,15000.0
2026-04-15,27000.0
2026-04-15,16000.0
2026-04-15,6000.0
2026-04-15,25000.0
2026-04-15,12000.0
2026-04-15,22800.0
2026-04-15,24000.0
2026-04-15,60000.0
2026-04-15,22000.0
2026-04-15,75000.0
2026-04-15,6000.0
2026-04-15,25000.0
2026-04-15,18000.0
2026-04-15,12000.0
2026-04-15,48000.0
2026-04-15,25000.0
2026-04-15,75000.0
2026-04-15,54000.0
2026-04-15,24000.0
2026-04-15,48000.0
2026-04-15,22000.0
2026-04-15,75000.0
2026-04-15,24000.0
2026-04-15,12000.0
2026-04-15,10000.0
2026-04-15,16000.0
2026-04-15,15000.0
2026-04-15,6000.0
2026-04-15,25650.0
2026-04-15,10000.0
2026-04-15,30000.0
2026-04-15,22000.0
2026-04-15,27000.0
2026-04-15,5700.0
2026-04-15,10000.0
2026-04-15,14250.0
2026-04-15,46000.0
2026-04-15,24000.0
2026-04-15,22000.0
2026-04-15,48000.0
2026-04-15,22000.0
2026-04-15,27000.0
2026-04-15,10000.0
2026-04-15,20000.0
2026-04-15,23000.0
2026-04-15,24000.0
2026-04-15,18000.0
2026-04-15,25000.0
2026-04-15,22000.0
2026-04-15,11400.0
2026-04-15,12000.0
2026-04-15,24000.0
2026-04-15,24000.0
2026-04-15,48000.0
2026-04-15,54000.0
2026-04-15,80000.0
2026-04-15,46000.0
2026-04-15,6000.0
2026-04-15,23000.0
2026-04-15,25000.0
2026-04-15,20000.0
2026-04-15,40000.0
2026-04-15,32000.0
2026-04-15,18000.0
2026-04-15,5000.0
2026-04-15,16000.0
2026-04-15,12000.0
2026-04-15,45000.0
2026-04-15,23000.0
2026-04-15,6000.0
2026-04-15,20000.0
2026-04-15,14250.0
2026-04-15,36000.0
2026-04-15,6000.0
2026-04-15,20000.0
2026-04-15,22000.0
2026-04-15,21850.0
2026-04-15,10000.0
2026-04-15,25000.0
2026-04-15,8000.0
2026-04-15,6000.0
2026-04-15,6000.0
2026-04-15,22000.0
2026-04-15,27000.0
2026-04-15,100000.0
2026-04-15,60000.0
2026-04-15,16000.0
2026-04-15,15200.0
2026-04-15,20000.0
2026-04-15,6000.0
2026-04-15,20900.0
2026-04-15,60000.0
2026-04-15,92000.0
2026-04-15,45600.0
2026-04-15,5000.0
2026-04-15,22000.0
2026-04-15,46000.0
2026-04-15,24000.0
2026-04-15,46000.0
2026-04-15,8000.0
2026-04-15,6000.0
2026-04-15,6000.0
2026-04-15,75000.0
2026-04-15,8000.0
2026-04-15,15000.0
2026-04-15,10000.0
2026-04-15,6000.0
2026-04-15,48000.0
2026-04-15,12000.0
2026-04-15,80000.0
2026-04-15,23000.0
2026-04-15,50000.0
2026-04-15,10000.0
2026-04-15,12000.0
2026-04-15,23000.0
2026-04-15,66000.0
2026-04-15,12000.0
2026-04-15,19000.0
2026-04-15,15000.0
2026-04-15,11400.0
2026-04-15,25000.0
2026-04-15,27000.0
2026-04-15,24000.0
2026-04-15,23000.0
2026-04-15,15000.0
2026-04-15,10000.0
2026-04-15,12000.0
2026-04-15,12000.0
2026-04-15,15000.0
2026-04-15,22000.0
2026-04-15,14250.0
2026-04-15,24000.0
2026-04-15,24000.0
2026-04-15,24000.0
2026-04-15,12000.0
2026-04-15,10000.0
2026-04-15,15000.0
2026-04-15,45000.0
2026-04-15,44000.0
2026-04-15,15000.0
2026-04-15,25000.0
2026-04-15,48000.0
2026-04-15,12000.0
2026-04-15,32000.0
2026-04-15,75000.0
2026-04-15,14250.0
2026-04-15,48000.0
2026-04-15,36000.0
2026-04-15,38000.0
2026-04-15,5000.0
2026-04-15,21850.0
2026-04-15,24000.0
2026-04-15,8000.0
2026-04-15,40000.0
2026-04-15,5000.0
2026-04-15,36000.0
2026-04-15,20000.0
2026-04-15,22000.0
2026-04-15,22000.0
2026-04-15,27000.0
2026-04-15,7600.0
2026-04-15,5000.0
2026-04-15,24000.0
2026-04-15,15000.0
2026-04-15,48000.0
2026-04-15,8000.0
2026-04-15,19000.0
2026-04-15,5000.0
2026-04-15,8000.0
2026-04-15,40000.0
2026-04-15,28500.0
2026-04-15,6000.0
2026-04-15,22000.0
2026-04-16,6000.0
2026-04-16,12000.0
2026-04-16,24000.0
2026-04-16,48000.0
2026-04-16,20000.0
2026-04-16,25000.0
2026-04-16,18000.0
2026-04-16,12000.0
2026-04-16,27000.0
2026-04-16,12000.0
2026-04-16,46000.0
2026-04-16,25000.0
2026-04-16,5000.0
2026-04-16,48000.0
2026-04-16,44000.0
2026-04-16,16000.0
2026-04-16,40000.0
2026-04-16,15000.0
2026-04-16,20000.0
2026-04-16,30000.0
2026-04-16,24000.0
2026-04-16,11400.0
2026-04-16,38000.0
2026-04-16,25000.0
2026-04-16,20000.0
2026-04-16,8000.0
2026-04-16,25000.0
2026-04-16,12000.0
2026-04-16,23750.0
2026-04-16,46000.0
2026-04-16,22000.0
2026-04-16,19000.0
2026-04-16,19000.0
2026-04-16,24000.0
2026-04-16,5000.0
2026-04-16,46000.0
2026-04-16,24000.0
2026-04-16,6000.0
2026-04-16,24000.0
2026-04-16,15000.0
2026-04-16,30000.0
2026-04-16,6000.0
2026-04-16,20000.0
2026-04-16,20000.0
2026-04-16,6000.0
2026-04-16,22000.0
2026-04-16,20000.0
2026-04-16,6000.0
2026-04-16,6000.0
2026-04-16,8000.0
2026-04-16,20000.0
2026-04-16,81000.0
2026-04-16,44000.0
2026-04-16,22000.0
2026-04-16,27000.0
2026-04-16,10000.0
2026-04-16,15000.0
2026-04-16,5700.0
2026-04-16,44000.0
2026-04-16,60000.0
2026-04-16,46000.0
2026-04-16,20000.0
2026-04-16,8000.0
2026-04-16,25000.0
2026-04-16,23000.0
2026-04-16,8000.0
2026-04-16,60000.0
2026-04-16,6000.0
2026-04-16,23000.0
2026-04-16,20000.0
2026-04-16,54000.0
2026-04-16,12000.0
2026-04-16,17100.0
2026-04-16,20000.0
2026-04-16,20000.0
2026-04-16,24000.0
2026-04-16,45000.0
2026-04-16,15000.0
2026-04-16,72000.0
2026-04-16,15200.0
2026-04-16,30000.0
2026-04-16,8000.0
2026-04-16,24000.0
2026-04-16,25650.0
2026-04-16,12000.0
2026-04-16,8000.0
2026-04-16,23000.0
2026-04-16,54000.0
2026-04-16,12000.0
2026-04-16,27000.0
2026-04-16,23000.0
2026-04-16,24000.0
2026-04-16,24000.0
2026-04-16,20000.0
2026-04-16,42750.0
2026-04-16,6000.0
2026-04-16,12000.0
2026-04-16,15000.0
2026-04-16,6000.0
2026-04-16,8000.0
2026-04-16,36000.0
2026-04-16,23000.0
2026-04-16,6000.0
2026-04-16,6000.0
2026-04-16,12000.0
2026-04-16,69000.0
2026-04-16,15000.0
2026-04-16,8000.0
2026-04-16,25000.0
2026-04-16,108000.0
2026-04-16,22000.0
2026-04-16,20000.0
2026-04-16,18000.0
2026-04-16,22000.0
2026-04-16,22000.0
2026-04-16,22800.0
2026-04-16,8000.0
2026-04-16,24000.0
2026-04-16,23000.0
2026-04-16,12000.0
2026-04-16,5000.0
2026-04-16,22800.0
2026-04-16,44000.0
2026-04-16,8000.0
2026-04-16,19000.0
2026-04-16,48000.0
2026-04-16,25000.0
2026-04-16,12000.0
2026-04-16,30000.0
2026-04-16,6000.0
2026-04-16,80000.0
2026-04-16,45000.0
2026-04-16,16000.0
2026-04-16,24000.0
2026-04-16,6000.0
2026-04-16,15000.0
2026-04-16,23000.0
2026-04-16,16000.0
2026-04-16,6000.0
2026-04-16,7600.0
2026-04-16,6000.0
2026-04-16,10000.0
2026-04-16,36000.0
2026-04-16,96000.0
2026-04-16,8000.0
2026-04-16,25000.0
2026-04-16,17100.0
2026-04-16,54000.0
2026-04-16,12000.0
2026-04-16,25000.0
2026-04-16,44000.0
2026-04-16,20000.0
2026-04-16,44000.0
2026-04-16,22000.0
2026-04-16,6000.0
2026-04-16,8000.0
2026-04-16,48000.0
2026-04-16,54000.0
2026-04-16,10000.0
2026-04-16,22800.0
2026-04-16,10000.0
2026-04-16,25000.0
2026-04-16,8000.0
2026-04-16,5000.0
2026-04-16,24000.0
2026-04-16,8000.0
2026-04-16,20000.0
2026-04-16,42750.0
2026-04-16,27000.0
2026-04-16,15000.0
2026-04-16,18000.0
2026-04-16,9500.0
2026-04-16,8000.0
2026-04-16,5000.0
2026-04-16,15000.0
2026-04-16,12000.0
2026-04-16,5000.0
2026-04-16,50000.0
2026-04-16,20000.0
2026-04-16,15200.0
2026-04-16,27000.0
2026-04-16,22000.0
2026-04-16,6000.0
2026-04-16,25000.0
2026-04-16,24000.0
2026-04-16,66000.0
2026-04-16,10000.0
2026-04-16,6000.0
2026-04-16,5000.0
2026-04-16,20000.0
2026-04-16,20000.0
2026-04-16,46000.0
2026-04-16,25000.0
2026-04-16,9500.0
2026-04-16,25650.0
2026-04-16,48000.0
2026-04-16,6000.0
2026-04-16,11400.0
2026-04-16,45000.0
2026-04-16,24000.0
2026-04-16,18000.0
2026-04-16,16000.0
2026-04-16,10000.0
2026-04-16,41800.0
2026-04-16,24000.0
2026-04-16,12000.0
2026-04-16,27000.0
2026-04-16,6000.0
2026-04-16,5000.0
2026-04-16,50000.0
2026-04-16,24000.0
2026-04-16,20000.0
2026-04-16,10000.0
2026-04-16,7600.0
2026-04-16,25650.0
2026-04-16,25000.0
2026-04-16,12000.0
2026-04-16,25000.0
2026-04-16,27000.0
2026-04-16,6000.0
2026-04-16,48000.0
2026-04-16,15000.0
2026-04-16,10000.0
2026-04-16,50000.0
2026-04-16,20000.0
2026-04-16,12000.0
2026-04-16,23750.0
2026-04-16,22000.0
2026-04-16,12000.0
2026-04-16,8000.0
2026-04-16,12000.0
2026-04-17,25000.0
2026-04-17,25000.0
2026-04-17,14250.0
2026-04-17,46000.0
2026-04-17,12000.0
2026-04-17,15000.0
2026-04-17,45000.0
2026-04-17,75000.0
2026-04-17,5000.0
2026-04-17,20000.0
2026-04-17,8000.0
2026-04-17,50000.0
2026-04-17,69000.0
2026-04-17,80000.0
2026-04-17,44000.0
2026-04-17,40000.0
2026-04-17,5000.0
2026-04-17,20000.0
2026-04-17,15000.0
2026-04-17,54000.0
2026-04-17,24000.0
2026-04-17,72000.0
2026-04-17,20000.0
2026-04-17,8000.0
2026-04-17,9500.0
2026-04-17,24000.0
2026-04-17,16000.0
2026-04-17,71250.0
2026-04-17,25000.0
2026-04-17,8000.0
2026-04-17,10000.0
2026-04-17,22000.0
2026-04-17,30000.0
2026-04-17,30000.0
2026-04-17,9500.0
2026-04-17,30000.0
2026-04-17,8000.0
2026-04-17,27000.0
2026-04-17,12000.0
2026-04-17,20000.0
2026-04-17,60000.0
2026-04-17,6000.0
2026-04-17,20000.0
2026-04-17,11400.0
2026-04-17,46000.0
2026-04-17,50000.0
2026-04-17,27000.0
2026-04-17,54000.0
2026-04-17,8000.0
2026-04-17,40000.0
2026-04-17,44000.0
2026-04-17,66000.0
2026-04-17,12000.0
2026-04-17,27000.0
2026-04-17,16000.0
2026-04-17,40000.0
2026-04-17,27000.0
2026-04-17,25000.0
2026-04-17,15000.0
2026-04-17,40000.0
2026-04-17,23000.0
2026-04-17,6000.0
2026-04-17,44000.0
2026-04-17,24000.0
2026-04-17,10000.0
2026-04-17,92000.0
2026-04-17,30000.0
2026-04-17,9500.0
2026-04-17,18000.0
2026-04-17,21850.0
2026-04-17,5000.0
2026-04-17,15000.0
2026-04-17,27000.0
2026-04-17,12000.0
2026-04-17,108000.0
2026-04-17,8000.0
2026-04-17,16000.0
2026-04-17,24000.0
2026-04-17,38000.0
2026-04-17,75000.0
2026-04-17,30000.0
2026-04-17,92000.0
2026-04-17,20000.0
2026-04-17,25000.0
2026-04-17,16000.0
2026-04-17,15000.0
2026-04-17,25000.0
2026-04-17,6000.0
2026-04-17,30000.0
2026-04-17,22000.0
2026-04-17,48000.0
2026-04-17,24000.0
2026-04-17,12000.0
2026-04-17,72000.0
2026-04-17,46000.0
2026-04-17,10000.0
2026-04-17,5000.0
2026-04-17,12000.0
2026-04-17,25000.0
2026-04-17,75000.0
2026-04-17,11400.0
2026-04-17,69000.0
2026-04-17,30000.0
2026-04-17,22000.0
2026-04-17,50000.0
2026-04-17,15000.0
2026-04-17,23000.0
2026-04-17,22000.0
2026-04-17,10000.0
2026-04-17,20000.0
2026-04-17,27000.0
2026-04-17,6000.0
2026-04-17,20000.0
2026-04-17,6000.0
2026-04-17,47500.0
2026-04-17,22000.0
2026-04-17,12000.0
2026-04-17,69000.0
2026-04-17,23000.0
2026-04-17,20900.0
2026-04-17,15000.0
2026-04-17,96000.0
2026-04-17,44000.0
2026-04-17,16000.0
2026-04-17,21850.0
2026-04-17,5000.0
2026-04-17,6000.0
2026-04-17,46000.0
2026-04-17,25000.0
2026-04-17,15000.0
2026-04-17,40000.0
2026-04-17,40000.0
2026-04-17,25000.0
2026-04-17,47500.0
2026-04-17,25000.0
2026-04-17,75000.0
2026-04-17,24000.0
2026-04-17,16000.0
2026-04-17,50000.0
2026-04-17,23000.0
2026-04-17,25000.0
2026-04-17,23000.0
2026-04-17,8000.0
2026-04-17,12000.0
2026-04-17,20000.0
2026-04-17,25650.0
2026-04-17,8000.0
2026-04-17,24000.0
2026-04-17,6000.0
2026-04-17,24000.0
2026-04-17,32000.0
2026-04-17,6000.0
2026-04-17,45600.0
2026-04-17,8000.0
2026-04-17,45000.0
2026-04-17,15000.0
2026-04-17,10000.0
2026-04-17,96000.0
2026-04-17,23000.0
2026-04-17,10000.0
2026-04-17,8000.0
2026-04-17,44000.0
2026-04-17,15000.0
2026-04-17,54000.0
2026-04-17,24000.0
2026-04-17,12000.0
2026-04-17,30000.0
2026-04-17,23000.0
2026-04-17,10000.0
2026-04-17,12000.0
2026-04-17,5000.0
2026-04-17,54000.0
2026-04-17,20000.0
2026-04-17,24000.0
2026-04-17,50000.0
2026-04-17,72000.0
2026-04-17,10000.0
2026-04-17,5000.0
2026-04-17,10000.0
2026-04-17,12000.0
2026-04-17,15000.0
2026-04-17,50000.0
2026-04-17,5000.0
2026-04-17,12000.0
2026-04-17,12000.0
2026-04-17,66000.0
2026-04-17,72000.0
2026-04-17,9500.0
2026-04-17,12000.0
2026-04-17,22000.0
2026-04-17,24000.0
2026-04-17,12000.0
2026-04-17,22000.0
2026-04-17,75000.0
2026-04-17,10000.0
2026-04-17,20000.0
2026-04-17,5000.0
2026-04-17,15000.0
2026-04-17,8000.0
2026-04-17,6000.0
2026-04-17,10000.0
2026-04-17,4750.0
2026-04-17,80000.0
2026-04-17,23000.0
2026-04-17,20000.0
2026-04-17,5000.0
2026-04-17,60000.0
2026-04-17,5000.0
2026-04-17,5000.0
2026-04-17,6000.0
2026-04-17,15000.0
2026-04-17,10000.0
2026-04-17,24000.0
2026-04-17,5000.0
2026-04-17,80000.0
2026-04-17,15000.0
2026-04-17,25000.0
2026-04-17,20000.0
2026-04-17,8000.0
2026-04-17,5000.0
2026-04-17,22000.0
2026-04-17,25650.0
2026-04-17,20000.0
2026-04-17,23750.0
2026-04-17,5000.0
2026-04-17,22000.0
2026-04-17,24000.0
2026-04-17,54000.0
2026-04-17,6000.0
2026-04-17,8000.0
2026-04-17,10000.0
2026-04-17,68400.0
2026-04-17,15000.0
2026-04-17,50000.0
2026-04-17,46000.0
2026-04-17,4750.0
2026-04-17,19000.0
2026-04-17,12000.0
2026-04-17,8000.0
2026-04-17,24000.0
2026-04-17,25000.0
2026-04-17,4750.0
2026-04-17,23000.0
2026-04-17,6000.0
2026-04-17,50000.0
2026-04-17,32000.0
2026-04-17,20000.0
2026-04-17,9500.0
2026-04-17,42750.0
2026-04-17,9500.0
2026-04-17,15000.0
2026-04-17,8000.0
2026-04-17,8000.0
2026-04-17,43700.0
2026-04-17,12000.0
2026-04-17,25000.0
2026-04-17,62700.0
2026-04-17,22000.0
2026-04-17,10000.0
2026-04-17,42750.0
2026-04-17,12000.0
2026-04-17,30000.0
2026-04-17,25650.0
2026-04-17,5000.0
2026-04-17,10000.0
2026-04-17,7600.0
2026-04-17,19000.0
2026-04-17,50000.0
2026-04-17,12000.0
2026-04-17,22000.0
2026-04-17,15000.0
2026-04-18,5000.0
2026-04-18,24000.0
2026-04-18,11400.0
2026-04-18,6000.0
2026-04-18,27000.0
2026-04-18,20000.0
2026-04-18,16000.0
2026-04-18,12000.0
2026-04-18,69000.0
2026-04-18,6000.0
2026-04-18,6000.0
2026-04-18,16000.0
2026-04-18,6000.0
2026-04-18,16000.0
2026-04-18,24000.0
2026-04-18,12000.0
2026-04-18,12000.0
2026-04-18,6000.0
2026-04-18,15000.0
2026-04-18,15000.0
2026-04-18,22800.0
2026-04-18,12000.0
2026-04-18,12000.0
2026-04-18,20000.0
2026-04-18,25000.0
2026-04-18,23000.0
2026-04-18,10000.0
2026-04-18,6000.0
2026-04-18,10000.0
2026-04-18,27000.0
2026-04-18,30000.0
2026-04-18,6000.0
2026-04-18,46000.0
2026-04-18,50000.0
2026-04-18,5000.0
2026-04-18,16000.0
2026-04-18,6000.0
2026-04-18,5000.0
2026-04-18,20000.0
2026-04-18,18000.0
2026-04-18,12000.0
2026-04-18,12000.0
2026-04-18,30000.0
2026-04-18,10000.0
2026-04-18,12000.0
2026-04-18,8000.0
2026-04-18,4750.0
2026-04-18,38000.0
2026-04-18,48000.0
2026-04-18,46000.0
2026-04-18,19000.0
2026-04-18,22000.0
2026-04-18,12000.0
2026-04-18,10000.0
2026-04-18,48000.0
2026-04-18,24000.0
2026-04-18,22000.0
2026-04-18,10000.0
2026-04-18,87400.0
2026-04-18,24000.0
2026-04-18,48000.0
2026-04-18,36000.0
2026-04-18,20000.0
2026-04-18,46000.0
2026-04-18,15000.0
2026-04-18,15000.0
2026-04-18,6000.0
2026-04-18,20000.0
2026-04-18,12000.0
2026-04-18,66000.0
2026-04-18,20000.0
2026-04-18,5000.0
2026-04-18,50000.0
2026-04-18,46000.0
2026-04-18,24000.0
2026-04-18,25000.0
2026-04-18,20000.0
2026-04-18,23000.0
2026-04-18,46000.0
2026-04-18,8000.0
2026-04-18,24000.0
2026-04-18,27000.0
2026-04-18,10000.0
2026-04-18,12000.0
2026-04-18,24000.0
2026-04-18,44000.0
2026-04-18,20000.0
2026-04-18,50000.0
2026-04-18,12000.0
2026-04-18,30000.0
2026-04-18,8000.0
2026-04-18,22000.0
2026-04-18,23000.0
2026-04-18,12000.0
2026-04-18,24000.0
2026-04-18,8000.0
2026-04-18,24000.0
2026-04-18,24000.0
2026-04-18,10000.0
2026-04-18,50000.0
2026-04-18,30000.0
2026-04-18,44000.0
2026-04-18,12000.0
2026-04-18,15000.0
2026-04-18,46000.0
2026-04-18,5700.0
2026-04-18,15000.0
2026-04-18,12000.0
2026-04-18,16000.0
2026-04-18,12000.0
2026-04-18,20000.0
2026-04-18,27000.0
2026-04-18,22800.0
2026-04-18,12000.0
2026-04-18,25000.0
2026-04-18,27000.0
2026-04-18,6000.0
2026-04-18,81000.0
2026-04-18,48000.0
2026-04-18,6000.0
2026-04-18,15000.0
2026-04-18,20000.0
2026-04-18,24000.0
2026-04-18,96000.0
2026-04-18,15000.0
2026-04-18,12000.0
2026-04-18,15000.0
2026-04-18,12000.0
2026-04-18,27000.0
2026-04-18,40000.0
2026-04-18,5000.0
2026-04-18,12000.0
2026-04-18,20900.0
2026-04-18,20000.0
2026-04-18,15200.0
2026-04-18,48000.0
2026-04-18,9500.0
2026-04-18,24000.0
2026-04-18,12000.0
2026-04-18,5000.0
2026-04-18,10000.0
2026-04-18,16000.0
2026-04-18,20000.0
2026-04-18,15000.0
2026-04-18,24000.0
2026-04-18,72000.0
2026-04-18,81000.0
2026-04-18,25000.0
2026-04-18,24000.0
2026-04-18,8000.0
2026-04-18,25000.0
2026-04-18,5000.0
2026-04-18,24000.0
2026-04-18,12000.0
2026-04-18,50000.0
2026-04-18,30000.0
2026-04-18,21850.0
2026-04-18,27000.0
2026-04-18,15200.0
2026-04-18,22800.0
2026-04-18,25000.0
2026-04-18,10000.0
2026-04-18,15000.0
2026-04-18,6000.0
2026-04-18,5000.0
2026-04-18,20900.0
2026-04-18,17100.0
2026-04-18,8000.0
2026-04-18,5000.0
2026-04-18,24000.0
2026-04-18,20000.0
2026-04-18,60000.0
2026-04-18,24000.0
2026-04-18,80000.0
2026-04-18,27000.0
2026-04-18,30000.0
2026-04-18,6000.0
2026-04-18,100000.0
2026-04-18,36000.0
2026-04-18,22000.0
2026-04-18,40000.0
2026-04-18,25000.0
2026-04-18,20000.0
2026-04-18,23000.0
2026-04-18,20000.0
2026-04-18,15000.0
2026-04-18,12000.0
2026-04-18,10000.0
2026-04-18,32000.0
2026-04-18,15000.0
2026-04-18,24000.0
2026-04-18,12000.0
2026-04-18,12000.0
2026-04-18,6000.0
2026-04-18,6000.0
2026-04-18,23000.0
2026-04-18,30000.0
2026-04-18,24000.0
2026-04-18,6000.0
2026-04-18,6000.0
2026-04-18,15000.0
2026-04-18,48000.0
2026-04-18,27000.0
2026-04-18,20900.0
2026-04-18,30000.0
2026-04-18,27000.0
2026-04-18,19000.0
2026-04-18,10000.0
2026-04-18,15000.0
2026-04-18,40000.0
2026-04-18,5000.0
2026-04-18,15000.0
2026-04-18,54000.0
2026-04-18,5000.0
2026-04-18,27000.0
2026-04-18,12000.0
2026-04-18,10000.0
2026-04-18,25000.0
2026-04-18,15000.0
2026-04-18,6000.0
2026-04-18,25000.0
2026-04-18,18000.0
2026-04-18,16000.0
2026-04-18,30000.0
2026-04-18,50000.0
2026-04-18,23000.0
2026-04-18,8000.0
2026-04-18,24000.0
2026-04-18,22800.0
2026-04-18,12000.0
2026-04-18,10000.0
2026-04-18,24000.0
2026-04-18,16000.0
2026-04-18,54000.0
2026-04-18,6000.0
2026-04-18,16000.0
2026-04-18,24000.0
2026-04-18,16000.0
2026-04-18,12000.0
2026-04-18,7600.0
2026-04-18,44000.0
2026-04-18,6000.0
2026-04-18,5000.0
2026-04-18,12000.0
2026-04-18,6000.0
2026-04-18,27000.0
2026-04-18,10000.0
2026-04-18,12000.0
2026-04-18,12000.0
2026-04-18,12000.0
2026-04-18,15000.0
2026-04-18,20000.0
2026-04-18,27000.0
2026-04-18,24000.0
2026-04-18,24000.0
2026-04-18,6000.0
2026-04-18,23000.0
2026-04-19,54000.0
2026-04-19,20000.0
2026-04-19,8000.0
2026-04-19,24000.0
2026-04-19,15000.0
2026-04-19,19000.0
2026-04-19,24000.0
2026-04-19,5000.0
2026-04-19,44000.0
2026-04-19,46000.0
2026-04-19,15000.0
2026-04-19,27000.0
2026-04-19,18000.0
2026-04-19,27000.0
2026-04-19,50000.0
2026-04-19,10000.0
2026-04-19,24000.0
2026-04-19,6000.0
2026-04-19,38000.0
2026-04-19,96000.0
2026-04-19,5000.0
2026-04-19,18000.0
2026-04-19,24000.0
2026-04-19,17100.0
2026-04-19,46000.0
2026-04-19,11400.0
2026-04-19,60000.0
2026-04-19,25000.0
2026-04-19,23000.0
2026-04-19,45000.0
2026-04-19,10000.0
2026-04-19,5000.0
2026-04-19,6000.0
2026-04-19,15000.0
2026-04-19,24000.0
2026-04-19,40000.0
2026-04-19,28500.0
2026-04-19,48000.0
2026-04-19,40000.0
2026-04-19,15000.0
2026-04-19,40000.0
2026-04-19,50000.0
2026-04-19,48000.0
2026-04-19,8000.0
2026-04-19,46000.0
2026-04-19,25000.0
2026-04-19,12000.0
2026-04-19,23000.0
2026-04-19,12000.0
2026-04-19,46000.0
2026-04-19,47500.0
2026-04-19,40000.0
2026-04-19,6000.0
2026-04-19,96000.0
2026-04-19,12000.0
2026-04-19,6000.0
2026-04-19,48000.0
2026-04-19,20000.0
2026-04-19,10000.0
2026-04-19,12000.0
2026-04-19,48000.0
2026-04-19,54000.0
2026-04-19,20000.0
2026-04-19,10000.0
2026-04-19,15200.0
2026-04-19,6000.0
2026-04-19,8000.0
2026-04-19,80000.0
2026-04-19,5000.0
2026-04-19,10000.0
2026-04-19,23000.0
2026-04-19,25000.0
2026-04-19,22800.0
2026-04-19,15000.0
2026-04-19,46000.0
2026-04-19,6000.0
2026-04-19,15000.0
2026-04-19,24000.0
2026-04-19,27000.0
2026-04-19,12000.0
2026-04-19,5000.0
2026-04-19,24000.0
2026-04-19,72000.0
2026-04-19,20000.0
2026-04-19,72000.0
2026-04-19,6000.0
2026-04-19,16000.0
2026-04-19,40000.0
2026-04-19,25000.0
2026-04-19,12000.0
2026-04-19,96000.0
2026-04-19,12000.0
2026-04-19,25000.0
2026-04-19,25000.0
2026-04-19,12000.0
2026-04-19,20000.0
2026-04-19,15000.0
2026-04-19,66000.0
2026-04-19,24000.0
2026-04-19,6000.0
2026-04-19,24000.0
2026-04-19,25000.0
2026-04-19,20000.0
2026-04-19,62700.0
2026-04-19,23000.0
2026-04-19,12000.0
2026-04-19,15000.0
2026-04-19,22000.0
2026-04-19,27000.0
2026-04-19,18000.0
2026-04-19,20900.0
2026-04-19,15000.0
2026-04-19,7600.0
2026-04-19,5000.0
2026-04-19,15000.0
2026-04-19,18000.0
2026-04-19,12000.0
2026-04-19,15000.0
2026-04-19,44000.0
2026-04-19,23000.0
2026-04-19,10000.0
2026-04-19,8000.0
2026-04-19,12000.0
2026-04-19,72000.0
2026-04-19,8000.0
2026-04-19,6000.0
2026-04-19,5000.0
2026-04-19,8000.0
2026-04-19,20000.0
2026-04-19,24000.0
2026-04-19,15000.0
2026-04-19,12000.0
2026-04-19,20000.0
2026-04-19,15000.0
2026-04-19,22000.0
2026-04-19,14250.0
2026-04-19,24000.0
2026-04-19,12000.0
2026-04-19,46000.0
2026-04-19,50000.0
2026-04-19,72000.0
2026-04-19,16000.0
2026-04-19,22000.0
2026-04-19,24000.0
2026-04-19,5000.0
2026-04-19,24000.0
2026-04-19,10000.0
2026-04-19,20000.0
2026-04-19,20000.0
2026-04-19,100000.0
2026-04-19,48000.0
2026-04-19,25000.0
2026-04-19,19000.0
2026-04-19,10000.0
2026-04-19,6000.0
2026-04-19,6000.0
2026-04-19,81000.0
2026-04-19,12000.0
2026-04-19,24000.0
2026-04-19,12000.0
2026-04-19,12000.0
2026-04-19,15000.0
2026-04-19,43700.0
2026-04-19,8000.0
2026-04-19,24000.0
2026-04-19,47500.0
2026-04-19,6000.0
2026-04-19,5000.0
2026-04-19,57000.0
2026-04-19,23750.0
2026-04-19,24000.0
2026-04-19,24000.0
2026-04-19,6000.0
2026-04-19,15000.0
2026-04-19,8000.0
2026-04-19,72000.0
2026-04-19,10000.0
2026-04-19,44000.0
2026-04-19,25000.0
2026-04-19,51300.0
2026-04-19,15200.0
2026-04-19,21850.0
2026-04-19,12000.0
2026-04-19,24000.0
2026-04-19,12000.0
2026-04-19,30000.0
2026-04-19,44000.0
2026-04-19,54000.0
2026-04-19,10000.0
2026-04-19,5700.0
2026-04-19,24000.0
2026-04-19,10000.0
2026-04-19,22000.0
2026-04-19,12000.0
2026-04-19,23000.0
2026-04-19,46000.0
2026-04-19,25000.0
2026-04-19,25000.0
2026-04-19,72000.0
2026-04-19,10000.0
2026-04-19,20000.0
2026-04-19,30000.0
2026-04-19,15000.0
2026-04-19,12000.0
2026-04-19,75000.0
2026-04-19,11400.0
2026-04-19,25000.0
2026-04-19,12000.0
2026-04-19,20000.0
2026-04-19,18000.0
2026-04-19,25000.0
2026-04-19,23000.0
2026-04-19,24000.0
2026-04-19,10000.0
2026-04-19,5000.0
2026-04-19,30000.0
2026-04-19,36000.0
2026-04-19,12000.0
2026-04-19,25000.0
2026-04-19,19000.0
2026-04-19,12000.0
2026-04-19,6000.0
2026-04-19,30000.0
2026-04-19,54000.0
2026-04-19,15000.0
2026-04-19,81000.0
2026-04-19,24000.0
2026-04-20,12000.0
2026-04-20,20900.0
2026-04-20,8000.0
2026-04-20,12000.0
2026-04-20,30000.0
2026-04-20,6000.0
2026-04-20,23000.0
2026-04-20,9500.0
2026-04-20,44000.0
2026-04-20,24000.0
2026-04-20,27000.0
2026-04-20,20900.0
2026-04-20,36000.0
2026-04-20,6000.0
2026-04-20,24000.0
2026-04-20,24000.0
2026-04-20,60000.0
2026-04-20,27000.0
2026-04-20,10000.0
2026-04-20,69000.0
2026-04-20,44000.0
2026-04-20,22000.0
2026-04-20,60000.0
2026-04-20,24000.0
2026-04-20,21850.0
2026-04-20,10000.0
2026-04-20,25000.0
2026-04-20,8000.0
2026-04-20,22000.0
2026-04-20,45000.0
2026-04-20,5000.0
2026-04-20,15000.0
2026-04-20,44000.0
2026-04-20,60000.0
2026-04-20,24000.0
2026-04-20,19000.0
2026-04-20,6000.0
2026-04-20,12000.0
2026-04-20,36000.0
2026-04-20,23000.0
2026-04-20,16000.0
2026-04-20,5000.0
2026-04-20,12000.0
2026-04-20,12000.0
2026-04-20,5000.0
2026-04-20,5700.0
2026-04-20,12000.0
2026-04-20,6000.0
2026-04-20,12000.0
2026-04-20,40000.0
2026-04-20,12000.0
2026-04-20,23000.0
2026-04-20,19000.0
2026-04-20,15000.0
2026-04-20,5000.0
2026-04-20,12000.0
2026-04-20,30000.0
2026-04-20,11400.0
2026-04-20,27000.0
2026-04-20,20000.0
2026-04-20,45000.0
2026-04-20,88000.0
2026-04-20,20000.0
2026-04-20,4750.0
2026-04-20,25000.0
2026-04-20,24000.0
2026-04-20,48000.0
2026-04-20,25000.0
2026-04-20,5700.0
2026-04-20,22000.0
2026-04-20,20000.0
2026-04-20,11400.0
2026-04-20,27000.0
2026-04-20,15000.0
2026-04-20,16000.0
2026-04-20,10000.0
2026-04-20,15000.0
2026-04-20,23000.0
2026-04-20,20000.0
2026-04-20,10000.0
2026-04-20,12000.0
2026-04-20,18000.0
2026-04-20,27000.0
2026-04-20,8000.0
2026-04-20,32000.0
2026-04-20,15000.0
2026-04-20,40000.0
2026-04-20,108000.0
2026-04-20,75000.0
2026-04-20,24000.0
2026-04-20,40000.0
2026-04-20,23000.0
2026-04-20,7600.0
2026-04-20,11400.0
2026-04-20,20000.0
2026-04-20,23000.0
2026-04-20,22000.0
2026-04-20,54000.0
2026-04-20,15000.0
2026-04-20,20000.0
2026-04-20,6000.0
2026-04-20,24000.0
2026-04-20,14250.0
2026-04-20,25000.0
2026-04-20,96000.0
2026-04-20,16000.0
2026-04-20,12000.0
2026-04-20,20900.0
2026-04-20,27000.0
2026-04-20,6000.0
2026-04-20,62700.0
2026-04-20,20000.0
2026-04-20,24000.0
2026-04-20,5000.0
2026-04-20,40000.0
2026-04-20,6000.0
2026-04-20,16000.0
2026-04-20,57000.0
2026-04-20,12000.0
2026-04-20,12000.0
2026-04-20,12000.0
2026-04-20,8000.0
2026-04-20,20000.0
2026-04-20,5000.0
2026-04-20,25000.0
2026-04-20,22000.0
2026-04-20,12000.0
2026-04-20,24000.0
2026-04-20,12000.0
2026-04-20,20000.0
2026-04-20,12000.0
2026-04-20,48000.0
2026-04-20,66000.0
2026-04-20,24000.0
2026-04-20,25000.0
2026-04-20,10000.0
2026-04-20,48000.0
2026-04-20,25000.0
2026-04-20,44000.0
2026-04-20,23000.0
2026-04-20,15000.0
2026-04-20,22000.0
2026-04-20,25000.0
2026-04-20,54000.0
2026-04-20,66000.0
2026-04-20,20000.0
2026-04-20,24000.0
2026-04-20,23000.0
2026-04-20,27000.0
2026-04-20,30000.0
2026-04-20,30000.0
2026-04-20,22000.0
2026-04-20,12000.0
2026-04-20,27000.0
2026-04-20,24000.0
2026-04-20,23000.0
2026-04-20,10000.0
2026-04-20,8000.0
2026-04-20,24000.0
2026-04-20,25000.0
2026-04-20,20000.0
2026-04-20,24000.0
2026-04-20,22000.0
2026-04-20,72000.0
2026-04-21,20900.0
2026-04-21,20000.0
2026-04-21,20000.0
2026-04-21,12000.0
2026-04-21,23000.0
2026-04-21,6000.0
2026-04-21,5000.0
2026-04-21,24000.0
2026-04-21,22000.0
2026-04-21,20000.0
2026-04-21,27000.0
2026-04-21,36000.0
2026-04-21,19000.0
2026-04-21,24000.0
2026-04-21,23750.0
2026-04-21,72000.0
2026-04-21,5000.0
2026-04-21,24000.0
2026-04-21,23000.0
2026-04-21,28500.0
2026-04-21,20000.0
2026-04-21,12000.0
2026-04-21,22800.0
2026-04-21,22000.0
2026-04-21,54000.0
2026-04-21,25000.0
2026-04-21,27000.0
2026-04-21,15000.0
2026-04-21,75000.0
2026-04-21,50000.0
2026-04-21,8000.0
2026-04-21,6000.0
2026-04-21,20000.0
2026-04-21,22000.0
2026-04-21,6000.0
2026-04-21,45000.0
2026-04-21,25000.0
2026-04-21,6000.0
2026-04-21,20000.0
2026-04-21,22000.0
2026-04-21,15000.0
2026-04-21,8000.0
2026-04-21,6000.0
2026-04-21,46000.0
2026-04-21,15200.0
2026-04-21,12000.0
2026-04-21,20000.0
2026-04-21,15000.0
2026-04-21,23750.0
2026-04-21,66000.0
2026-04-21,20000.0
2026-04-21,6000.0
2026-04-21,5700.0
2026-04-21,54000.0
2026-04-21,24000.0
2026-04-21,48000.0
2026-04-21,5000.0
2026-04-21,22000.0
2026-04-21,12000.0
2026-04-21,15000.0
2026-04-21,22000.0
2026-04-21,36000.0
2026-04-21,30000.0
2026-04-21,45000.0
2026-04-21,96000.0
2026-04-21,25000.0
2026-04-21,22000.0
2026-04-21,69000.0
2026-04-21,15000.0
2026-04-21,5700.0
2026-04-21,10000.0
2026-04-21,40000.0
2026-04-21,24000.0
2026-04-21,24000.0
2026-04-21,15000.0
2026-04-21,23000.0
2026-04-21,44000.0
2026-04-21,15200.0
2026-04-21,24000.0
2026-04-21,6000.0
2026-04-21,25000.0
2026-04-21,20000.0
2026-04-21,12000.0
2026-04-21,12000.0
2026-04-21,27000.0
2026-04-21,46000.0
2026-04-21,50000.0
2026-04-21,8000.0
2026-04-21,12000.0
2026-04-21,23000.0
2026-04-21,54000.0
2026-04-21,12000.0
2026-04-21,48000.0
2026-04-21,6000.0
2026-04-21,6000.0
2026-04-21,14250.0
2026-04-21,24000.0
2026-04-21,60000.0
2026-04-21,6000.0
2026-04-21,15000.0
2026-04-21,25000.0
2026-04-21,19000.0
2026-04-21,20000.0
2026-04-21,24000.0
2026-04-21,15000.0
2026-04-21,48000.0
2026-04-21,81000.0
2026-04-21,48000.0
2026-04-21,24000.0
2026-04-21,5700.0
2026-04-21,69000.0
2026-04-21,60000.0
2026-04-21,30000.0
2026-04-21,27000.0
2026-04-21,12000.0
2026-04-21,12000.0
2026-04-21,24000.0
2026-04-21,69000.0
2026-04-21,11400.0
2026-04-21,23000.0
2026-04-21,108000.0
2026-04-21,23750.0
2026-04-21,8000.0
2026-04-21,69000.0
2026-04-21,20000.0
2026-04-21,54000.0
2026-04-21,50000.0
2026-04-21,12000.0
2026-04-21,51300.0
2026-04-21,12000.0
2026-04-21,30000.0
2026-04-21,15000.0
2026-04-21,48000.0
2026-04-21,46000.0
2026-04-21,23000.0
2026-04-21,12000.0
2026-04-21,19000.0
2026-04-21,25000.0
2026-04-21,10000.0
2026-04-21,22000.0
2026-04-21,66000.0
2026-04-21,44000.0
2026-04-21,24000.0
2026-04-21,5000.0
2026-04-21,20900.0
2026-04-21,15000.0
2026-04-21,16000.0
2026-04-21,22000.0
2026-04-21,95000.0
2026-04-21,10000.0
2026-04-21,19000.0
2026-04-21,12000.0
2026-04-21,8000.0
2026-04-21,22000.0
2026-04-21,23750.0
2026-04-21,10000.0
2026-04-21,6000.0
2026-04-21,40000.0
2026-04-21,5000.0
2026-04-21,23000.0
2026-04-21,15000.0
2026-04-21,16000.0
2026-04-21,24000.0
2026-04-21,12000.0
2026-04-21,25000.0
2026-04-21,40000.0
2026-04-21,11400.0
2026-04-21,12000.0
2026-04-21,20000.0
2026-04-21,66000.0
2026-04-21,10000.0
2026-04-21,24000.0
2026-04-21,10000.0
2026-04-21,48000.0
2026-04-21,12000.0
2026-04-21,16000.0
2026-04-21,24000.0
2026-04-21,5000.0
2026-04-21,8000.0
2026-04-21,25000.0
2026-04-21,12000.0
2026-04-21,46000.0
2026-04-21,4750.0
2026-04-21,22000.0
2026-04-21,21850.0
2026-04-21,6000.0
2026-04-21,6000.0
2026-04-21,25000.0
2026-04-21,8000.0
2026-04-21,32000.0
2026-04-21,15000.0
2026-04-21,44000.0
2026-04-21,44000.0
2026-04-21,12000.0
2026-04-21,30000.0
2026-04-21,24000.0
2026-04-21,20000.0
2026-04-21,10000.0
2026-04-21,10000.0
2026-04-21,24000.0
2026-04-21,10000.0
2026-04-21,24000.0
2026-04-21,72000.0
2026-04-21,15000.0
2026-04-22,45000.0
2026-04-22,72000.0
2026-04-22,48000.0
2026-04-22,50000.0
2026-04-22,20000.0
2026-04-22,12000.0
2026-04-22,22000.0
2026-04-22,8000.0
2026-04-22,6000.0
2026-04-22,15000.0
2026-04-22,25000.0
2026-04-22,20000.0
2026-04-22,15000.0
2026-04-22,48000.0
2026-04-22,81000.0
2026-04-22,24000.0
2026-04-22,57000.0
2026-04-22,6000.0
2026-04-22,10000.0
2026-04-22,10000.0
2026-04-22,8000.0
2026-04-22,25000.0
2026-04-22,25000.0
2026-04-22,5000.0
2026-04-22,19000.0
2026-04-22,23000.0
2026-04-22,22000.0
2026-04-22,12000.0
2026-04-22,12000.0
2026-04-22,10000.0
2026-04-22,44000.0
2026-04-22,8000.0
2026-04-22,6000.0
2026-04-22,5000.0
2026-04-22,25000.0
2026-04-22,12000.0
2026-04-22,12000.0
2026-04-22,10000.0
2026-04-22,15000.0
2026-04-22,6000.0
2026-04-22,18000.0
2026-04-22,25000.0
2026-04-22,12000.0
2026-04-22,6000.0
2026-04-22,23750.0
2026-04-22,50000.0
2026-04-22,48000.0
2026-04-22,48000.0
2026-04-22,20900.0
2026-04-22,46000.0
2026-04-22,18000.0
2026-04-22,25000.0
2026-04-22,30000.0
2026-04-22,23000.0
2026-04-22,5000.0
2026-04-22,18000.0
2026-04-22,16000.0
2026-04-22,25000.0
2026-04-22,12000.0
2026-04-22,8000.0
2026-04-22,24000.0
2026-04-22,10000.0
2026-04-22,16000.0
2026-04-22,22000.0
2026-04-22,25000.0
2026-04-22,11400.0
2026-04-22,15000.0
2026-04-22,15000.0
2026-04-22,6000.0
2026-04-22,24000.0
2026-04-22,15000.0
2026-04-22,12000.0
2026-04-22,81000.0
2026-04-22,12000.0
2026-04-22,50000.0
2026-04-22,54000.0
2026-04-22,20000.0
2026-04-22,24000.0
2026-04-22,12000.0
2026-04-22,25000.0
2026-04-22,15000.0
2026-04-22,30000.0
2026-04-22,22000.0
2026-04-22,5000.0
2026-04-22,12000.0
2026-04-22,48000.0
2026-04-22,32000.0
2026-04-22,44000.0
2026-04-22,6000.0
2026-04-22,20000.0
2026-04-22,12000.0
2026-04-22,46000.0
2026-04-22,20000.0
2026-04-22,12000.0
2026-04-22,25000.0
2026-04-22,6000.0
2026-04-22,24000.0
2026-04-22,20000.0
2026-04-22,14250.0
2026-04-22,9500.0
2026-04-22,25000.0
2026-04-22,48000.0
2026-04-22,12000.0
2026-04-22,30000.0
2026-04-22,16000.0
2026-04-22,23000.0
2026-04-22,16000.0
2026-04-22,5000.0
2026-04-22,48000.0
2026-04-22,30000.0
2026-04-22,54000.0
2026-04-22,24000.0
2026-04-22,12000.0
2026-04-22,48000.0
2026-04-22,20000.0
2026-04-22,22000.0
2026-04-22,40000.0
2026-04-22,12000.0
2026-04-22,40000.0
2026-04-22,16000.0
2026-04-22,30000.0
2026-04-22,8000.0
2026-04-22,23000.0
2026-04-22,24000.0
2026-04-22,9500.0
2026-04-22,12000.0
2026-04-22,5000.0
2026-04-22,5000.0
2026-04-22,38000.0
2026-04-22,20000.0
2026-04-22,15000.0
2026-04-22,46000.0
2026-04-22,30000.0
2026-04-22,48000.0
2026-04-22,42750.0
2026-04-22,25000.0
2026-04-22,10000.0
2026-04-22,8000.0
2026-04-22,5000.0
2026-04-22,18000.0
2026-04-22,25000.0
2026-04-22,92000.0
2026-04-22,27000.0
2026-04-22,24000.0
2026-04-22,47500.0
2026-04-22,44000.0
2026-04-22,12000.0
2026-04-22,22000.0
2026-04-22,20000.0
2026-04-22,16000.0
2026-04-22,6000.0
2026-04-22,24000.0
2026-04-22,4750.0
2026-04-22,23000.0
2026-04-22,12000.0
2026-04-22,12000.0
2026-04-22,18000.0
2026-04-22,15000.0
2026-04-22,6000.0
2026-04-22,10000.0
2026-04-22,27000.0
2026-04-22,24000.0
2026-04-22,24000.0
2026-04-22,15000.0
2026-04-22,8000.0
2026-04-22,25000.0
2026-04-22,27000.0
2026-04-22,20000.0
2026-04-22,48000.0
2026-04-22,40000.0
2026-04-22,10000.0
2026-04-22,6000.0
2026-04-22,22000.0
2026-04-22,45600.0
2026-04-22,5000.0
2026-04-22,22000.0
2026-04-22,8000.0
2026-04-22,15000.0
2026-04-22,6000.0
2026-04-22,10000.0
2026-04-22,20000.0
2026-04-22,11400.0
2026-04-22,6000.0
2026-04-22,15000.0
2026-04-22,27000.0
2026-04-22,45600.0
2026-04-22,54000.0
2026-04-22,5000.0
2026-04-22,60000.0
2026-04-22,22000.0
2026-04-22,30000.0
2026-04-22,20000.0
2026-04-22,9500.0
2026-04-22,41800.0
2026-04-22,12000.0
2026-04-22,12000.0
2026-04-22,50000.0
2026-04-22,22000.0
2026-04-22,20000.0
2026-04-22,6000.0
2026-04-22,15000.0
2026-04-22,80000.0
2026-04-22,45600.0
2026-04-22,27000.0
2026-04-22,36000.0
2026-04-22,12000.0
2026-04-22,46000.0
2026-04-23,12000.0
2026-04-23,72000.0
2026-04-23,50000.0
2026-04-23,15000.0
2026-04-23,95000.0
2026-04-23,15000.0
2026-04-23,5000.0
2026-04-23,8000.0
2026-04-23,23000.0
2026-04-23,6000.0
2026-04-23,23000.0
2026-04-23,20000.0
2026-04-23,25000.0
2026-04-23,75000.0
2026-04-23,62700.0
2026-04-23,46000.0
2026-04-23,50000.0
2026-04-23,81000.0
2026-04-23,7600.0
2026-04-23,25000.0
2026-04-23,22000.0
2026-04-23,8000.0
2026-04-23,6000.0
2026-04-23,12000.0
2026-04-23,48000.0
2026-04-23,5000.0
2026-04-23,36000.0
2026-04-23,12000.0
2026-04-23,8000.0
2026-04-23,10000.0
2026-04-23,7600.0
2026-04-23,24000.0
2026-04-23,6000.0
2026-04-23,5000.0
2026-04-23,76000.0
2026-04-23,22800.0
2026-04-23,25000.0
2026-04-23,24000.0
2026-04-23,80000.0
2026-04-23,12000.0
2026-04-23,27000.0
2026-04-23,30000.0
2026-04-23,44000.0
2026-04-23,5000.0
2026-04-23,40000.0
2026-04-23,22800.0
2026-04-23,27000.0
2026-04-23,6000.0
2026-04-23,8000.0
2026-04-23,27000.0
2026-04-23,10000.0
2026-04-23,12000.0
2026-04-23,88000.0
2026-04-23,50000.0
2026-04-23,8000.0
2026-04-23,12000.0
2026-04-23,50000.0
2026-04-23,25000.0
2026-04-23,22000.0
2026-04-23,69000.0
2026-04-23,50000.0
2026-04-23,20000.0
2026-04-23,23000.0
2026-04-23,27000.0
2026-04-23,8000.0
2026-04-23,25000.0
2026-04-23,8000.0
2026-04-23,23000.0
2026-04-23,30000.0
2026-04-23,50000.0
2026-04-23,8000.0
2026-04-23,54000.0
2026-04-23,24000.0
2026-04-23,24000.0
2026-04-23,10000.0
2026-04-23,10000.0
2026-04-23,15000.0
2026-04-23,43700.0
2026-04-23,46000.0
2026-04-23,6000.0
2026-04-23,5700.0
2026-04-23,25650.0
2026-04-23,4750.0
2026-04-23,88000.0
2026-04-23,25000.0
2026-04-23,11400.0
2026-04-23,20000.0
2026-04-23,8000.0
2026-04-23,12000.0
2026-04-23,15000.0
2026-04-23,8000.0
2026-04-23,21850.0
2026-04-23,20000.0
2026-04-23,15000.0
2026-04-23,12000.0
2026-04-23,12000.0
2026-04-23,15000.0
2026-04-23,46000.0
2026-04-23,24000.0
2026-04-23,20000.0
2026-04-23,20000.0
2026-04-23,5700.0
2026-04-23,10000.0
2026-04-23,44000.0
2026-04-23,24000.0
2026-04-23,95000.0
2026-04-23,12000.0
2026-04-23,23000.0
2026-04-23,16000.0
2026-04-23,6000.0
2026-04-23,6000.0
2026-04-23,10000.0
2026-04-23,20000.0
2026-04-23,30000.0
2026-04-23,25000.0
2026-04-23,27000.0
2026-04-23,5000.0
2026-04-23,81000.0
2026-04-23,8000.0
2026-04-23,16000.0
2026-04-23,6000.0
2026-04-23,8000.0
2026-04-23,40000.0
2026-04-23,12000.0
2026-04-23,44000.0
2026-04-23,8000.0
2026-04-23,8000.0
2026-04-23,24000.0
2026-04-23,12000.0
2026-04-23,23000.0
2026-04-23,11400.0
2026-04-23,15000.0
2026-04-23,92000.0
2026-04-23,15000.0
2026-04-23,20000.0
2026-04-23,5700.0
2026-04-23,23000.0
2026-04-23,6000.0
2026-04-23,80000.0
2026-04-23,20000.0
2026-04-23,8000.0
2026-04-23,10000.0
2026-04-23,14250.0
2026-04-23,46000.0
2026-04-23,25000.0
2026-04-23,24000.0
2026-04-23,72000.0
2026-04-23,20000.0
2026-04-23,24000.0
2026-04-23,50000.0
2026-04-23,27000.0
2026-04-23,15000.0
2026-04-23,47500.0
2026-04-23,12000.0
2026-04-23,12000.0
2026-04-23,23000.0
2026-04-23,25000.0
2026-04-23,12000.0
2026-04-23,20000.0
2026-04-23,12000.0
2026-04-23,30000.0
2026-04-23,24000.0
2026-04-23,60000.0
2026-04-23,22000.0
2026-04-23,12000.0
2026-04-23,20000.0
2026-04-23,25000.0
2026-04-23,4750.0
2026-04-23,36000.0
2026-04-23,23000.0
2026-04-23,30000.0
2026-04-23,25000.0
2026-04-23,47500.0
2026-04-23,8000.0
2026-04-23,36000.0
2026-04-23,24000.0
2026-04-23,12000.0
2026-04-23,8000.0
2026-04-23,44000.0
2026-04-23,23000.0
2026-04-23,10000.0
2026-04-23,5000.0
2026-04-23,25000.0
2026-04-23,25000.0
2026-04-23,15000.0
2026-04-23,15000.0
2026-04-23,12000.0
2026-04-23,22800.0
2026-04-23,14250.0
2026-04-23,24000.0
2026-04-23,22000.0
2026-04-23,6000.0
2026-04-23,75000.0
2026-04-23,25000.0
2026-04-23,20000.0
2026-04-23,50000.0
2026-04-23,5000.0
2026-04-23,65550.0
2026-04-23,20000.0
2026-04-24,20000.0
2026-04-24,23000.0
2026-04-24,23750.0
2026-04-24,25000.0
2026-04-24,30000.0
2026-04-24,65550.0
2026-04-24,6000.0
2026-04-24,25000.0
2026-04-24,5000.0
2026-04-24,5000.0
2026-04-24,28500.0
2026-04-24,30000.0
2026-04-24,12000.0
2026-04-24,22000.0
2026-04-24,10000.0
2026-04-24,24000.0
2026-04-24,23000.0
2026-04-24,6000.0
2026-04-24,23000.0
2026-04-24,40000.0
2026-04-24,45000.0
2026-04-24,45000.0
2026-04-24,18000.0
2026-04-24,6000.0
2026-04-24,23000.0
2026-04-24,44000.0
2026-04-24,12000.0
2026-04-24,6000.0
2026-04-24,10000.0
2026-04-24,24000.0
2026-04-24,12000.0
2026-04-24,6000.0
2026-04-24,81000.0
2026-04-24,6000.0
2026-04-24,15000.0
2026-04-24,40000.0
2026-04-24,5000.0
2026-04-24,30000.0
2026-04-24,60000.0
2026-04-24,22000.0
2026-04-24,20000.0
2026-04-24,40000.0
2026-04-24,23000.0
2026-04-24,25000.0
2026-04-24,23000.0
2026-04-24,6000.0
2026-04-24,8000.0
2026-04-24,22000.0
2026-04-24,10000.0
2026-04-24,25000.0
2026-04-24,20000.0
2026-04-24,69000.0
2026-04-24,6000.0
2026-04-24,45000.0
2026-04-24,10000.0
2026-04-24,24000.0
2026-04-24,25000.0
2026-04-24,19000.0
2026-04-24,12000.0
2026-04-24,30000.0
2026-04-24,5000.0
2026-04-24,16000.0
2026-04-24,22000.0
2026-04-24,6000.0
2026-04-24,10000.0
2026-04-24,12000.0
2026-04-24,24000.0
2026-04-24,22000.0
2026-04-24,6000.0
2026-04-24,24000.0
2026-04-24,15000.0
2026-04-24,60000.0
2026-04-24,25000.0
2026-04-24,100000.0
2026-04-24,92000.0
2026-04-24,15000.0
2026-04-24,12000.0
2026-04-24,12000.0
2026-04-24,15000.0
2026-04-24,40000.0
2026-04-24,6000.0
2026-04-24,15000.0
2026-04-24,6000.0
2026-04-24,6000.0
2026-04-24,20000.0
2026-04-24,8000.0
2026-04-24,12000.0
2026-04-24,48000.0
2026-04-24,12000.0
2026-04-24,19000.0
2026-04-24,22000.0
2026-04-24,16000.0
2026-04-24,44000.0
2026-04-24,15000.0
2026-04-24,10000.0
2026-04-24,12000.0
2026-04-24,20000.0
2026-04-24,10000.0
2026-04-24,24000.0
2026-04-24,44000.0
2026-04-24,18000.0
2026-04-24,60000.0
2026-04-24,25000.0
2026-04-24,15000.0
2026-04-24,23000.0
2026-04-24,20900.0
2026-04-24,30000.0
2026-04-24,30000.0
2026-04-24,50000.0
2026-04-24,102600.0
2026-04-24,108000.0
2026-04-24,24000.0
2026-04-24,23750.0
2026-04-24,50000.0
2026-04-24,12000.0
2026-04-24,36000.0
2026-04-24,25650.0
2026-04-24,10000.0
2026-04-24,10000.0
2026-04-24,18000.0
2026-04-24,48000.0
2026-04-24,4750.0
2026-04-24,40000.0
2026-04-24,27000.0
2026-04-24,46000.0
2026-04-24,6000.0
2026-04-24,23000.0
2026-04-24,12000.0
2026-04-24,30000.0
2026-04-24,40000.0
2026-04-24,15000.0
2026-04-24,10000.0
2026-04-24,25000.0
2026-04-24,46000.0
2026-04-24,8000.0
2026-04-24,15000.0
2026-04-24,10000.0
2026-04-24,27000.0
2026-04-24,12000.0
2026-04-24,22000.0
2026-04-24,43700.0
2026-04-24,50000.0
2026-04-24,12000.0
2026-04-24,10000.0
2026-04-24,48000.0
2026-04-24,23000.0
2026-04-24,18000.0
2026-04-24,24000.0
2026-04-24,11400.0
2026-04-24,44000.0
2026-04-24,18000.0
2026-04-24,23000.0
2026-04-24,6000.0
2026-04-24,23000.0
2026-04-24,12000.0
2026-04-24,57000.0
2026-04-24,30000.0
2026-04-24,30000.0
2026-04-24,25000.0
2026-04-24,108000.0
2026-04-24,22000.0
2026-04-24,68400.0
2026-04-24,27000.0
2026-04-24,10000.0
2026-04-24,5000.0
2026-04-24,15000.0
2026-04-24,12000.0
2026-04-24,20000.0
2026-04-24,23000.0
2026-04-24,6000.0
2026-04-24,15000.0
2026-04-24,32000.0
2026-04-24,23000.0
2026-04-24,40000.0
2026-04-24,8000.0
2026-04-24,20000.0
2026-04-24,45600.0
2026-04-24,22000.0
2026-04-24,27000.0
2026-04-24,12000.0
2026-04-24,50000.0
2026-04-24,22800.0
2026-04-24,6000.0
2026-04-24,45000.0
2026-04-24,25650.0
2026-04-24,6000.0
2026-04-24,6000.0
2026-04-24,8000.0
2026-04-24,6000.0
2026-04-24,6000.0
2026-04-24,25000.0
2026-04-24,20000.0
2026-04-24,25000.0
2026-04-24,11400.0
2026-04-24,16000.0
2026-04-24,24000.0
2026-04-24,25000.0
2026-04-24,8000.0
2026-04-24,23000.0
2026-04-24,10000.0
2026-04-24,72000.0
2026-04-24,66000.0
2026-04-24,22000.0
2026-04-24,20000.0
2026-04-24,27000.0
2026-04-24,20000.0
2026-04-24,8000.0
2026-04-24,22000.0
2026-04-24,15000.0
2026-04-24,24000.0
2026-04-24,27000.0
2026-04-24,30000.0
2026-04-24,100000.0
2026-04-24,12000.0
2026-04-24,50000.0
2026-04-24,12000.0
2026-04-24,15000.0
2026-04-24,40000.0
2026-04-24,8000.0
2026-04-24,25000.0
2026-04-24,5700.0
2026-04-24,30000.0
2026-04-24,20900.0
2026-04-24,20000.0
2026-04-24,72000.0
2026-04-24,15000.0
2026-04-24,10000.0
2026-04-24,24000.0
2026-04-24,65550.0
2026-04-24,48000.0
2026-04-24,12000.0
2026-04-24,18000.0
2026-04-24,24000.0
2026-04-24,60000.0
2026-04-24,30000.0
2026-04-24,15000.0
2026-04-24,48000.0
2026-04-24,24000.0
2026-04-24,15000.0
2026-04-24,6000.0
2026-04-24,20000.0
2026-04-24,66000.0
2026-04-24,8000.0
2026-04-24,12000.0
2026-04-24,5000.0
2026-04-24,60000.0
2026-04-24,12000.0
2026-04-24,48000.0
2026-04-24,27000.0
2026-04-24,6000.0
2026-04-24,20000.0
2026-04-24,10000.0
2026-04-24,23000.0
2026-04-24,6000.0
2026-04-24,66000.0
2026-04-24,12000.0
2026-04-24,15000.0
2026-04-24,22000.0
2026-04-24,22800.0
2026-04-24,54000.0
2026-04-24,100000.0
2026-04-24,22000.0
2026-04-25,48000.0
2026-04-25,40000.0
2026-04-25,22000.0
2026-04-25,15000.0
2026-04-25,69000.0
2026-04-25,50000.0
2026-04-25,6000.0
2026-04-25,10000.0
2026-04-25,8000.0
2026-04-25,12000.0
2026-04-25,12000.0
2026-04-25,8000.0
2026-04-25,6000.0
2026-04-25,6000.0
2026-04-25,27000.0
2026-04-25,108000.0
2026-04-25,44000.0
2026-04-25,47500.0
2026-04-25,23000.0
2026-04-25,22000.0
2026-04-25,24000.0
2026-04-25,44000.0
2026-04-25,24000.0
2026-04-25,5000.0
2026-04-25,15000.0
2026-04-25,10000.0
2026-04-25,20000.0
2026-04-25,69000.0
2026-04-25,14250.0
2026-04-25,27000.0
2026-04-25,24000.0
2026-04-25,66000.0
2026-04-25,6000.0
2026-04-25,24000.0
2026-04-25,45000.0
2026-04-25,30000.0
2026-04-25,22000.0
2026-04-25,4750.0
2026-04-25,15000.0
2026-04-25,24000.0
2026-04-25,20000.0
2026-04-25,23000.0
2026-04-25,24000.0
2026-04-25,50000.0
2026-04-25,20000.0
2026-04-25,22800.0
2026-04-25,8000.0
2026-04-25,48000.0
2026-04-25,15000.0
2026-04-25,9500.0
2026-04-25,8000.0
2026-04-25,20000.0
2026-04-25,10000.0
2026-04-25,15000.0
2026-04-25,10000.0
2026-04-25,15000.0
2026-04-25,4750.0
2026-04-25,10000.0
2026-04-25,24000.0
2026-04-25,12000.0
2026-04-25,23000.0
2026-04-25,91200.0
2026-04-25,22000.0
2026-04-25,22000.0
2026-04-25,20000.0
2026-04-25,30000.0
2026-04-25,24000.0
2026-04-25,36000.0
2026-04-25,6000.0
2026-04-25,11400.0
2026-04-25,22000.0
2026-04-25,8000.0
2026-04-25,12000.0
2026-04-25,10000.0
2026-04-25,50000.0
2026-04-25,6000.0
2026-04-25,25000.0
2026-04-25,10000.0
2026-04-25,10000.0
2026-04-25,15000.0
2026-04-25,6000.0
2026-04-25,12000.0
2026-04-25,30000.0
2026-04-25,80000.0
2026-04-25,6000.0
2026-04-25,22000.0
2026-04-25,5000.0
2026-04-25,6000.0
2026-04-25,8000.0
2026-04-25,27000.0
2026-04-25,23000.0
2026-04-25,24000.0
2026-04-25,10000.0
2026-04-25,24000.0
2026-04-25,28500.0
2026-04-25,15000.0
2026-04-25,12000.0
2026-04-25,6000.0
2026-04-25,25000.0
2026-04-25,75000.0
2026-04-25,12000.0
2026-04-25,15000.0
2026-04-25,32000.0
2026-04-25,25000.0
2026-04-25,16000.0
2026-04-25,5000.0
2026-04-25,10000.0
2026-04-25,20000.0
2026-04-25,20000.0
2026-04-25,12000.0
2026-04-25,25000.0
2026-04-25,10000.0
2026-04-25,5000.0
2026-04-25,44000.0
2026-04-25,24000.0
2026-04-25,6000.0
2026-04-25,24000.0
2026-04-25,12000.0
2026-04-25,24000.0
2026-04-25,12000.0
2026-04-25,15000.0
2026-04-25,81000.0
2026-04-25,15000.0
2026-04-25,22000.0
2026-04-25,27000.0
2026-04-25,20000.0
2026-04-25,27000.0
2026-04-25,72000.0
2026-04-25,48000.0
2026-04-25,18000.0
2026-04-25,23000.0
2026-04-25,12000.0
2026-04-25,88000.0
2026-04-25,23000.0
2026-04-25,12000.0
2026-04-25,27000.0
2026-04-25,25000.0
2026-04-25,20000.0
2026-04-25,50000.0
2026-04-25,6000.0
2026-04-25,7600.0
2026-04-25,66000.0
2026-04-25,60000.0
2026-04-25,48000.0
2026-04-25,23000.0
2026-04-25,20000.0
2026-04-25,22000.0
2026-04-25,23000.0
2026-04-25,8000.0
2026-04-25,25000.0
2026-04-25,12000.0
2026-04-25,23000.0
2026-04-25,8000.0
2026-04-25,23000.0
2026-04-25,23000.0
2026-04-25,30000.0
2026-04-25,44000.0
2026-04-25,14250.0
2026-04-25,60000.0
2026-04-25,6000.0
2026-04-25,22000.0
2026-04-25,24000.0
2026-04-25,25000.0
2026-04-25,24000.0
2026-04-25,8000.0
2026-04-25,6000.0
2026-04-25,18000.0
2026-04-25,22000.0
2026-04-25,15000.0
2026-04-25,15000.0
2026-04-25,45600.0
2026-04-25,8000.0
2026-04-25,25000.0
2026-04-25,25000.0
2026-04-25,36000.0
2026-04-25,24000.0
2026-04-25,15000.0
2026-04-25,44000.0
2026-04-25,6000.0
2026-04-25,23000.0
2026-04-25,46000.0
2026-04-25,54000.0
2026-04-25,50000.0
2026-04-25,23000.0
2026-04-25,6000.0
2026-04-25,40000.0
2026-04-25,23750.0
2026-04-25,20000.0
2026-04-25,12000.0
2026-04-25,24000.0
2026-04-25,92000.0
2026-04-25,12000.0
2026-04-25,60000.0
2026-04-25,17100.0
2026-04-25,6000.0
2026-04-25,12000.0
2026-04-25,27000.0
2026-04-25,21850.0
2026-04-25,34200.0
2026-04-25,15000.0
2026-04-25,6000.0
2026-04-25,25000.0
2026-04-25,15000.0
2026-04-25,20000.0
2026-04-25,23000.0
2026-04-25,22000.0
2026-04-25,22000.0
2026-04-25,24000.0
2026-04-25,8000.0
2026-04-25,27000.0
2026-04-25,5700.0
2026-04-25,15000.0
2026-04-25,24000.0
2026-04-25,15000.0
2026-04-25,36000.0
2026-04-25,45000.0
2026-04-25,25000.0
2026-04-25,15000.0
2026-04-25,22000.0
2026-04-25,27000.0
2026-04-25,22000.0
2026-04-25,46000.0
2026-04-25,24000.0
2026-04-25,6000.0
2026-04-25,10000.0
2026-04-25,27000.0
2026-04-25,8000.0
2026-04-25,54000.0
2026-04-25,15000.0
2026-04-25,10000.0
2026-04-25,72000.0
2026-04-25,24000.0
2026-04-25,27000.0
2026-04-25,40000.0
2026-04-25,12000.0
2026-04-25,23000.0
2026-04-25,8000.0
2026-04-25,48000.0
2026-04-25,10000.0
2026-04-25,12000.0
2026-04-25,12000.0
2026-04-25,15000.0
2026-04-25,22000.0
2026-04-25,30000.0
2026-04-25,36000.0
2026-04-25,5000.0
2026-04-25,12000.0
2026-04-25,30000.0
2026-04-25,66000.0
2026-04-25,20900.0
2026-04-25,6000.0
2026-04-25,14250.0
2026-04-25,30000.0
2026-04-25,69000.0
2026-04-25,27000.0
2026-04-25,22000.0
2026-04-25,15000.0
2026-04-25,24000.0
2026-04-25,15200.0
2026-04-25,28500.0
2026-04-25,48000.0
2026-04-25,12000.0
2026-04-25,15000.0
2026-04-25,45000.0
2026-04-26,48000.0
2026-04-26,8000.0
2026-04-26,27000.0
2026-04-26,8000.0
2026-04-26,100000.0
2026-04-26,20900.0
2026-04-26,8000.0
2026-04-26,15000.0
2026-04-26,6000.0
2026-04-26,5000.0
2026-04-26,11400.0
2026-04-26,15000.0
2026-04-26,8000.0
2026-04-26,5700.0
2026-04-26,23000.0
2026-04-26,25650.0
2026-04-26,40000.0
2026-04-26,12000.0
2026-04-26,22000.0
2026-04-26,10000.0
2026-04-26,6000.0
2026-04-26,25000.0
2026-04-26,5000.0
2026-04-26,25000.0
2026-04-26,12000.0
2026-04-26,22800.0
2026-04-26,20000.0
2026-04-26,23000.0
2026-04-26,47500.0
2026-04-26,12000.0
2026-04-26,24000.0
2026-04-26,12000.0
2026-04-26,4750.0
2026-04-26,45000.0
2026-04-26,8000.0
2026-04-26,18000.0
2026-04-26,20000.0
2026-04-26,88000.0
2026-04-26,22000.0
2026-04-26,23000.0
2026-04-26,16000.0
2026-04-26,54000.0
2026-04-26,96000.0
2026-04-26,15000.0
2026-04-26,22000.0
2026-04-26,12000.0
2026-04-26,16000.0
2026-04-26,10000.0
2026-04-26,50000.0
2026-04-26,22000.0
2026-04-26,12000.0
2026-04-26,22000.0
2026-04-26,24000.0
2026-04-26,10000.0
2026-04-26,24000.0
2026-04-26,54000.0
2026-04-26,8000.0
2026-04-26,81000.0
2026-04-26,20000.0
2026-04-26,12000.0
2026-04-26,24000.0
2026-04-26,40000.0
2026-04-26,27000.0
2026-04-26,36000.0
2026-04-26,20000.0
2026-04-26,20000.0
2026-04-26,12000.0
2026-04-26,12000.0
2026-04-26,5000.0
2026-04-26,30000.0
2026-04-26,48000.0
2026-04-26,23750.0
2026-04-26,23000.0
2026-04-26,25000.0
2026-04-26,20000.0
2026-04-26,24000.0
2026-04-26,5700.0
2026-04-26,30000.0
2026-04-26,15000.0
2026-04-26,22000.0
2026-04-26,50000.0
2026-04-26,6000.0
2026-04-26,88000.0
2026-04-26,69000.0
2026-04-26,25000.0
2026-04-26,10000.0
2026-04-26,20000.0
2026-04-26,5000.0
2026-04-26,8000.0
2026-04-26,25000.0
2026-04-26,24000.0
2026-04-26,60000.0
2026-04-26,24000.0
2026-04-26,23000.0
2026-04-26,15000.0
2026-04-26,20000.0
2026-04-26,27000.0
2026-04-26,27000.0
2026-04-26,45000.0
2026-04-26,12000.0
2026-04-26,25650.0
2026-04-26,40000.0
2026-04-26,9500.0
2026-04-26,16000.0
2026-04-26,60000.0
2026-04-26,10000.0
2026-04-26,23000.0
2026-04-26,8000.0
2026-04-26,10000.0
2026-04-26,24000.0
2026-04-26,24000.0
2026-04-26,5000.0
2026-04-26,24000.0
2026-04-26,44000.0
2026-04-26,24000.0
2026-04-26,23000.0
2026-04-26,36000.0
2026-04-26,24000.0
2026-04-26,8000.0
2026-04-26,22000.0
2026-04-26,22000.0
2026-04-26,12000.0
2026-04-26,8000.0
2026-04-26,15000.0
2026-04-26,30000.0
2026-04-26,9500.0
2026-04-26,24000.0
2026-04-26,48000.0
2026-04-26,6000.0
2026-04-26,25000.0
2026-04-26,45000.0
2026-04-26,6000.0
2026-04-26,30000.0
2026-04-26,27000.0
2026-04-26,20000.0
2026-04-26,54000.0
2026-04-26,9500.0
2026-04-26,24000.0
2026-04-26,22000.0
2026-04-26,6000.0
2026-04-26,12000.0
2026-04-26,50000.0
2026-04-26,27000.0
2026-04-26,23000.0
2026-04-26,72000.0
2026-04-26,16000.0
2026-04-26,22000.0
2026-04-26,15000.0
2026-04-26,12000.0
2026-04-26,8000.0
2026-04-26,40000.0
2026-04-26,24000.0
2026-04-26,20000.0
2026-04-26,12000.0
2026-04-26,12000.0
2026-04-26,48000.0
2026-04-26,11400.0
2026-04-26,19000.0
2026-04-26,10000.0
2026-04-26,5000.0
2026-04-26,8000.0
2026-04-26,20000.0
2026-04-26,27000.0
2026-04-26,6000.0
2026-04-26,18000.0
2026-04-26,46000.0
2026-04-26,20900.0
2026-04-26,57000.0
2026-04-26,23000.0
2026-04-26,15000.0
2026-04-26,8000.0
2026-04-26,6000.0
2026-04-26,24000.0
2026-04-26,22000.0
2026-04-26,18000.0
2026-04-26,6000.0
2026-04-26,10000.0
2026-04-26,20900.0
2026-04-26,30000.0
2026-04-26,23000.0
2026-04-26,20900.0
2026-04-26,5000.0
2026-04-26,12000.0
2026-04-26,24000.0
2026-04-26,20000.0
2026-04-26,50000.0
2026-04-26,30000.0
2026-04-26,20900.0
2026-04-26,10000.0
2026-04-26,22000.0
2026-04-26,10000.0
2026-04-26,8000.0
2026-04-26,6000.0
2026-04-26,18000.0
2026-04-26,12000.0
2026-04-26,12000.0
2026-04-26,11400.0
2026-04-26,5700.0
2026-04-26,12000.0
2026-04-26,20000.0
2026-04-26,45600.0
2026-04-26,15000.0
2026-04-26,25000.0
2026-04-26,6000.0
2026-04-26,15000.0
2026-04-26,24000.0
2026-04-26,20000.0
2026-04-26,15000.0
2026-04-26,5000.0
2026-04-26,23000.0
2026-04-26,15000.0
2026-04-26,30000.0
2026-04-26,48000.0
2026-04-26,15000.0
2026-04-26,8000.0
2026-04-26,24000.0
2026-04-26,6000.0
2026-04-26,25000.0
2026-04-26,10000.0
2026-04-26,24000.0
2026-04-26,27000.0
2026-04-26,66000.0
2026-04-26,25000.0
2026-04-26,24000.0
2026-04-26,25000.0
2026-04-26,32000.0
2026-04-26,6000.0
2026-04-26,22000.0
2026-04-26,15000.0
2026-04-26,81000.0
2026-04-26,8000.0
2026-04-26,24000.0
2026-04-26,15000.0
2026-04-26,12000.0
2026-04-26,16000.0
2026-04-26,25000.0
2026-04-26,6000.0
2026-04-27,88000.0
2026-04-27,48000.0
2026-04-27,10000.0
2026-04-27,50000.0
2026-04-27,6000.0
2026-04-27,10000.0
2026-04-27,15000.0
2026-04-27,44000.0
2026-04-27,23000.0
2026-04-27,23750.0
2026-04-27,40000.0
2026-04-27,44000.0
2026-04-27,25000.0
2026-04-27,25000.0
2026-04-27,6000.0
2026-04-27,27000.0
2026-04-27,24000.0
2026-04-27,6000.0
2026-04-27,46000.0
2026-04-27,20000.0
2026-04-27,47500.0
2026-04-27,22000.0
2026-04-27,24000.0
2026-04-27,15000.0
2026-04-27,5000.0
2026-04-27,25000.0
2026-04-27,24000.0
2026-04-27,6000.0
2026-04-27,22000.0
2026-04-27,12000.0
2026-04-27,38000.0
2026-04-27,12000.0
2026-04-27,10000.0
2026-04-27,8000.0
2026-04-27,24000.0
2026-04-27,12000.0
2026-04-27,6000.0
2026-04-27,60000.0
2026-04-27,23000.0
2026-04-27,10000.0
2026-04-27,12000.0
2026-04-27,20000.0
2026-04-27,88000.0
2026-04-27,48000.0
2026-04-27,22000.0
2026-04-27,20000.0
2026-04-27,12000.0
2026-04-27,8000.0
2026-04-27,12000.0
2026-04-27,10000.0
2026-04-27,15000.0
2026-04-27,12000.0
2026-04-27,48000.0
2026-04-27,12000.0
2026-04-27,5000.0
2026-04-27,48000.0
2026-04-27,15000.0
2026-04-27,25650.0
2026-04-27,8000.0
2026-04-27,6000.0
2026-04-27,32000.0
2026-04-27,6000.0
2026-04-27,100000.0
2026-04-27,22000.0
2026-04-27,10000.0
2026-04-27,20000.0
2026-04-27,6000.0
2026-04-27,20900.0
2026-04-27,30000.0
2026-04-27,60000.0
2026-04-27,92000.0
2026-04-27,32000.0
2026-04-27,20000.0
2026-04-27,5700.0
2026-04-27,27000.0
2026-04-27,40000.0
2026-04-27,20900.0
2026-04-27,20000.0
2026-04-27,40000.0
2026-04-27,22000.0
2026-04-27,6000.0
2026-04-27,40000.0
2026-04-27,23000.0
2026-04-27,18000.0
2026-04-27,20900.0
2026-04-27,12000.0
2026-04-27,45000.0
2026-04-27,36000.0
2026-04-27,8000.0
2026-04-27,15000.0
2026-04-27,40000.0
2026-04-27,21850.0
2026-04-27,10000.0
2026-04-27,6000.0
2026-04-27,12000.0
2026-04-27,30000.0
2026-04-27,8000.0
2026-04-27,24000.0
2026-04-27,75000.0
2026-04-27,28500.0
2026-04-27,40000.0
2026-04-27,24000.0
2026-04-27,16000.0
2026-04-27,20000.0
2026-04-27,24000.0
2026-04-27,12000.0
2026-04-27,6000.0
2026-04-27,10000.0
2026-04-27,12000.0
2026-04-27,15000.0
2026-04-27,25000.0
2026-04-27,10000.0
2026-04-27,54000.0
2026-04-27,23000.0
2026-04-27,22000.0
2026-04-27,24000.0
2026-04-27,46000.0
2026-04-27,27000.0
2026-04-27,6000.0
2026-04-27,22000.0
2026-04-27,20000.0
2026-04-27,24000.0
2026-04-27,22000.0
2026-04-27,10000.0
2026-04-27,25000.0
2026-04-27,75000.0
2026-04-27,7600.0
2026-04-27,46000.0
2026-04-27,50000.0
2026-04-27,10000.0
2026-04-27,10000.0
2026-04-27,12000.0
2026-04-27,28500.0
2026-04-27,46000.0
2026-04-27,12000.0
2026-04-27,12000.0
2026-04-27,23000.0
2026-04-27,5000.0
2026-04-27,23000.0
2026-04-27,24000.0
2026-04-27,108000.0
2026-04-27,48000.0
2026-04-27,16000.0
2026-04-27,10000.0
2026-04-27,46000.0
2026-04-27,5000.0
2026-04-27,6000.0
2026-04-27,54000.0
2026-04-27,54000.0
2026-04-27,20000.0
2026-04-27,20000.0
2026-04-27,12000.0
2026-04-27,15000.0
2026-04-27,44000.0
2026-04-27,5000.0
2026-04-27,30000.0
2026-04-27,16000.0
2026-04-27,25000.0
2026-04-27,22000.0
2026-04-27,27000.0
2026-04-27,16000.0
2026-04-27,10000.0
2026-04-27,10000.0
2026-04-27,18000.0
2026-04-27,96000.0
2026-04-27,25000.0
2026-04-27,15000.0
2026-04-27,48000.0
2026-04-27,50000.0
2026-04-27,20000.0
2026-04-27,12000.0
2026-04-27,12000.0
2026-04-27,6000.0
2026-04-27,25000.0
2026-04-27,6000.0
2026-04-27,45000.0
2026-04-27,6000.0
2026-04-27,75000.0
2026-04-27,10000.0
2026-04-27,12000.0
2026-04-27,60000.0
2026-04-27,8000.0
2026-04-27,30000.0
2026-04-27,24000.0
2026-04-27,20000.0
2026-04-27,15000.0
2026-04-27,6000.0
2026-04-27,48000.0
2026-04-28,10000.0
2026-04-28,23000.0
2026-04-28,50000.0
2026-04-28,88000.0
2026-04-28,24000.0
2026-04-28,10000.0
2026-04-28,24000.0
2026-04-28,15000.0
2026-04-28,6000.0
2026-04-28,50000.0
2026-04-28,12000.0
2026-04-28,12000.0
2026-04-28,11400.0
2026-04-28,30000.0
2026-04-28,8000.0
2026-04-28,50000.0
2026-04-28,10000.0
2026-04-28,54000.0
2026-04-28,6000.0
2026-04-28,8000.0
2026-04-28,72000.0
2026-04-28,20000.0
2026-04-28,24000.0
2026-04-28,48000.0
2026-04-28,20000.0
2026-04-28,11400.0
2026-04-28,5000.0
2026-04-28,24000.0
2026-04-28,12000.0
2026-04-28,46000.0
2026-04-28,36000.0
2026-04-28,6000.0
2026-04-28,24000.0
2026-04-28,12000.0
2026-04-28,30000.0
2026-04-28,6000.0
2026-04-28,27000.0
2026-04-28,40000.0
2026-04-28,50000.0
2026-04-28,14250.0
2026-04-28,24000.0
2026-04-28,72000.0
2026-04-28,10000.0
2026-04-28,23000.0
2026-04-28,100000.0
2026-04-28,20000.0
2026-04-28,19000.0
2026-04-28,24000.0
2026-04-28,6000.0
2026-04-28,25000.0
2026-04-28,24000.0
2026-04-28,60000.0
2026-04-28,46000.0
2026-04-28,22000.0
2026-04-28,8000.0
2026-04-28,25000.0
2026-04-28,24000.0
2026-04-28,27000.0
2026-04-28,22000.0
2026-04-28,15000.0
2026-04-28,6000.0
2026-04-28,8000.0
2026-04-28,30000.0
2026-04-28,4750.0
2026-04-28,22000.0
2026-04-28,8000.0
2026-04-28,36000.0
2026-04-28,27000.0
2026-04-28,25000.0
2026-04-28,12000.0
2026-04-28,9500.0
2026-04-28,46000.0
2026-04-28,27000.0
2026-04-28,23750.0
2026-04-28,50000.0
2026-04-28,30000.0
2026-04-28,75000.0
2026-04-28,48000.0
2026-04-28,18000.0
2026-04-28,22000.0
2026-04-28,20000.0
2026-04-28,18000.0
2026-04-28,24000.0
2026-04-28,27000.0
2026-04-28,54000.0
2026-04-28,46000.0
2026-04-28,12000.0
2026-04-28,12000.0
2026-04-28,6000.0
2026-04-28,12000.0
2026-04-28,24000.0
2026-04-28,5000.0
2026-04-28,8000.0
2026-04-28,6000.0
2026-04-28,14250.0
2026-04-28,15000.0
2026-04-28,12000.0
2026-04-28,11400.0
2026-04-28,27000.0
2026-04-28,24000.0
2026-04-28,8000.0
2026-04-28,6000.0
2026-04-28,22800.0
2026-04-28,46000.0
2026-04-28,20000.0
2026-04-28,30000.0
2026-04-28,6000.0
2026-04-28,25000.0
2026-04-28,15000.0
2026-04-28,15000.0
2026-04-28,36000.0
2026-04-28,5000.0
2026-04-28,25650.0
2026-04-28,30000.0
2026-04-28,23000.0
2026-04-28,23000.0
2026-04-28,88000.0
2026-04-28,12000.0
2026-04-28,8000.0
2026-04-28,6000.0
2026-04-28,50000.0
2026-04-28,36000.0
2026-04-28,10000.0
2026-04-28,23000.0
2026-04-28,5000.0
2026-04-28,9500.0
2026-04-28,8000.0
2026-04-28,54000.0
2026-04-28,12000.0
2026-04-28,66000.0
2026-04-28,15000.0
2026-04-28,40000.0
2026-04-28,24000.0
2026-04-28,22000.0
2026-04-28,12000.0
2026-04-28,15000.0
2026-04-28,12000.0
2026-04-28,50000.0
2026-04-28,25000.0
2026-04-28,16000.0
2026-04-28,6000.0
2026-04-28,20000.0
2026-04-28,6000.0
2026-04-28,44000.0
2026-04-28,22000.0
2026-04-28,46000.0
2026-04-28,23000.0
2026-04-28,44000.0
2026-04-28,10000.0
2026-04-28,5000.0
2026-04-28,12000.0
2026-04-28,24000.0
2026-04-28,12000.0
2026-04-28,12000.0
2026-04-28,20000.0
2026-04-28,40000.0
2026-04-28,15000.0
2026-04-28,12000.0
2026-04-28,25000.0
2026-04-28,8000.0
2026-04-28,45000.0
2026-04-28,22800.0
2026-04-28,15000.0
2026-04-28,10000.0
2026-04-28,11400.0
2026-04-28,20000.0
2026-04-28,27000.0
2026-04-28,12000.0
2026-04-28,10000.0
2026-04-28,10000.0
2026-04-28,20000.0
2026-04-28,96000.0
2026-04-28,20000.0
2026-04-28,32000.0
2026-04-28,20000.0
2026-04-28,6000.0
2026-04-28,10000.0
2026-04-28,10000.0
2026-04-28,22000.0
2026-04-28,44000.0
2026-04-28,20000.0
2026-04-28,22000.0
2026-04-28,25650.0
2026-04-28,25000.0
2026-04-28,43700.0
2026-04-28,96000.0
2026-04-28,12000.0
2026-04-28,50000.0
2026-04-28,6000.0
2026-04-28,22000.0
2026-04-28,10000.0
2026-04-28,50000.0
2026-04-28,10000.0
2026-04-28,22800.0
2026-04-28,75000.0
2026-04-28,22000.0
2026-04-28,10000.0
2026-04-28,22000.0
2026-04-28,21850.0
2026-04-28,47500.0
2026-04-28,8000.0
2026-04-28,81000.0
2026-04-28,22000.0
2026-04-28,27000.0
2026-04-28,6000.0
2026-04-28,69000.0
2026-04-28,18000.0
2026-04-28,15000.0
2026-04-28,22000.0
2026-04-28,8000.0
2026-04-28,75000.0
2026-04-28,16000.0
2026-04-28,20900.0
2026-04-28,20000.0
2026-04-28,23000.0
2026-04-28,5000.0
2026-04-28,8000.0
2026-04-28,10000.0
2026-04-28,22000.0
2026-04-28,27000.0
2026-04-28,6000.0
2026-04-28,24000.0
2026-04-28,44000.0
2026-04-28,21850.0
2026-04-29,8000.0
2026-04-29,5000.0
2026-04-29,20000.0
2026-04-29,6000.0
2026-04-29,22000.0
2026-04-29,60000.0
2026-04-29,22000.0
2026-04-29,19000.0
2026-04-29,22000.0
2026-04-29,25000.0
2026-04-29,27000.0
2026-04-29,30000.0
2026-04-29,75000.0
2026-04-29,6000.0
2026-04-29,48000.0
2026-04-29,14250.0
2026-04-29,22000.0
2026-04-29,6000.0
2026-04-29,27000.0
2026-04-29,16000.0
2026-04-29,23000.0
2026-04-29,20000.0
2026-04-29,8000.0
2026-04-29,62700.0
2026-04-29,22000.0
2026-04-29,20000.0
2026-04-29,6000.0
2026-04-29,20000.0
2026-04-29,15000.0
2026-04-29,48000.0
2026-04-29,15000.0
2026-04-29,8000.0
2026-04-29,41800.0
2026-04-29,6000.0
2026-04-29,6000.0
2026-04-29,7600.0
2026-04-29,23000.0
2026-04-29,44000.0
2026-04-29,6000.0
2026-04-29,5000.0
2026-04-29,6000.0
2026-04-29,19000.0
2026-04-29,10000.0
2026-04-29,18000.0
2026-04-29,11400.0
2026-04-29,20000.0
2026-04-29,23000.0
2026-04-29,18000.0
2026-04-29,5000.0
2026-04-29,25000.0
2026-04-29,27000.0
2026-04-29,20000.0
2026-04-29,25000.0
2026-04-29,15000.0
2026-04-29,23000.0
2026-04-29,48000.0
2026-04-29,62700.0
2026-04-29,20000.0
2026-04-29,27000.0
2026-04-29,20000.0
2026-04-29,8000.0
2026-04-29,80000.0
2026-04-29,15000.0
2026-04-29,9500.0
2026-04-29,6000.0
2026-04-29,12000.0
2026-04-29,23000.0
2026-04-29,12000.0
2026-04-29,20000.0
2026-04-29,25000.0
2026-04-29,20000.0
2026-04-29,20000.0
2026-04-29,25000.0
2026-04-29,24000.0
2026-04-29,42750.0
2026-04-29,30000.0
2026-04-29,95000.0
2026-04-29,23000.0
2026-04-29,38000.0
2026-04-29,25000.0
2026-04-29,75000.0
2026-04-29,6000.0
2026-04-29,16000.0
2026-04-29,10000.0
2026-04-29,45000.0
2026-04-29,20900.0
2026-04-29,40000.0
2026-04-29,48000.0
2026-04-29,24000.0
2026-04-29,27000.0
2026-04-29,24000.0
2026-04-29,20000.0
2026-04-29,48000.0
2026-04-29,65550.0
2026-04-29,12000.0
2026-04-29,48000.0
2026-04-29,18000.0
2026-04-29,24000.0
2026-04-29,60000.0
2026-04-29,20000.0
2026-04-29,30000.0
2026-04-29,5700.0
2026-04-29,54000.0
2026-04-29,8000.0
2026-04-29,88000.0
2026-04-29,16000.0
2026-04-29,69000.0
2026-04-29,24000.0
2026-04-29,24000.0
2026-04-29,27000.0
2026-04-29,20000.0
2026-04-29,6000.0
2026-04-29,20000.0
2026-04-29,30000.0
2026-04-29,10000.0
2026-04-29,27000.0
2026-04-29,5000.0
2026-04-29,25000.0
2026-04-29,6000.0
2026-04-29,44000.0
2026-04-29,10000.0
2026-04-29,6000.0
2026-04-29,10000.0
2026-04-29,108000.0
2026-04-29,38000.0
2026-04-29,14250.0
2026-04-29,46000.0
2026-04-29,15000.0
2026-04-29,25000.0
2026-04-29,12000.0
2026-04-29,10000.0
2026-04-29,24000.0
2026-04-29,18000.0
2026-04-29,25000.0
2026-04-29,44000.0
2026-04-29,15000.0
2026-04-29,41800.0
2026-04-29,24000.0
2026-04-29,46000.0
2026-04-29,5000.0
2026-04-29,30000.0
2026-04-29,24000.0
2026-04-29,22000.0
2026-04-29,23000.0
2026-04-29,25000.0
2026-04-29,22000.0
2026-04-29,24000.0
2026-04-29,22800.0
2026-04-29,22000.0
2026-04-29,23000.0
2026-04-29,54000.0
2026-04-29,16000.0
2026-04-29,5000.0
2026-04-29,66000.0
2026-04-29,18000.0
2026-04-29,5000.0
2026-04-29,8000.0
2026-04-29,22000.0
2026-04-29,65550.0
2026-04-29,22000.0
2026-04-29,6000.0
2026-04-29,22000.0
2026-04-29,5000.0
2026-04-29,36000.0
2026-04-29,24000.0
2026-04-29,8000.0
2026-04-29,60000.0
2026-04-29,40000.0
2026-04-29,8000.0
2026-04-29,54000.0
2026-04-29,12000.0
2026-04-29,12000.0
2026-04-29,46000.0
2026-04-29,24000.0
2026-04-29,15000.0
2026-04-29,22000.0
2026-04-29,4750.0
2026-04-29,12000.0
2026-04-29,40000.0
2026-04-29,9500.0
2026-04-29,8000.0
2026-04-29,46000.0
2026-04-29,45000.0
2026-04-29,5000.0
2026-04-29,23000.0
2026-04-29,54000.0
2026-04-29,36000.0
2026-04-29,22000.0
2026-04-29,12000.0
2026-04-29,23000.0
2026-04-29,24000.0
2026-04-29,50000.0
2026-04-29,6000.0
2026-04-29,40000.0
2026-04-29,40000.0
2026-04-29,15000.0
2026-04-29,22000.0
2026-04-29,60000.0
2026-04-29,6000.0
2026-04-29,8000.0
2026-04-29,15000.0
2026-04-29,40000.0
2026-04-29,54000.0
2026-04-29,46000.0
2026-04-29,23750.0
2026-04-29,5000.0
2026-04-29,15000.0
2026-04-29,16000.0
2026-04-29,22000.0
2026-04-30,10000.0
2026-04-30,32000.0
2026-04-30,12000.0
2026-04-30,15000.0
2026-04-30,22000.0
2026-04-30,24000.0
2026-04-30,15000.0
2026-04-30,12000.0
2026-04-30,12000.0
2026-04-30,22000.0
2026-04-30,20000.0
2026-04-30,25000.0
2026-04-30,10000.0
2026-04-30,24000.0
2026-04-30,8000.0
2026-04-30,48000.0
2026-04-30,20000.0
2026-04-30,25000.0
2026-04-30,8000.0
2026-04-30,6000.0
2026-04-30,40000.0
2026-04-30,6000.0
2026-04-30,48000.0
2026-04-30,25000.0
2026-04-30,5000.0
2026-04-30,6000.0
2026-04-30,15000.0
2026-04-30,48000.0
2026-04-30,5000.0
2026-04-30,22000.0
2026-04-30,25000.0
2026-04-30,6000.0
2026-04-30,46000.0
2026-04-30,8000.0
2026-04-30,15000.0
2026-04-30,12000.0
2026-04-30,15000.0
2026-04-30,25000.0
2026-04-30,24000.0
2026-04-30,23000.0
2026-04-30,20000.0
2026-04-30,81000.0
2026-04-30,15000.0
2026-04-30,5000.0
2026-04-30,23000.0
2026-04-30,8000.0
2026-04-30,10000.0
2026-04-30,22000.0
2026-04-30,25000.0
2026-04-30,12000.0
2026-04-30,24000.0
2026-04-30,12000.0
2026-04-30,54000.0
2026-04-30,22000.0
2026-04-30,23750.0
2026-04-30,27000.0
2026-04-30,25000.0
2026-04-30,8000.0
2026-04-30,46000.0
2026-04-30,25000.0
2026-04-30,10000.0
2026-04-30,9500.0
2026-04-30,5000.0
2026-04-30,12000.0
2026-04-30,15000.0
2026-04-30,25000.0
2026-04-30,10000.0
2026-04-30,20000.0
2026-04-30,27000.0
2026-04-30,23000.0
2026-04-30,46000.0
2026-04-30,5000.0
2026-04-30,25000.0
2026-04-30,12000.0
2026-04-30,12000.0
2026-04-30,11400.0
2026-04-30,15000.0
2026-04-30,76950.0
2026-04-30,40000.0
2026-04-30,23750.0
2026-04-30,6000.0
2026-04-30,15000.0
2026-04-30,5000.0
2026-04-30,46000.0
2026-04-30,8000.0
2026-04-30,44000.0
2026-04-30,11400.0
2026-04-30,22000.0
2026-04-30,23750.0
2026-04-30,40000.0
2026-04-30,15000.0
2026-04-30,10000.0
2026-04-30,12000.0
2026-04-30,44000.0
2026-04-30,10000.0
2026-04-30,24000.0
2026-04-30,40000.0
2026-04-30,21850.0
2026-04-30,15000.0
2026-04-30,8000.0
2026-04-30,23000.0
2026-04-30,12000.0
2026-04-30,15000.0
2026-04-30,22000.0
2026-04-30,43700.0
2026-04-30,12000.0
2026-04-30,8000.0
2026-04-30,15000.0
2026-04-30,8000.0
2026-04-30,24000.0
2026-04-30,20000.0
2026-04-30,6000.0
2026-04-30,15000.0
2026-04-30,18000.0
2026-04-30,23000.0
2026-04-30,22000.0
2026-04-30,5700.0
2026-04-30,5000.0
2026-04-30,5000.0
2026-04-30,20000.0
2026-04-30,5000.0
2026-04-30,15000.0
2026-04-30,5000.0
2026-04-30,30000.0
2026-04-30,10000.0
2026-04-30,5000.0
2026-04-30,27000.0
2026-04-30,24000.0
2026-04-30,75000.0
2026-04-30,30000.0
2026-04-30,27000.0
2026-04-30,9500.0
2026-04-30,46000.0
2026-04-30,25000.0
2026-04-30,6000.0
2026-04-30,15000.0
2026-04-30,16000.0
2026-04-30,60000.0
2026-04-30,15000.0
2026-04-30,25000.0
2026-04-30,14250.0
2026-04-30,30000.0
2026-04-30,25650.0
2026-04-30,48000.0
2026-04-30,12000.0
2026-04-30,8000.0
2026-04-30,23750.0
2026-04-30,5000.0
2026-04-30,22000.0
2026-04-30,60000.0
2026-04-30,14250.0
2026-04-30,12000.0
2026-04-30,30000.0
2026-04-30,25000.0
2026-04-30,25000.0
2026-04-30,23000.0
2026-04-30,12000.0
2026-04-30,23000.0
2026-04-30,44000.0
2026-04-30,16000.0
2026-04-30,46000.0
2026-04-30,27000.0
2026-04-30,10000.0
2026-04-30,28500.0
2026-04-30,66000.0
2026-04-30,24000.0
2026-04-30,25000.0
2026-04-30,15000.0
2026-04-30,22000.0
2026-04-30,18000.0
2026-04-30,69000.0
2026-04-30,7600.0
2026-04-30,80000.0
2026-04-30,24000.0
2026-04-30,8000.0
2026-04-30,23000.0
2026-04-30,81000.0
2026-04-30,80000.0
2026-04-30,5700.0
2026-04-30,8000.0
2026-04-30,6000.0
2026-04-30,22000.0
2026-04-30,24000.0
2026-04-30,22000.0
2026-04-30,45000.0
2026-04-30,11400.0
2026-04-30,25000.0
2026-04-30,24000.0
2026-04-30,6000.0
2026-04-30,22000.0
2026-04-30,23000.0
2026-04-30,20000.0
2026-04-30,25000.0
2026-04-30,24000.0
2026-04-30,12000.0
2026-04-30,27000.0
2026-04-30,10000.0
2026-04-30,21850.0
2026-04-30,14250.0
2026-04-30,12000.0
2026-04-30,20000.0
2026-04-30,8000.0
2026-04-30,27000.0
2026-05-01,8000.0
2026-05-01,6000.0
2026-05-01,32000.0
2026-05-01,24000.0
2026-05-01,24000.0
2026-05-01,15000.0
2026-05-01,24000.0
2026-05-01,22000.0
2026-05-01,14250.0
2026-05-01,66000.0
2026-05-01,22000.0
2026-05-01,6000.0
2026-05-01,22000.0
2026-05-01,18000.0
2026-05-01,24000.0
2026-05-01,12000.0
2026-05-01,22000.0
2026-05-01,50000.0
2026-05-01,8000.0
2026-05-01,20000.0
2026-05-01,23000.0
2026-05-01,45000.0
2026-05-01,30000.0
2026-05-01,40000.0
2026-05-01,12000.0
2026-05-01,20000.0
2026-05-01,66000.0
2026-05-01,45000.0
2026-05-01,50000.0
2026-05-01,6000.0
2026-05-01,8000.0
2026-05-01,50000.0
2026-05-01,30000.0
2026-05-01,30000.0
2026-05-01,20000.0
2026-05-01,6000.0
2026-05-01,14250.0
2026-05-01,14250.0
2026-05-01,46000.0
2026-05-01,12000.0
2026-05-01,5000.0
2026-05-01,24000.0
2026-05-01,30000.0
2026-05-01,8000.0
2026-05-01,6000.0
2026-05-01,18000.0
2026-05-01,6000.0
2026-05-01,12000.0
2026-05-01,54000.0
2026-05-01,25000.0
2026-05-01,36000.0
2026-05-01,24000.0
2026-05-01,69000.0
2026-05-01,50000.0
2026-05-01,48000.0
2026-05-01,4750.0
2026-05-01,50000.0
2026-05-01,5000.0
2026-05-01,24000.0
2026-05-01,19000.0
2026-05-01,10000.0
2026-05-01,15000.0
2026-05-01,22800.0
2026-05-01,12000.0
2026-05-01,23000.0
2026-05-01,54000.0
2026-05-01,24000.0
2026-05-01,22000.0
2026-05-01,46000.0
2026-05-01,15000.0
2026-05-01,20000.0
2026-05-01,60000.0
2026-05-01,15000.0
2026-05-01,8000.0
2026-05-01,72000.0
2026-05-01,23000.0
2026-05-01,7600.0
2026-05-01,15000.0
2026-05-01,27000.0
2026-05-01,22000.0
2026-05-01,30000.0
2026-05-01,8000.0
2026-05-01,24000.0
2026-05-01,15000.0
2026-05-01,60000.0
2026-05-01,11400.0
2026-05-01,20000.0
2026-05-01,10000.0
2026-05-01,27000.0
2026-05-01,24000.0
2026-05-01,24000.0
2026-05-01,44000.0
2026-05-01,15000.0
2026-05-01,27000.0
2026-05-01,23000.0
2026-05-01,68400.0
2026-05-01,23750.0
2026-05-01,36000.0
2026-05-01,45000.0
2026-05-01,15000.0
2026-05-01,12000.0
2026-05-01,44000.0
2026-05-01,12000.0
2026-05-01,6000.0
2026-05-01,48000.0
2026-05-01,22000.0
2026-05-01,20000.0
2026-05-01,15000.0
2026-05-01,5000.0
2026-05-01,40000.0
2026-05-01,23000.0
2026-05-01,50000.0
2026-05-01,15000.0
2026-05-01,46000.0
2026-05-01,69000.0
2026-05-01,22000.0
2026-05-01,27000.0
2026-05-01,24000.0
2026-05-01,23000.0
2026-05-01,5000.0
2026-05-01,5000.0
2026-05-01,22800.0
2026-05-01,12000.0
2026-05-01,6000.0
2026-05-01,5000.0
2026-05-01,81000.0
2026-05-01,5000.0
2026-05-01,6000.0
2026-05-01,18000.0
2026-05-01,15000.0
2026-05-01,23000.0
2026-05-01,6000.0
2026-05-01,40000.0
2026-05-01,22000.0
2026-05-01,5000.0
2026-05-01,43700.0
2026-05-01,6000.0
2026-05-01,62700.0
2026-05-01,30000.0
2026-05-01,30000.0
2026-05-01,88000.0
2026-05-01,96000.0
2026-05-01,27000.0
2026-05-01,20000.0
2026-05-01,8000.0
2026-05-01,5000.0
2026-05-01,18000.0
2026-05-01,15200.0
2026-05-01,18000.0
2026-05-01,20900.0
2026-05-01,24000.0
2026-05-01,23000.0
2026-05-01,27000.0
2026-05-01,12000.0
2026-05-01,16000.0
2026-05-01,19000.0
2026-05-01,24000.0
2026-05-01,22000.0
2026-05-01,30400.0
2026-05-01,15000.0
2026-05-01,22000.0
2026-05-01,24000.0
2026-05-01,10000.0
2026-05-01,25000.0
2026-05-01,46000.0
2026-05-01,45000.0
2026-05-01,46000.0
2026-05-01,8000.0
2026-05-01,20000.0
2026-05-01,92000.0
2026-05-01,9500.0
2026-05-01,14250.0
2026-05-01,22000.0
2026-05-01,22000.0
2026-05-01,30000.0
2026-05-01,12000.0
2026-05-01,6000.0
2026-05-01,30000.0
2026-05-01,6000.0
2026-05-01,72000.0
2026-05-01,12000.0
2026-05-01,22000.0
2026-05-01,25000.0
2026-05-01,66000.0
2026-05-01,14250.0
2026-05-01,69000.0
2026-05-01,24000.0
2026-05-01,27000.0
2026-05-01,12000.0
2026-05-01,6000.0
2026-05-01,25000.0
2026-05-01,24000.0
2026-05-01,6000.0
2026-05-01,8000.0
2026-05-01,81000.0
2026-05-01,6000.0
2026-05-01,25000.0
2026-05-01,15000.0
2026-05-01,54000.0
2026-05-01,23000.0
2026-05-01,68400.0
2026-05-01,24000.0
2026-05-01,6000.0
2026-05-01,24000.0
2026-05-01,8000.0
2026-05-01,50000.0
2026-05-01,46000.0
2026-05-01,10000.0
2026-05-01,22000.0
2026-05-01,48000.0
2026-05-01,50000.0
2026-05-01,50000.0
2026-05-01,6000.0
2026-05-01,24000.0
2026-05-01,24000.0
2026-05-01,5000.0
2026-05-01,11400.0
2026-05-01,12000.0
2026-05-01,5700.0
2026-05-01,15000.0
2026-05-01,8000.0
2026-05-01,23000.0
2026-05-01,24000.0
2026-05-01,40000.0
2026-05-01,5000.0
2026-05-01,15000.0
2026-05-01,8000.0
2026-05-01,5000.0
2026-05-01,92000.0
2026-05-01,45000.0
2026-05-01,40000.0
2026-05-01,50000.0
2026-05-01,12000.0
2026-05-01,32000.0
2026-05-01,23000.0
2026-05-01,10000.0
2026-05-01,5000.0
2026-05-01,6000.0
2026-05-01,25650.0
2026-05-01,25000.0
2026-05-01,24000.0
2026-05-01,75000.0
2026-05-01,20000.0
2026-05-01,12000.0
2026-05-01,5000.0
2026-05-01,22000.0
2026-05-01,8000.0
2026-05-01,25000.0
2026-05-01,20000.0
2026-05-01,66000.0
2026-05-01,40000.0
2026-05-01,24000.0
2026-05-01,6000.0
2026-05-01,27000.0
2026-05-01,5000.0
2026-05-01,40000.0
2026-05-01,21850.0
2026-05-01,12000.0
2026-05-01,6000.0
2026-05-01,6000.0
2026-05-01,15000.0
2026-05-01,12000.0
2026-05-01,18000.0
2026-05-01,27000.0
2026-05-01,40000.0
2026-05-01,27000.0
2026-05-01,15000.0
2026-05-01,6000.0
2026-05-01,44000.0
2026-05-01,12000.0
2026-05-01,10000.0
2026-05-01,15000.0
2026-05-02,25000.0
2026-05-02,24000.0
2026-05-02,5000.0
2026-05-02,20000.0
2026-05-02,23000.0
2026-05-02,20000.0
2026-05-02,11400.0
2026-05-02,24000.0
2026-05-02,24000.0
2026-05-02,25000.0
2026-05-02,24000.0
2026-05-02,10000.0
2026-05-02,23750.0
2026-05-02,38000.0
2026-05-02,24000.0
2026-05-02,44000.0
2026-05-02,22000.0
2026-05-02,16000.0
2026-05-02,10000.0
2026-05-02,18000.0
2026-05-02,54000.0
2026-05-02,27000.0
2026-05-02,30000.0
2026-05-02,50000.0
2026-05-02,8000.0
2026-05-02,22000.0
2026-05-02,15000.0
2026-05-02,20900.0
2026-05-02,12000.0
2026-05-02,23000.0
2026-05-02,10000.0
2026-05-02,20000.0
2026-05-02,22000.0
2026-05-02,25000.0
2026-05-02,27000.0
2026-05-02,8000.0
2026-05-02,20000.0
2026-05-02,15000.0
2026-05-02,45000.0
2026-05-02,27000.0
2026-05-02,46000.0
2026-05-02,54000.0
2026-05-02,5700.0
2026-05-02,15000.0
2026-05-02,27000.0
2026-05-02,24000.0
2026-05-02,100000.0
2026-05-02,20000.0
2026-05-02,20000.0
2026-05-02,25000.0
2026-05-02,23000.0
2026-05-02,30000.0
2026-05-02,14250.0
2026-05-02,20000.0
2026-05-02,6000.0
2026-05-02,6000.0
2026-05-02,23000.0
2026-05-02,25000.0
2026-05-02,12000.0
2026-05-02,24000.0
2026-05-02,20900.0
2026-05-02,11400.0
2026-05-02,25000.0
2026-05-02,22000.0
2026-05-02,24000.0
2026-05-02,8000.0
2026-05-02,22800.0
2026-05-02,5000.0
2026-05-02,18000.0
2026-05-02,30000.0
2026-05-02,12000.0
2026-05-02,24000.0
2026-05-02,24000.0
2026-05-02,15000.0
2026-05-02,20000.0
2026-05-02,6000.0
2026-05-02,36000.0
2026-05-02,23000.0
2026-05-02,24000.0
2026-05-02,20900.0
2026-05-02,21850.0
2026-05-02,6000.0
2026-05-02,12000.0
2026-05-02,48000.0
2026-05-02,15000.0
2026-05-02,10000.0
2026-05-02,23000.0
2026-05-02,11400.0
2026-05-02,54000.0
2026-05-02,15000.0
2026-05-02,6000.0
2026-05-02,15000.0
2026-05-02,8000.0
2026-05-02,24000.0
2026-05-02,12000.0
2026-05-02,6000.0
2026-05-02,24000.0
2026-05-02,41800.0
2026-05-02,22000.0
2026-05-02,10000.0
2026-05-02,30000.0
2026-05-02,24000.0
2026-05-02,4750.0
2026-05-02,20000.0
2026-05-02,6000.0
2026-05-02,15000.0
2026-05-02,15200.0
2026-05-02,6000.0
2026-05-02,25000.0
2026-05-02,25000.0
2026-05-02,10000.0
2026-05-02,12000.0
2026-05-02,12000.0
2026-05-02,66000.0
2026-05-02,27000.0
2026-05-02,12000.0
2026-05-02,46000.0
2026-05-02,10000.0
2026-05-02,10000.0
2026-05-02,45000.0
2026-05-02,24000.0
2026-05-02,72000.0
2026-05-02,22000.0
2026-05-02,20000.0
2026-05-02,48000.0
2026-05-02,20000.0
2026-05-02,30000.0
2026-05-02,27000.0
2026-05-02,6000.0
2026-05-02,22000.0
2026-05-02,12000.0
2026-05-02,22000.0
2026-05-02,10000.0
2026-05-02,12000.0
2026-05-02,20900.0
2026-05-02,44000.0
2026-05-02,20000.0
2026-05-02,48000.0
2026-05-02,11400.0
2026-05-02,22000.0
2026-05-02,22000.0
2026-05-02,50000.0
2026-05-02,12000.0
2026-05-02,66000.0
2026-05-02,36000.0
2026-05-02,18000.0
2026-05-02,6000.0
2026-05-02,15000.0
2026-05-02,16000.0
2026-05-02,8000.0
2026-05-02,24000.0
2026-05-02,28500.0
2026-05-02,22000.0
2026-05-02,66000.0
2026-05-02,44000.0
2026-05-02,21850.0
2026-05-02,25650.0
2026-05-02,11400.0
2026-05-02,24000.0
2026-05-02,48000.0
2026-05-02,12000.0
2026-05-02,54000.0
2026-05-02,12000.0
2026-05-02,5700.0
2026-05-02,24000.0
2026-05-02,5000.0
2026-05-02,6000.0
2026-05-02,15000.0
2026-05-02,25000.0
2026-05-02,14250.0
2026-05-02,6000.0
2026-05-02,46000.0
2026-05-02,24000.0
2026-05-02,10000.0
2026-05-02,21850.0
2026-05-02,22000.0
2026-05-02,44000.0
2026-05-02,22800.0
2026-05-02,30000.0
2026-05-02,51300.0
2026-05-02,50000.0
2026-05-02,6000.0
2026-05-02,40000.0
2026-05-02,23000.0
2026-05-02,25000.0
2026-05-02,5000.0
2026-05-02,25000.0
2026-05-02,16000.0
2026-05-02,8000.0
2026-05-02,54000.0
2026-05-02,12000.0
2026-05-02,20000.0
2026-05-02,80000.0
2026-05-02,4750.0
2026-05-02,27000.0
2026-05-02,12000.0
2026-05-02,19000.0
2026-05-02,24000.0
2026-05-02,8000.0
2026-05-02,30000.0
2026-05-02,24000.0
2026-05-02,25000.0
2026-05-02,24000.0
2026-05-02,12000.0
2026-05-02,20000.0
2026-05-02,22000.0
2026-05-02,24000.0
2026-05-02,6000.0
2026-05-02,8000.0
2026-05-02,16000.0
2026-05-02,27000.0
2026-05-02,12000.0
2026-05-02,22000.0
2026-05-02,5700.0
2026-05-02,48000.0
2026-05-02,10000.0
2026-05-02,25000.0
2026-05-02,27000.0
2026-05-02,92000.0
2026-05-02,45000.0
2026-05-02,20000.0
2026-05-02,54000.0
2026-05-02,60000.0
2026-05-02,11400.0
2026-05-02,15000.0
2026-05-02,22000.0
2026-05-02,10000.0
2026-05-02,12000.0
2026-05-02,6000.0
2026-05-02,15000.0
2026-05-02,24000.0
2026-05-02,25000.0
2026-05-02,36000.0
2026-05-02,45600.0
2026-05-02,44000.0
2026-05-02,72000.0
2026-05-02,10000.0
2026-05-02,12000.0
2026-05-02,23000.0
2026-05-02,20000.0
2026-05-02,20900.0
2026-05-02,15000.0
2026-05-02,24000.0
2026-05-02,5000.0
2026-05-02,81000.0
2026-05-02,6000.0
2026-05-02,5000.0
2026-05-02,46000.0
2026-05-02,6000.0
2026-05-02,18000.0
2026-05-02,18000.0
2026-05-02,23000.0
2026-05-02,30000.0
2026-05-02,40000.0
2026-05-02,6000.0
2026-05-02,96000.0
2026-05-02,6000.0
2026-05-02,6000.0
2026-05-02,60000.0
2026-05-02,6000.0
2026-05-02,45000.0
2026-05-02,32000.0
2026-05-02,23000.0
2026-05-02,15000.0
2026-05-02,24000.0
2026-05-02,48000.0
2026-05-02,6000.0
2026-05-03,54000.0
2026-05-03,25000.0
2026-05-03,20000.0
2026-05-03,6000.0
2026-05-03,20000.0
2026-05-03,10000.0
2026-05-03,20000.0
2026-05-03,20000.0
2026-05-03,20000.0
2026-05-03,24000.0
2026-05-03,22000.0
2026-05-03,22800.0
2026-05-03,24000.0
2026-05-03,50000.0
2026-05-03,27000.0
2026-05-03,72000.0
2026-05-03,25000.0
2026-05-03,40000.0
2026-05-03,23000.0
2026-05-03,27000.0
2026-05-03,8000.0
2026-05-03,5000.0
2026-05-03,20000.0
2026-05-03,30000.0
2026-05-03,44000.0
2026-05-03,22000.0
2026-05-03,54000.0
2026-05-03,25000.0
2026-05-03,6000.0
2026-05-03,22000.0
2026-05-03,6000.0
2026-05-03,40000.0
2026-05-03,66000.0
2026-05-03,23000.0
2026-05-03,12000.0
2026-05-03,66000.0
2026-05-03,9500.0
2026-05-03,12000.0
2026-05-03,6000.0
2026-05-03,8000.0
2026-05-03,20000.0
2026-05-03,22000.0
2026-05-03,8000.0
2026-05-03,23750.0
2026-05-03,27000.0
2026-05-03,24000.0
2026-05-03,28500.0
2026-05-03,24000.0
2026-05-03,6000.0
2026-05-03,15000.0
2026-05-03,36000.0
2026-05-03,23750.0
2026-05-03,8000.0
2026-05-03,25000.0
2026-05-03,18000.0
2026-05-03,17100.0
2026-05-03,54000.0
2026-05-03,32000.0
2026-05-03,25000.0
2026-05-03,25650.0
2026-05-03,6000.0
2026-05-03,15000.0
2026-05-03,27000.0
2026-05-03,24000.0
2026-05-03,12000.0
2026-05-03,14250.0
2026-05-03,22000.0
2026-05-03,20000.0
2026-05-03,20000.0
2026-05-03,5000.0
2026-05-03,50000.0
2026-05-03,50000.0
2026-05-03,15000.0
2026-05-03,20000.0
2026-05-03,6000.0
2026-05-03,25000.0
2026-05-03,12000.0
2026-05-03,12000.0
2026-05-03,24000.0
2026-05-03,25000.0
2026-05-03,50000.0
2026-05-03,27000.0
2026-05-03,12000.0
2026-05-03,30000.0
2026-05-03,8000.0
2026-05-03,25000.0
2026-05-03,22000.0
2026-05-03,50000.0
2026-05-03,66000.0
2026-05-03,21850.0
2026-05-03,24000.0
2026-05-03,50000.0
2026-05-03,24000.0
2026-05-03,18000.0
2026-05-03,22000.0
2026-05-03,12000.0
2026-05-03,45000.0
2026-05-03,44000.0
2026-05-03,15000.0
2026-05-03,12000.0
2026-05-03,44000.0
2026-05-03,30000.0
2026-05-03,38000.0
2026-05-03,24000.0
2026-05-03,6000.0
2026-05-03,25000.0
2026-05-03,15000.0
2026-05-03,12000.0
2026-05-03,20000.0
2026-05-03,24000.0
2026-05-03,10000.0
2026-05-03,23000.0
2026-05-03,27000.0
2026-05-03,10000.0
2026-05-03,24000.0
2026-05-03,22000.0
2026-05-03,12000.0
2026-05-03,46000.0
2026-05-03,47500.0
2026-05-03,19000.0
2026-05-03,4750.0
2026-05-03,22800.0
2026-05-03,12000.0
2026-05-03,7600.0
2026-05-03,6000.0
2026-05-03,20000.0
2026-05-03,102600.0
2026-05-03,5000.0
2026-05-03,6000.0
2026-05-03,6000.0
2026-05-03,23000.0
2026-05-03,20000.0
2026-05-03,45000.0
2026-05-03,11400.0
2026-05-03,20000.0
2026-05-03,22000.0
2026-05-03,20000.0
2026-05-03,15000.0
2026-05-03,6000.0
2026-05-03,10000.0
2026-05-03,15000.0
2026-05-03,46000.0
2026-05-03,23750.0
2026-05-03,12000.0
2026-05-03,15000.0
2026-05-03,22000.0
2026-05-03,27000.0
2026-05-03,44000.0
2026-05-03,15000.0
2026-05-03,16000.0
2026-05-03,20900.0
2026-05-03,12000.0
2026-05-03,6000.0
2026-05-03,15000.0
2026-05-03,6000.0
2026-05-03,23000.0
2026-05-03,24000.0
2026-05-03,30000.0
2026-05-03,10000.0
2026-05-03,15000.0
2026-05-03,60000.0
2026-05-03,20000.0
2026-05-03,6000.0
2026-05-03,15000.0
2026-05-03,60000.0
2026-05-03,48000.0
2026-05-03,30000.0
2026-05-03,12000.0
2026-05-03,27000.0
2026-05-03,15000.0
2026-05-03,24000.0
2026-05-03,23750.0
2026-05-03,20000.0
2026-05-03,46000.0
2026-05-03,27000.0
2026-05-03,15000.0
2026-05-03,20900.0
2026-05-03,12000.0
2026-05-03,6000.0
2026-05-03,15000.0
2026-05-03,8000.0
2026-05-03,8000.0
2026-05-03,24000.0
2026-05-03,22000.0
2026-05-03,46000.0
2026-05-03,16000.0
2026-05-03,50000.0
2026-05-03,27000.0
2026-05-03,8000.0
2026-05-03,18000.0
2026-05-03,6000.0
2026-05-03,22000.0
2026-05-03,12000.0
2026-05-03,12000.0
2026-05-03,25000.0
2026-05-03,10000.0
2026-05-03,24000.0
2026-05-03,60000.0
2026-05-03,24000.0
2026-05-03,92000.0
2026-05-03,6000.0
2026-05-03,16000.0
2026-05-03,95000.0
2026-05-03,92000.0
2026-05-03,25000.0
2026-05-03,20000.0
2026-05-03,43700.0
2026-05-03,22000.0
2026-05-03,23000.0
2026-05-03,45000.0
2026-05-03,24000.0
2026-05-03,24000.0
2026-05-03,20000.0
2026-05-03,54000.0
2026-05-03,15000.0
2026-05-03,48000.0
2026-05-03,25000.0
2026-05-03,8000.0
2026-05-03,42750.0
2026-05-03,22000.0
2026-05-03,15000.0
2026-05-03,6000.0
2026-05-03,8000.0
2026-05-03,50000.0
2026-05-03,25000.0
2026-05-03,21850.0
2026-05-03,5000.0
2026-05-03,60000.0
2026-05-03,10000.0
2026-05-03,40000.0
2026-05-03,27000.0
2026-05-03,6000.0
2026-05-03,27000.0
2026-05-03,45000.0
2026-05-03,30000.0
2026-05-03,22000.0
2026-05-03,46000.0
2026-05-03,20000.0
2026-05-03,5000.0
2026-05-03,50000.0
2026-05-03,47500.0
2026-05-03,4750.0
2026-05-03,75000.0
2026-05-03,24000.0
2026-05-03,22000.0
2026-05-03,8000.0
2026-05-03,25000.0
2026-05-03,6000.0
2026-05-03,6000.0
2026-05-03,24000.0
2026-05-03,69000.0
2026-05-03,23750.0
2026-05-03,12000.0
2026-05-03,15000.0
2026-05-03,6000.0
2026-05-03,10000.0
2026-05-03,18000.0
2026-05-03,15200.0
2026-05-03,22000.0
2026-05-03,25000.0
2026-05-03,22000.0
2026-05-04,66000.0
2026-05-04,23000.0
2026-05-04,25000.0
2026-05-04,87400.0
2026-05-04,24000.0
2026-05-04,20000.0
2026-05-04,10000.0
2026-05-04,12000.0
2026-05-04,24000.0
2026-05-04,22000.0
2026-05-04,50000.0
2026-05-04,30000.0
2026-05-04,25000.0
2026-05-04,24000.0
2026-05-04,10000.0
2026-05-04,22000.0
2026-05-04,30000.0
2026-05-04,24000.0
2026-05-04,36000.0
2026-05-04,15000.0
2026-05-04,10000.0
2026-05-04,24000.0
2026-05-04,45000.0
2026-05-04,50000.0
2026-05-04,44000.0
2026-05-04,10000.0
2026-05-04,20000.0
2026-05-04,48000.0
2026-05-04,11400.0
2026-05-04,46000.0
2026-05-04,54000.0
2026-05-04,12000.0
2026-05-04,5000.0
2026-05-04,22000.0
2026-05-04,27000.0
2026-05-04,21850.0
2026-05-04,8000.0
2026-05-04,12000.0
2026-05-04,18000.0
2026-05-04,12000.0
2026-05-04,12000.0
2026-05-04,24000.0
2026-05-04,14250.0
2026-05-04,22000.0
2026-05-04,12000.0
2026-05-04,80000.0
2026-05-04,5000.0
2026-05-04,96000.0
2026-05-04,12000.0
2026-05-04,27000.0
2026-05-04,30000.0
2026-05-04,75000.0
2026-05-04,69000.0
2026-05-04,10000.0
2026-05-04,25000.0
2026-05-04,6000.0
2026-05-04,25000.0
2026-05-04,8000.0
2026-05-04,44000.0
2026-05-04,38000.0
2026-05-04,18000.0
2026-05-04,24000.0
2026-05-04,15000.0
2026-05-04,20000.0
2026-05-04,22000.0
2026-05-04,5700.0
2026-05-04,10000.0
2026-05-04,22000.0
2026-05-04,12000.0
2026-05-04,6000.0
2026-05-04,30000.0
2026-05-04,22000.0
2026-05-04,12000.0
2026-05-04,15000.0
2026-05-04,44000.0
2026-05-04,12000.0
2026-05-04,15000.0
2026-05-04,6000.0
2026-05-04,12000.0
2026-05-04,8000.0
2026-05-04,6000.0
2026-05-04,22000.0
2026-05-04,30000.0
2026-05-04,24000.0
2026-05-04,38000.0
2026-05-04,10000.0
2026-05-04,27000.0
2026-05-04,50000.0
2026-05-04,20000.0
2026-05-04,50000.0
2026-05-04,25000.0
2026-05-04,24000.0
2026-05-04,10000.0
2026-05-04,66000.0
2026-05-04,46000.0
2026-05-04,6000.0
2026-05-04,44000.0
2026-05-04,20000.0
2026-05-04,46000.0
2026-05-04,40000.0
2026-05-04,24000.0
2026-05-04,5000.0
2026-05-04,27000.0
2026-05-04,25000.0
2026-05-04,91200.0
2026-05-04,22000.0
2026-05-04,44000.0
2026-05-04,46000.0
2026-05-04,6000.0
2026-05-04,12000.0
2026-05-04,30000.0
2026-05-04,24000.0
2026-05-04,60000.0
2026-05-04,15000.0
2026-05-04,16000.0
2026-05-04,72000.0
2026-05-04,5000.0
2026-05-04,36000.0
2026-05-04,20000.0
2026-05-04,27000.0
2026-05-04,50000.0
2026-05-04,47500.0
2026-05-04,22000.0
2026-05-04,75000.0
2026-05-04,12000.0
2026-05-04,42750.0
2026-05-04,25650.0
2026-05-04,24000.0
2026-05-04,24000.0
2026-05-04,40000.0
2026-05-04,15000.0
2026-05-04,24000.0
2026-05-04,54000.0
2026-05-04,102600.0
2026-05-04,6000.0
2026-05-04,18000.0
2026-05-04,6000.0
2026-05-04,88000.0
2026-05-04,24000.0
2026-05-04,20000.0
2026-05-04,20000.0
2026-05-04,66000.0
2026-05-04,20000.0
2026-05-04,44000.0
2026-05-04,9500.0
2026-05-04,15000.0
2026-05-04,27000.0
2026-05-04,8000.0
2026-05-04,36000.0
2026-05-04,27000.0
2026-05-04,8000.0
2026-05-04,40000.0
2026-05-04,15000.0
2026-05-04,24000.0
2026-05-04,16000.0
2026-05-04,72000.0
2026-05-04,10000.0
2026-05-04,24000.0
2026-05-04,36000.0
2026-05-04,22000.0
2026-05-04,6000.0
2026-05-04,40000.0
2026-05-04,6000.0
2026-05-04,44000.0
2026-05-04,8000.0
2026-05-04,69000.0
2026-05-04,20000.0
2026-05-04,24000.0
2026-05-04,23000.0
2026-05-04,50000.0
2026-05-04,24000.0
2026-05-04,44000.0
2026-05-05,44000.0
2026-05-05,20000.0
2026-05-05,23750.0
2026-05-05,23000.0
2026-05-05,28500.0
2026-05-05,5000.0
2026-05-05,6000.0
2026-05-05,40000.0
2026-05-05,5000.0
2026-05-05,22000.0
2026-05-05,6000.0
2026-05-05,5000.0
2026-05-05,27000.0
2026-05-05,15000.0
2026-05-05,10000.0
2026-05-05,20000.0
2026-05-05,18000.0
2026-05-05,36000.0
2026-05-05,100000.0
2026-05-05,45000.0
2026-05-05,48000.0
2026-05-05,27000.0
2026-05-05,16000.0
2026-05-05,15000.0
2026-05-05,30000.0
2026-05-05,24000.0
2026-05-05,5000.0
2026-05-05,23000.0
2026-05-05,24000.0
2026-05-05,12000.0
2026-05-05,38000.0
2026-05-05,15000.0
2026-05-05,20000.0
2026-05-05,24000.0
2026-05-05,46000.0
2026-05-05,66000.0
2026-05-05,12000.0
2026-05-05,8000.0
2026-05-05,25000.0
2026-05-05,12000.0
2026-05-05,46000.0
2026-05-05,23000.0
2026-05-05,20000.0
2026-05-05,6000.0
2026-05-05,50000.0
2026-05-05,5000.0
2026-05-05,30000.0
2026-05-05,69000.0
2026-05-05,21850.0
2026-05-05,24000.0
2026-05-05,66000.0
2026-05-05,6000.0
2026-05-05,10000.0
2026-05-05,8000.0
2026-05-05,23750.0
2026-05-05,20000.0
2026-05-05,40000.0
2026-05-05,48000.0
2026-05-05,30000.0
2026-05-05,36000.0
2026-05-05,36000.0
2026-05-05,6000.0
2026-05-05,15000.0
2026-05-05,48000.0
2026-05-05,30000.0
2026-05-05,69000.0
2026-05-05,27000.0
2026-05-05,24000.0
2026-05-05,54000.0
2026-05-05,36000.0
2026-05-05,22000.0
2026-05-05,10000.0
2026-05-05,6000.0
2026-05-05,27000.0
2026-05-05,16000.0
2026-05-05,25000.0
2026-05-05,44000.0
2026-05-05,10000.0
2026-05-05,24000.0
2026-05-05,20000.0
2026-05-05,15000.0
2026-05-05,12000.0
2026-05-05,50000.0
2026-05-05,24000.0
2026-05-05,12000.0
2026-05-05,22800.0
2026-05-05,20000.0
2026-05-05,6000.0
2026-05-05,23000.0
2026-05-05,45000.0
2026-05-05,10000.0
2026-05-05,10000.0
2026-05-05,22800.0
2026-05-05,6000.0
2026-05-05,48000.0
2026-05-05,66000.0
2026-05-05,30000.0
2026-05-05,66000.0
2026-05-05,23000.0
2026-05-05,75000.0
2026-05-05,23000.0
2026-05-05,10000.0
2026-05-05,6000.0
2026-05-05,12000.0
2026-05-05,12000.0
2026-05-05,92000.0
2026-05-05,15000.0
2026-05-05,25000.0
2026-05-05,20000.0
2026-05-05,16000.0
2026-05-05,10000.0
2026-05-05,25000.0
2026-05-05,15000.0
2026-05-05,45000.0
2026-05-05,22000.0
2026-05-05,25000.0
2026-05-05,24000.0
2026-05-05,12000.0
2026-05-05,18000.0
2026-05-05,10000.0
2026-05-05,17100.0
2026-05-05,48000.0
2026-05-05,5700.0
2026-05-05,12000.0
2026-05-05,60000.0
2026-05-05,25000.0
2026-05-05,44000.0
2026-05-05,20000.0
2026-05-05,87400.0
2026-05-05,20000.0
2026-05-05,11400.0
2026-05-05,44000.0
2026-05-05,50000.0
2026-05-05,8000.0
2026-05-05,8000.0
2026-05-05,5000.0
2026-05-05,45000.0
2026-05-05,22000.0
2026-05-05,25000.0
2026-05-05,50000.0
2026-05-05,23000.0
2026-05-05,48000.0
2026-05-05,27000.0
2026-05-05,44000.0
2026-05-05,18000.0
2026-05-05,5700.0
2026-05-05,22000.0
2026-05-05,15000.0
2026-05-05,60000.0
2026-05-05,24000.0
2026-05-05,22000.0
2026-05-05,22000.0
2026-05-05,24000.0
2026-05-05,12000.0
2026-05-05,88000.0
2026-05-05,15000.0
2026-05-05,23750.0
2026-05-05,36000.0
2026-05-05,5000.0
2026-05-05,24000.0
2026-05-05,16000.0
2026-05-05,27000.0
2026-05-05,20000.0
2026-05-05,25000.0
2026-05-05,38000.0
2026-05-05,40000.0
2026-05-05,48000.0
2026-05-05,24000.0
2026-05-05,15000.0
2026-05-05,25000.0
2026-05-05,22000.0
2026-05-05,24000.0
2026-05-05,5000.0
2026-05-05,12000.0
2026-05-05,8000.0
2026-05-05,6000.0
2026-05-05,15000.0
2026-05-05,27000.0
2026-05-05,24000.0
2026-05-05,23000.0
2026-05-05,48000.0
2026-05-05,12000.0
2026-05-05,10000.0
2026-05-05,22000.0
2026-05-05,30000.0
2026-05-05,24000.0
2026-05-05,12000.0
2026-05-05,48000.0
2026-05-05,22000.0
2026-05-05,6000.0
2026-05-05,28500.0
2026-05-05,23000.0
2026-05-05,10000.0
2026-05-05,6000.0
2026-05-05,69000.0
2026-05-05,27000.0
2026-05-05,6000.0
2026-05-05,15000.0
2026-05-05,24000.0
2026-05-05,16000.0
2026-05-05,15000.0
2026-05-05,15000.0
2026-05-05,10000.0
2026-05-05,48000.0
2026-05-05,15000.0
2026-05-05,54000.0
2026-05-05,30000.0
2026-05-05,12000.0
2026-05-06,54000.0
2026-05-06,20000.0
2026-05-06,12000.0
2026-05-06,40000.0
2026-05-06,30000.0
2026-05-06,9500.0
2026-05-06,18000.0
2026-05-06,9500.0
2026-05-06,24000.0
2026-05-06,60000.0
2026-05-06,22000.0
2026-05-06,60000.0
2026-05-06,23000.0
2026-05-06,12000.0
2026-05-06,15000.0
2026-05-06,72000.0
2026-05-06,10000.0
2026-05-06,10000.0
2026-05-06,15000.0
2026-05-06,27000.0
2026-05-06,44000.0
2026-05-06,10000.0
2026-05-06,27000.0
2026-05-06,12000.0
2026-05-06,8000.0
2026-05-06,36000.0
2026-05-06,69000.0
2026-05-06,10000.0
2026-05-06,5000.0
2026-05-06,10000.0
2026-05-06,18000.0
2026-05-06,30000.0
2026-05-06,12000.0
2026-05-06,12000.0
2026-05-06,15000.0
2026-05-06,27000.0
2026-05-06,40000.0
2026-05-06,44000.0
2026-05-06,24000.0
2026-05-06,23000.0
2026-05-06,12000.0
2026-05-06,10000.0
2026-05-06,25000.0
2026-05-06,75000.0
2026-05-06,24000.0
2026-05-06,30000.0
2026-05-06,23750.0
2026-05-06,6000.0
2026-05-06,15000.0
2026-05-06,20000.0
2026-05-06,12000.0
2026-05-06,27000.0
2026-05-06,16000.0
2026-05-06,54000.0
2026-05-06,30000.0
2026-05-06,66000.0
2026-05-06,41800.0
2026-05-06,19000.0
2026-05-06,46000.0
2026-05-06,24000.0
2026-05-06,23000.0
2026-05-06,8000.0
2026-05-06,32000.0
2026-05-06,10000.0
2026-05-06,48000.0
2026-05-06,15000.0
2026-05-06,12000.0
2026-05-06,12000.0
2026-05-06,9500.0
2026-05-06,12000.0
2026-05-06,5700.0
2026-05-06,6000.0
2026-05-06,25000.0
2026-05-06,5000.0
2026-05-06,8000.0
2026-05-06,60000.0
2026-05-06,46000.0
2026-05-06,10000.0
2026-05-06,25000.0
2026-05-06,36000.0
2026-05-06,48000.0
2026-05-06,25000.0
2026-05-06,108000.0
2026-05-06,23000.0
2026-05-06,47500.0
2026-05-06,25000.0
2026-05-06,10000.0
2026-05-06,6000.0
2026-05-06,50000.0
2026-05-06,71250.0
2026-05-06,72000.0
2026-05-06,32000.0
2026-05-06,24000.0
2026-05-06,24000.0
2026-05-06,23000.0
2026-05-06,15000.0
2026-05-06,20000.0
2026-05-06,30000.0
2026-05-06,9500.0
2026-05-06,40000.0
2026-05-06,47500.0
2026-05-06,24000.0
2026-05-06,24000.0
2026-05-06,5000.0
2026-05-06,15000.0
2026-05-06,6000.0
2026-05-06,22000.0
2026-05-06,20000.0
2026-05-06,9500.0
2026-05-06,92000.0
2026-05-06,25000.0
2026-05-06,22000.0
2026-05-06,5000.0
2026-05-06,46000.0
2026-05-06,23000.0
2026-05-06,4750.0
2026-05-06,7600.0
2026-05-06,30000.0
2026-05-06,23000.0
2026-05-06,88000.0
2026-05-06,10000.0
2026-05-06,75000.0
2026-05-06,22800.0
2026-05-06,40000.0
2026-05-06,6000.0
2026-05-06,75000.0
2026-05-06,50000.0
2026-05-06,20900.0
2026-05-06,25000.0
2026-05-06,46000.0
2026-05-06,15000.0
2026-05-06,24000.0
2026-05-06,25650.0
2026-05-06,66000.0
2026-05-06,25000.0
2026-05-06,108000.0
2026-05-06,16000.0
2026-05-06,30000.0
2026-05-06,46000.0
2026-05-06,10000.0
2026-05-06,10000.0
2026-05-06,15000.0
2026-05-06,27000.0
2026-05-06,16000.0
2026-05-06,20000.0
2026-05-06,18000.0
2026-05-06,6000.0
2026-05-06,23000.0
2026-05-06,25000.0
2026-05-06,15000.0
2026-05-06,36000.0
2026-05-06,10000.0
2026-05-06,48000.0
2026-05-06,46000.0
2026-05-06,22000.0
2026-05-06,24000.0
2026-05-06,25000.0
2026-05-06,12000.0
2026-05-06,5000.0
2026-05-06,12000.0
2026-05-06,23000.0
2026-05-06,15000.0
2026-05-06,16000.0
2026-05-06,44000.0
2026-05-06,6000.0
2026-05-06,25000.0
2026-05-06,12000.0
2026-05-06,27000.0
2026-05-06,10000.0
2026-05-06,22000.0
2026-05-06,15000.0
2026-05-06,48000.0
2026-05-06,92000.0
2026-05-06,20900.0
2026-05-06,45600.0
2026-05-06,24000.0
2026-05-06,12000.0
2026-05-06,5000.0
2026-05-06,10000.0
2026-05-06,27000.0
2026-05-06,16000.0
2026-05-06,5000.0
2026-05-06,24000.0
2026-05-06,25000.0
2026-05-06,48000.0
2026-05-06,16000.0
2026-05-06,46000.0
2026-05-06,10000.0
2026-05-06,24000.0
2026-05-06,22800.0
2026-05-06,12000.0
2026-05-06,22000.0
2026-05-06,10000.0
2026-05-06,23000.0
2026-05-06,38000.0
2026-05-06,48000.0
2026-05-06,23000.0
2026-05-06,81000.0
2026-05-06,16000.0
2026-05-06,23000.0
2026-05-06,25000.0
2026-05-06,24000.0
2026-05-06,22000.0
2026-05-06,27000.0
2026-05-06,20000.0
2026-05-06,54000.0
2026-05-06,72000.0
2026-05-06,6000.0
2026-05-06,20000.0
2026-05-06,46000.0
2026-05-06,12000.0
2026-05-06,88000.0
2026-05-06,43700.0
2026-05-06,22000.0
2026-05-06,24000.0
2026-05-06,9500.0
2026-05-06,23000.0
2026-05-06,9500.0
2026-05-06,15000.0
2026-05-06,48000.0
2026-05-07,20000.0
2026-05-07,25000.0
2026-05-07,6000.0
2026-05-07,24000.0
2026-05-07,15000.0
2026-05-07,25000.0
2026-05-07,24000.0
2026-05-07,46000.0
2026-05-07,22000.0
2026-05-07,16000.0
2026-05-07,25000.0
2026-05-07,44000.0
2026-05-07,25000.0
2026-05-07,12000.0
2026-05-07,72000.0
2026-05-07,46000.0
2026-05-07,27000.0
2026-05-07,8000.0
2026-05-07,30000.0
2026-05-07,5000.0
2026-05-07,96000.0
2026-05-07,44000.0
2026-05-07,81000.0
2026-05-07,12000.0
2026-05-07,27000.0
2026-05-07,44000.0
2026-05-07,12000.0
2026-05-07,10000.0
2026-05-07,45000.0
2026-05-07,23750.0
2026-05-07,12000.0
2026-05-07,7600.0
2026-05-07,24000.0
2026-05-07,22000.0
2026-05-07,20000.0
2026-05-07,60000.0
2026-05-07,24000.0
2026-05-07,12000.0
2026-05-07,81000.0
2026-05-07,10000.0
2026-05-07,10000.0
2026-05-07,12000.0
2026-05-07,10000.0
2026-05-07,50000.0
2026-05-07,27000.0
2026-05-07,6000.0
2026-05-07,20900.0
2026-05-07,41800.0
2026-05-07,25000.0
2026-05-07,9500.0
2026-05-07,48000.0
2026-05-07,36000.0
2026-05-07,46000.0
2026-05-07,14250.0
2026-05-07,23000.0
2026-05-07,6000.0
2026-05-07,22000.0
2026-05-07,57000.0
2026-05-07,8000.0
2026-05-07,12000.0
2026-05-07,7600.0
2026-05-07,40000.0
2026-05-07,48000.0
2026-05-07,20000.0
2026-05-07,23000.0
2026-05-07,6000.0
2026-05-07,20000.0
2026-05-07,15000.0
2026-05-07,48000.0
2026-05-07,8000.0
2026-05-07,23750.0
2026-05-07,25000.0
2026-05-07,20000.0
2026-05-07,28500.0
2026-05-07,20000.0
2026-05-07,5000.0
2026-05-07,9500.0
2026-05-07,65550.0
2026-05-07,45600.0
2026-05-07,30000.0
2026-05-07,12000.0
2026-05-07,92000.0
2026-05-07,20000.0
2026-05-07,20000.0
2026-05-07,27000.0
2026-05-07,20000.0
2026-05-07,44000.0
2026-05-07,15000.0
2026-05-07,22000.0
2026-05-07,23000.0
2026-05-07,22000.0
2026-05-07,5000.0
2026-05-07,100000.0
2026-05-07,15000.0
2026-05-07,27000.0
2026-05-07,12000.0
2026-05-07,5000.0
2026-05-07,12000.0
2026-05-07,30000.0
2026-05-07,14250.0
2026-05-07,5000.0
2026-05-07,46000.0
2026-05-07,15000.0
2026-05-07,12000.0
2026-05-07,24000.0
2026-05-07,22000.0
2026-05-07,20000.0
2026-05-07,24000.0
2026-05-07,22000.0
2026-05-07,7600.0
2026-05-07,25000.0
2026-05-07,20900.0
2026-05-07,24000.0
2026-05-07,11400.0
2026-05-07,20000.0
2026-05-07,16000.0
2026-05-07,10000.0
2026-05-07,50000.0
2026-05-07,6000.0
2026-05-07,66000.0
2026-05-07,10000.0
2026-05-07,65550.0
2026-05-07,25000.0
2026-05-07,24000.0
2026-05-07,76950.0
2026-05-07,8000.0
2026-05-07,60000.0
2026-05-07,22000.0
2026-05-07,40000.0
2026-05-07,27000.0
2026-05-07,8000.0
2026-05-07,6000.0
2026-05-07,20000.0
2026-05-07,30000.0
2026-05-07,12000.0
2026-05-07,48000.0
2026-05-07,25000.0
2026-05-07,22000.0
2026-05-07,20000.0
2026-05-07,16000.0
2026-05-07,5000.0
2026-05-07,46000.0
2026-05-07,24000.0
2026-05-07,12000.0
2026-05-07,7600.0
2026-05-07,6000.0
2026-05-07,23000.0
2026-05-07,48000.0
2026-05-07,60000.0
2026-05-07,15000.0
2026-05-07,50000.0
2026-05-07,20900.0
2026-05-07,6000.0
2026-05-07,6000.0
2026-05-07,24000.0
2026-05-07,22000.0
2026-05-07,72000.0
2026-05-07,25000.0
2026-05-07,54000.0
2026-05-07,36000.0
2026-05-07,72000.0
2026-05-07,10000.0
2026-05-07,24000.0
2026-05-07,8000.0
2026-05-07,12000.0
2026-05-07,24000.0
2026-05-07,45000.0
2026-05-07,15000.0
2026-05-07,12000.0
2026-05-07,24000.0
2026-05-07,12000.0
2026-05-07,44000.0
2026-05-07,24000.0
2026-05-07,44000.0
2026-05-07,27000.0
2026-05-07,5000.0
2026-05-07,12000.0
2026-05-07,23000.0
2026-05-07,30000.0
2026-05-07,45600.0
2026-05-07,10000.0
2026-05-07,12000.0
2026-05-07,11400.0
2026-05-07,24000.0
2026-05-07,8000.0
2026-05-07,6000.0
2026-05-07,6000.0
2026-05-07,6000.0
2026-05-07,10000.0
2026-05-07,69000.0
2026-05-07,30000.0
2026-05-07,18000.0
2026-05-07,20000.0
2026-05-07,36000.0
2026-05-07,6000.0
2026-05-07,46000.0
2026-05-07,50000.0
2026-05-07,7600.0
2026-05-07,15000.0
2026-05-07,48000.0
2026-05-07,48000.0
2026-05-07,44000.0
2026-05-07,15000.0
2026-05-07,66000.0
2026-05-07,10000.0
2026-05-07,46000.0
2026-05-07,18000.0
2026-05-07,40000.0
2026-05-07,15000.0
2026-05-07,12000.0
2026-05-07,16000.0
2026-05-07,22000.0
2026-05-07,8000.0
2026-05-07,10000.0
2026-05-07,12000.0
2026-05-07,15000.0
2026-05-07,8000.0
2026-05-07,6000.0
2026-05-07,15000.0
2026-05-07,24000.0
2026-05-07,22000.0
2026-05-07,6000.0
2026-05-07,24000.0
2026-05-07,92000.0
2026-05-07,75000.0
2026-05-08,8000.0
2026-05-08,24000.0
2026-05-08,25000.0
2026-05-08,15000.0
2026-05-08,12000.0
2026-05-08,25000.0
2026-05-08,24000.0
2026-05-08,23750.0
2026-05-08,20000.0
2026-05-08,6000.0
2026-05-08,12000.0
2026-05-08,8000.0
2026-05-08,45000.0
2026-05-08,30000.0
2026-05-08,23000.0
2026-05-08,22000.0
2026-05-08,12000.0
2026-05-08,60000.0
2026-05-08,5000.0
2026-05-08,20000.0
2026-05-08,20000.0
2026-05-08,12000.0
2026-05-08,23000.0
2026-05-08,50000.0
2026-05-08,15000.0
2026-05-08,8000.0
2026-05-08,48000.0
2026-05-08,25000.0
2026-05-08,9500.0
2026-05-08,54000.0
2026-05-08,25000.0
2026-05-08,12000.0
2026-05-08,40000.0
2026-05-08,54000.0
2026-05-08,24000.0
2026-05-08,6000.0
2026-05-08,14250.0
2026-05-08,6000.0
2026-05-08,30000.0
2026-05-08,27000.0
2026-05-08,10000.0
2026-05-08,20000.0
2026-05-08,8000.0
2026-05-08,42750.0
2026-05-08,44000.0
2026-05-08,88000.0
2026-05-08,16000.0
2026-05-08,10000.0
2026-05-08,60000.0
2026-05-08,25000.0
2026-05-08,25000.0
2026-05-08,6000.0
2026-05-08,88000.0
2026-05-08,5000.0
2026-05-08,5000.0
2026-05-08,6000.0
2026-05-08,22000.0
2026-05-08,46000.0
2026-05-08,15000.0
2026-05-08,12000.0
2026-05-08,40000.0
2026-05-08,12000.0
2026-05-08,16000.0
2026-05-08,12000.0
2026-05-08,45000.0
2026-05-08,23000.0
2026-05-08,40000.0
2026-05-08,45000.0
2026-05-08,20000.0
2026-05-08,24000.0
2026-05-08,24000.0
2026-05-08,15000.0
2026-05-08,15000.0
2026-05-08,30000.0
2026-05-08,36000.0
2026-05-08,75000.0
2026-05-08,30000.0
2026-05-08,44000.0
2026-05-08,20000.0
2026-05-08,30000.0
2026-05-08,22000.0
2026-05-08,8000.0
2026-05-08,72000.0
2026-05-08,45000.0
2026-05-08,75000.0
2026-05-08,12000.0
2026-05-08,24000.0
2026-05-08,15000.0
2026-05-08,25000.0
2026-05-08,60000.0
2026-05-08,88000.0
2026-05-08,5000.0
2026-05-08,62700.0
2026-05-08,8000.0
2026-05-08,100000.0
2026-05-08,40000.0
2026-05-08,54000.0
2026-05-08,20000.0
2026-05-08,15000.0
2026-05-08,44000.0
2026-05-08,10000.0
2026-05-08,6000.0
2026-05-08,46000.0
2026-05-08,6000.0
2026-05-08,10000.0
2026-05-08,23750.0
2026-05-08,16000.0
2026-05-08,54000.0
2026-05-08,22000.0
2026-05-08,6000.0
2026-05-08,23000.0
2026-05-08,22000.0
2026-05-08,69000.0
2026-05-08,23000.0
2026-05-08,10000.0
2026-05-08,15000.0
2026-05-08,22000.0
2026-05-08,12000.0
2026-05-08,25000.0
2026-05-08,69000.0
2026-05-08,18000.0
2026-05-08,50000.0
2026-05-08,27000.0
2026-05-08,20000.0
2026-05-08,36000.0
2026-05-08,40000.0
2026-05-08,8000.0
2026-05-08,10000.0
2026-05-08,20000.0
2026-05-08,38000.0
2026-05-08,41800.0
2026-05-08,6000.0
2026-05-08,100000.0
2026-05-08,15000.0
2026-05-08,27000.0
2026-05-08,8000.0
2026-05-08,19000.0
2026-05-08,27000.0
2026-05-08,21850.0
2026-05-08,6000.0
2026-05-08,20000.0
2026-05-08,46000.0
2026-05-08,27000.0
2026-05-08,50000.0
2026-05-08,23000.0
2026-05-08,7600.0
2026-05-08,8000.0
2026-05-08,12000.0
2026-05-08,45000.0
2026-05-08,12000.0
2026-05-08,12000.0
2026-05-08,24000.0
2026-05-08,8000.0
2026-05-08,6000.0
2026-05-08,24000.0
2026-05-08,24000.0
2026-05-08,20000.0
2026-05-08,48000.0
2026-05-08,27000.0
2026-05-08,48000.0
2026-05-08,5700.0
2026-05-08,36000.0
2026-05-08,27000.0
2026-05-08,6000.0
2026-05-08,20000.0
2026-05-08,44000.0
2026-05-08,24000.0
2026-05-08,15000.0
2026-05-08,5000.0
2026-05-08,50000.0
2026-05-08,24000.0
2026-05-08,25000.0
2026-05-08,24000.0
2026-05-08,92000.0
2026-05-08,22000.0
2026-05-08,16000.0
2026-05-08,23000.0
2026-05-08,25000.0
2026-05-08,44000.0
2026-05-08,22000.0
2026-05-08,48000.0
2026-05-08,45600.0
2026-05-08,7600.0
2026-05-08,10000.0
2026-05-08,22000.0
2026-05-08,20000.0
2026-05-08,12000.0
2026-05-08,46000.0
2026-05-08,22000.0
2026-05-08,10000.0
2026-05-08,22000.0
2026-05-08,5700.0
2026-05-08,15000.0
2026-05-08,12000.0
2026-05-08,15000.0
2026-05-08,10000.0
2026-05-08,12000.0
2026-05-08,15000.0
2026-05-08,9500.0
2026-05-08,22000.0
2026-05-08,50000.0
2026-05-08,41800.0
2026-05-08,20000.0
2026-05-08,28500.0
2026-05-08,12000.0
2026-05-08,44000.0
2026-05-08,22800.0
2026-05-08,45000.0
2026-05-08,6000.0
2026-05-08,22000.0
2026-05-08,5700.0
2026-05-08,6000.0
2026-05-08,28500.0
2026-05-08,12000.0
2026-05-08,40000.0
2026-05-08,10000.0
2026-05-08,50000.0
2026-05-08,8000.0
2026-05-08,60000.0
2026-05-08,12000.0
2026-05-08,7600.0
2026-05-08,27000.0
2026-05-08,15000.0
2026-05-08,12000.0
2026-05-08,27000.0
2026-05-08,24000.0
2026-05-08,24000.0
2026-05-08,25000.0
2026-05-08,22000.0
2026-05-08,20000.0
2026-05-08,24000.0
2026-05-08,15000.0
2026-05-08,30000.0
2026-05-08,22000.0
2026-05-08,5000.0
2026-05-08,6000.0
2026-05-08,27000.0
2026-05-09,47500.0
2026-05-09,5700.0
2026-05-09,54000.0
2026-05-09,44000.0
2026-05-09,23000.0
2026-05-09,25000.0
2026-05-09,5000.0
2026-05-09,23000.0
2026-05-09,36000.0
2026-05-09,50000.0
2026-05-09,24000.0
2026-05-09,10000.0
2026-05-09,12000.0
2026-05-09,6000.0
2026-05-09,15000.0
2026-05-09,22800.0
2026-05-09,45000.0
2026-05-09,6000.0
2026-05-09,15000.0
2026-05-09,72000.0
2026-05-09,12000.0
2026-05-09,9500.0
2026-05-09,81000.0
2026-05-09,18000.0
2026-05-09,30000.0
2026-05-09,88000.0
2026-05-09,23750.0
2026-05-09,5000.0
2026-05-09,22000.0
2026-05-09,40000.0
2026-05-09,20000.0
2026-05-09,48000.0
2026-05-09,50000.0
2026-05-09,44000.0
2026-05-09,24000.0
2026-05-09,12000.0
2026-05-09,21850.0
2026-05-09,15000.0
2026-05-09,54000.0
2026-05-09,22000.0
2026-05-09,15000.0
2026-05-09,6000.0
2026-05-09,32000.0
2026-05-09,15000.0
2026-05-09,22000.0
2026-05-09,20000.0
2026-05-09,12000.0
2026-05-09,25000.0
2026-05-09,60000.0
2026-05-09,10000.0
2026-05-09,48000.0
2026-05-09,22000.0
2026-05-09,22000.0
2026-05-09,21850.0
2026-05-09,25000.0
2026-05-09,44000.0
2026-05-09,12000.0
2026-05-09,40000.0
2026-05-09,81000.0
2026-05-09,44000.0
2026-05-09,25000.0
2026-05-09,23000.0
2026-05-09,48000.0
2026-05-09,22800.0
2026-05-09,24000.0
2026-05-09,22000.0
2026-05-09,48000.0
2026-05-09,5000.0
2026-05-09,12000.0
2026-05-09,50000.0
2026-05-09,20000.0
2026-05-09,23750.0
2026-05-09,41800.0
2026-05-09,24000.0
2026-05-09,15000.0
2026-05-09,46000.0
2026-05-09,16000.0
2026-05-09,24000.0
2026-05-09,24000.0
2026-05-09,20000.0
2026-05-09,100000.0
2026-05-09,54000.0
2026-05-09,22800.0
2026-05-09,25000.0
2026-05-09,30000.0
2026-05-09,15200.0
2026-05-09,4750.0
2026-05-09,10000.0
2026-05-09,24000.0
2026-05-09,66000.0
2026-05-09,6000.0
2026-05-09,8000.0
2026-05-09,46000.0
2026-05-09,46000.0
2026-05-09,54000.0
2026-05-09,20000.0
2026-05-09,24000.0
2026-05-09,18000.0
2026-05-09,20000.0
2026-05-09,15000.0
2026-05-09,6000.0
2026-05-09,25000.0
2026-05-09,5000.0
2026-05-09,54000.0
2026-05-09,15000.0
2026-05-09,5000.0
2026-05-09,24000.0
2026-05-09,6000.0
2026-05-09,22000.0
2026-05-09,6000.0
2026-05-09,19000.0
2026-05-09,54000.0
2026-05-09,15000.0
2026-05-09,24000.0
2026-05-09,12000.0
2026-05-09,15200.0
2026-05-09,23000.0
2026-05-09,12000.0
2026-05-09,27000.0
2026-05-09,6000.0
2026-05-09,8000.0
2026-05-09,12000.0
2026-05-09,12000.0
2026-05-09,25000.0
2026-05-09,80000.0
2026-05-09,46000.0
2026-05-09,23000.0
2026-05-09,22000.0
2026-05-09,15000.0
2026-05-09,40000.0
2026-05-09,20000.0
2026-05-09,60000.0
2026-05-09,48000.0
2026-05-09,23750.0
2026-05-09,27000.0
2026-05-09,45000.0
2026-05-09,12000.0
2026-05-09,23000.0
2026-05-09,22000.0
2026-05-09,24000.0
2026-05-09,16000.0
2026-05-09,54000.0
2026-05-09,12000.0
2026-05-09,25000.0
2026-05-09,9500.0
2026-05-09,20000.0
2026-05-09,24000.0
2026-05-09,12000.0
2026-05-09,96000.0
2026-05-09,22000.0
2026-05-09,15000.0
2026-05-09,60000.0
2026-05-09,22000.0
2026-05-09,12000.0
2026-05-09,30000.0
2026-05-09,25000.0
2026-05-09,24000.0
2026-05-09,5000.0
2026-05-09,22000.0
2026-05-09,75000.0
2026-05-09,5000.0
2026-05-09,23000.0
2026-05-09,23000.0
2026-05-09,60000.0
2026-05-09,46000.0
2026-05-09,44000.0
2026-05-09,44000.0
2026-05-09,71250.0
2026-05-09,15000.0
2026-05-09,6000.0
2026-05-09,25000.0
2026-05-09,10000.0
2026-05-09,27000.0
2026-05-09,14250.0
2026-05-09,28500.0
2026-05-09,6000.0
2026-05-09,25000.0
2026-05-09,40000.0
2026-05-09,11400.0
2026-05-09,50000.0
2026-05-09,22800.0
2026-05-09,12000.0
2026-05-09,22000.0
2026-05-09,6000.0
2026-05-09,10000.0
2026-05-09,15000.0
2026-05-09,25000.0
2026-05-09,22800.0
2026-05-09,10000.0
2026-05-09,5000.0
2026-05-09,72000.0
2026-05-09,45000.0
2026-05-09,27000.0
2026-05-09,88000.0
2026-05-09,66000.0
2026-05-09,25000.0
2026-05-09,44000.0
2026-05-09,60000.0
2026-05-09,23750.0
2026-05-09,24000.0
2026-05-09,15000.0
2026-05-09,15000.0
2026-05-09,24000.0
2026-05-09,48000.0
2026-05-09,24000.0
2026-05-09,16000.0
2026-05-09,23000.0
2026-05-09,15000.0
2026-05-09,12000.0
2026-05-09,24000.0
2026-05-09,5700.0
2026-05-09,12000.0
2026-05-09,50000.0
2026-05-09,25000.0
2026-05-09,5000.0
2026-05-09,48000.0
2026-05-09,12000.0
2026-05-09,46000.0
2026-05-09,25000.0
2026-05-09,4750.0
2026-05-09,23000.0
2026-05-09,44000.0
2026-05-09,18000.0
2026-05-09,50000.0
2026-05-09,22000.0
2026-05-09,66000.0
2026-05-09,25000.0
2026-05-09,30000.0
2026-05-09,15000.0
2026-05-09,23000.0
2026-05-09,48000.0
2026-05-09,5000.0
2026-05-09,24000.0
2026-05-09,30000.0
2026-05-09,45000.0
2026-05-09,5000.0
2026-05-09,40000.0
2026-05-09,8000.0
2026-05-09,5000.0
2026-05-09,6000.0
2026-05-09,10000.0
2026-05-09,10000.0
2026-05-09,6000.0
2026-05-09,8000.0
2026-05-09,15000.0
2026-05-09,15000.0
2026-05-09,66000.0
2026-05-09,40000.0
2026-05-09,88000.0
2026-05-09,48000.0
2026-05-09,23000.0
2026-05-09,50000.0
2026-05-09,22000.0
2026-05-09,15000.0
2026-05-09,23000.0
2026-05-09,69000.0
2026-05-09,10000.0
2026-05-09,27000.0
2026-05-09,23750.0
2026-05-09,32000.0
2026-05-09,23000.0
2026-05-09,54000.0
2026-05-09,10000.0
2026-05-09,48000.0
2026-05-09,20000.0
2026-05-09,8000.0
2026-05-09,41800.0
2026-05-09,12000.0
2026-05-09,24000.0
2026-05-09,30000.0
2026-05-09,46000.0
2026-05-09,24000.0
2026-05-09,24000.0
2026-05-09,34200.0
2026-05-09,23000.0
2026-05-09,24000.0
2026-05-09,15000.0
2026-05-09,15000.0
2026-05-09,24000.0
2026-05-09,10000.0
2026-05-09,108000.0
2026-05-09,5000.0
2026-05-09,27000.0
2026-05-09,15000.0
2026-05-09,6000.0
2026-05-09,24000.0
2026-05-09,23750.0
2026-05-09,46000.0
2026-05-09,12000.0
2026-05-09,22000.0
2026-05-09,60000.0
2026-05-09,72000.0
2026-05-09,8000.0
2026-05-09,44000.0
2026-05-10,22000.0
2026-05-10,25000.0
2026-05-10,22800.0
2026-05-10,24000.0
2026-05-10,22000.0
2026-05-10,36000.0
2026-05-10,36000.0
2026-05-10,44000.0
2026-05-10,24000.0
2026-05-10,23000.0
2026-05-10,45000.0
2026-05-10,44000.0
2026-05-10,17100.0
2026-05-10,48000.0
2026-05-10,12000.0
2026-05-10,36000.0
2026-05-10,30000.0
2026-05-10,12000.0
2026-05-10,46000.0
2026-05-10,44000.0
2026-05-10,8000.0
2026-05-10,43700.0
2026-05-10,22000.0
2026-05-10,15000.0
2026-05-10,10000.0
2026-05-10,10000.0
2026-05-10,23750.0
2026-05-10,40000.0
2026-05-10,22000.0
2026-05-10,36000.0
2026-05-10,10000.0
2026-05-10,40000.0
2026-05-10,12000.0
2026-05-10,15000.0
2026-05-10,20000.0
2026-05-10,66000.0
2026-05-10,10000.0
2026-05-10,5700.0
2026-05-10,40000.0
2026-05-10,22000.0
2026-05-10,24000.0
2026-05-10,6000.0
2026-05-10,12000.0
2026-05-10,23000.0
2026-05-10,15000.0
2026-05-10,18000.0
2026-05-10,76950.0
2026-05-10,27000.0
2026-05-10,22000.0
2026-05-10,10000.0
2026-05-10,23000.0
2026-05-10,48000.0
2026-05-10,10000.0
2026-05-10,12000.0
2026-05-10,15000.0
2026-05-10,11400.0
2026-05-10,22000.0
2026-05-10,66000.0
2026-05-10,36000.0
2026-05-10,24000.0
2026-05-10,10000.0
2026-05-10,27000.0
2026-05-10,8000.0
2026-05-10,24000.0
2026-05-10,19000.0
2026-05-10,8000.0
2026-05-10,23000.0
2026-05-10,24000.0
2026-05-10,75000.0
2026-05-10,23000.0
2026-05-10,12000.0
2026-05-10,12000.0
2026-05-10,66000.0
2026-05-10,5000.0
2026-05-10,24000.0
2026-05-10,50000.0
2026-05-10,15000.0
2026-05-10,10000.0
2026-05-10,50000.0
2026-05-10,18000.0
2026-05-10,22000.0
2026-05-10,40000.0
2026-05-10,81000.0
2026-05-10,22000.0
2026-05-10,6000.0
2026-05-10,20000.0
2026-05-10,4750.0
2026-05-10,6000.0
2026-05-10,12000.0
2026-05-10,54000.0
2026-05-10,5000.0
2026-05-10,30000.0
2026-05-10,15000.0
2026-05-10,20900.0
2026-05-10,12000.0
2026-05-10,16000.0
2026-05-10,23000.0
2026-05-10,23000.0
2026-05-10,10000.0
2026-05-10,23000.0
2026-05-10,12000.0
2026-05-10,46000.0
2026-05-10,60000.0
2026-05-10,6000.0
2026-05-10,20000.0
2026-05-10,40000.0
2026-05-10,100000.0
2026-05-10,10000.0
2026-05-10,50000.0
2026-05-10,18000.0
2026-05-10,23000.0
2026-05-10,22000.0
2026-05-10,8000.0
2026-05-10,20000.0
2026-05-10,66000.0
2026-05-10,15000.0
2026-05-10,14250.0
2026-05-10,15000.0
2026-05-10,69000.0
2026-05-10,10000.0
2026-05-10,11400.0
2026-05-10,12000.0
2026-05-10,40000.0
2026-05-10,22000.0
2026-05-10,24000.0
2026-05-10,24000.0
2026-05-10,12000.0
2026-05-10,15000.0
2026-05-10,5000.0
2026-05-10,60000.0
2026-05-10,15000.0
2026-05-10,95000.0
2026-05-10,27000.0
2026-05-10,23000.0
2026-05-10,81000.0
2026-05-10,36000.0
2026-05-10,14250.0
2026-05-10,6000.0
2026-05-10,40000.0
2026-05-10,54000.0
2026-05-10,20900.0
2026-05-10,6000.0
2026-05-10,25000.0
2026-05-10,20000.0
2026-05-10,12000.0
2026-05-10,50000.0
2026-05-10,22000.0
2026-05-10,6000.0
2026-05-10,15000.0
2026-05-10,12000.0
2026-05-10,18000.0
2026-05-10,23750.0
2026-05-10,19000.0
2026-05-10,36000.0
2026-05-10,75000.0
2026-05-10,9500.0
2026-05-10,6000.0
2026-05-10,30000.0
2026-05-10,15000.0
2026-05-10,12000.0
2026-05-10,10000.0
2026-05-10,12000.0
2026-05-10,4750.0
2026-05-10,16000.0
2026-05-10,48000.0
2026-05-10,15000.0
2026-05-10,6000.0
2026-05-10,20000.0
2026-05-10,40000.0
2026-05-10,81000.0
2026-05-10,15000.0
2026-05-10,48000.0
2026-05-10,15000.0
2026-05-10,7600.0
2026-05-10,8000.0
2026-05-10,22000.0
2026-05-10,38000.0
2026-05-10,22000.0
2026-05-10,27000.0
2026-05-10,10000.0
2026-05-10,60000.0
2026-05-10,15000.0
2026-05-10,46000.0
2026-05-10,10000.0
2026-05-10,50000.0
2026-05-10,22000.0
2026-05-10,10000.0
2026-05-10,8000.0
2026-05-10,12000.0
2026-05-10,24000.0
2026-05-10,20000.0
2026-05-10,23000.0
2026-05-10,22000.0
2026-05-10,22000.0
2026-05-10,54000.0
2026-05-10,22000.0
2026-05-10,20000.0
2026-05-10,24000.0
2026-05-10,54000.0
2026-05-10,66000.0
2026-05-10,20000.0
2026-05-10,6000.0
2026-05-10,24000.0
2026-05-10,12000.0
2026-05-10,47500.0
2026-05-10,15000.0
2026-05-10,23000.0
2026-05-10,50000.0
2026-05-10,96000.0
2026-05-10,12000.0
2026-05-10,44000.0
2026-05-10,12000.0
2026-05-10,108000.0
2026-05-10,8000.0
2026-05-10,25000.0
2026-05-10,8000.0
2026-05-10,22000.0
2026-05-10,15000.0
2026-05-10,5000.0
2026-05-10,30000.0
2026-05-10,46000.0
2026-05-11,10000.0
2026-05-11,24000.0
2026-05-11,24000.0
2026-05-11,14250.0
2026-05-11,15000.0
2026-05-11,22800.0
2026-05-11,15000.0
2026-05-11,80000.0
2026-05-11,44000.0
2026-05-11,12000.0
2026-05-11,6000.0
2026-05-11,54000.0
2026-05-11,12000.0
2026-05-11,24000.0
2026-05-11,8000.0
2026-05-11,50000.0
2026-05-11,88000.0
2026-05-11,12000.0
2026-05-11,46000.0
2026-05-11,12000.0
2026-05-11,44000.0
2026-05-11,69000.0
2026-05-11,25000.0
2026-05-11,9500.0
2026-05-11,41800.0
2026-05-11,25000.0
2026-05-11,6000.0
2026-05-11,12000.0
2026-05-11,14250.0
2026-05-11,25000.0
2026-05-11,23000.0
2026-05-11,24000.0
2026-05-11,23000.0
2026-05-11,11400.0
2026-05-11,8000.0
2026-05-11,24000.0
2026-05-11,23000.0
2026-05-11,15000.0
2026-05-11,45000.0
2026-05-11,44000.0
2026-05-11,12000.0
2026-05-11,75000.0
2026-05-11,20000.0
2026-05-11,48000.0
2026-05-11,15000.0
2026-05-11,15000.0
2026-05-11,8000.0
2026-05-11,23000.0
2026-05-11,48000.0
2026-05-11,20900.0
2026-05-11,18000.0
2026-05-11,20900.0
2026-05-11,32000.0
2026-05-11,24000.0
2026-05-11,8000.0
2026-05-11,36000.0
2026-05-11,27000.0
2026-05-11,30000.0
2026-05-11,88000.0
2026-05-11,9500.0
2026-05-11,25000.0
2026-05-11,27000.0
2026-05-11,8000.0
2026-05-11,20000.0
2026-05-11,24000.0
2026-05-11,24000.0
2026-05-11,11400.0
2026-05-11,8000.0
2026-05-11,30000.0
2026-05-11,24000.0
2026-05-11,6000.0
2026-05-11,44000.0
2026-05-11,24000.0
2026-05-11,22000.0
2026-05-11,25000.0
2026-05-11,12000.0
2026-05-11,16000.0
2026-05-11,22000.0
2026-05-11,20000.0
2026-05-11,10000.0
2026-05-11,24000.0
2026-05-11,22000.0
2026-05-11,25000.0
2026-05-11,60000.0
2026-05-11,44000.0
2026-05-11,20000.0
2026-05-11,15000.0
2026-05-11,22000.0
2026-05-11,6000.0
2026-05-11,36000.0
2026-05-11,25000.0
2026-05-11,10000.0
2026-05-11,24000.0
2026-05-11,27000.0
2026-05-11,15000.0
2026-05-11,20000.0
2026-05-11,12000.0
2026-05-11,12000.0
2026-05-11,6000.0
2026-05-11,15000.0
2026-05-11,10000.0
2026-05-11,6000.0
2026-05-11,15000.0
2026-05-11,23750.0
2026-05-11,20900.0
2026-05-11,80000.0
2026-05-11,88000.0
2026-05-11,72000.0
2026-05-11,20000.0
2026-05-11,5700.0
2026-05-11,27000.0
2026-05-11,24000.0
2026-05-11,6000.0
2026-05-11,72000.0
2026-05-11,48000.0
2026-05-11,24000.0
2026-05-11,6000.0
2026-05-11,5000.0
2026-05-11,50000.0
2026-05-11,30000.0
2026-05-11,18000.0
2026-05-11,27000.0
2026-05-11,12000.0
2026-05-11,8000.0
2026-05-11,24000.0
2026-05-11,22000.0
2026-05-11,23000.0
2026-05-11,6000.0
2026-05-11,5000.0
2026-05-11,22800.0
2026-05-11,45000.0
2026-05-11,20000.0
2026-05-11,11400.0
2026-05-11,5000.0
2026-05-11,16000.0
2026-05-11,6000.0
2026-05-11,8000.0
2026-05-11,4750.0
2026-05-11,5000.0
2026-05-11,20000.0
2026-05-11,8000.0
2026-05-11,41800.0
2026-05-11,48000.0
2026-05-11,20000.0
2026-05-11,24000.0
2026-05-11,15000.0
2026-05-11,27000.0
2026-05-11,12000.0
2026-05-11,69000.0
2026-05-11,16000.0
2026-05-11,30000.0
2026-05-11,40000.0
2026-05-11,47500.0
2026-05-11,20000.0
2026-05-11,25000.0
2026-05-11,50000.0
2026-05-11,40000.0
2026-05-11,60000.0
2026-05-11,23000.0
2026-05-11,10000.0
2026-05-11,15000.0
2026-05-11,27000.0
2026-05-11,25000.0
2026-05-11,8000.0
2026-05-11,20000.0
2026-05-11,10000.0
2026-05-11,30000.0
2026-05-11,8000.0
2026-05-11,15000.0
2026-05-11,45000.0
2026-05-11,25000.0
2026-05-11,16000.0
2026-05-11,25000.0
2026-05-11,24000.0
2026-05-11,5000.0
2026-05-11,46000.0
2026-05-11,8000.0
2026-05-11,30000.0
2026-05-11,22000.0
2026-05-11,22000.0
2026-05-11,24000.0
2026-05-11,16000.0
2026-05-11,6000.0
2026-05-11,12000.0
2026-05-11,40000.0
2026-05-11,15000.0
2026-05-11,10000.0
2026-05-11,16000.0
2026-05-11,5000.0
2026-05-11,54000.0
2026-05-11,20000.0
2026-05-11,25000.0
2026-05-11,44000.0
2026-05-11,46000.0
2026-05-11,54000.0
2026-05-11,15000.0
2026-05-12,5000.0
2026-05-12,28500.0
2026-05-12,24000.0
2026-05-12,15000.0
2026-05-12,22000.0
2026-05-12,9500.0
2026-05-12,23750.0
2026-05-12,32000.0
2026-05-12,23000.0
2026-05-12,30000.0
2026-05-12,12000.0
2026-05-12,22000.0
2026-05-12,20000.0
2026-05-12,12000.0
2026-05-12,27000.0
2026-05-12,20000.0
2026-05-12,6000.0
2026-05-12,54000.0
2026-05-12,66000.0
2026-05-12,48000.0
2026-05-12,20000.0
2026-05-12,28500.0
2026-05-12,25650.0
2026-05-12,36000.0
2026-05-12,14250.0
2026-05-12,10000.0
2026-05-12,25000.0
2026-05-12,22000.0
2026-05-12,27000.0
2026-05-12,69000.0
2026-05-12,50000.0
2026-05-12,20000.0
2026-05-12,6000.0
2026-05-12,25000.0
2026-05-12,23000.0
2026-05-12,25000.0
2026-05-12,4750.0
2026-05-12,22000.0
2026-05-12,20000.0
2026-05-12,10000.0
2026-05-12,54000.0
2026-05-12,44000.0
2026-05-12,30000.0
2026-05-12,20000.0
2026-05-12,8000.0
2026-05-12,23000.0
2026-05-12,27000.0
2026-05-12,24000.0
2026-05-12,8000.0
2026-05-12,60000.0
2026-05-12,5700.0
2026-05-12,20000.0
2026-05-12,20000.0
2026-05-12,30000.0
2026-05-12,12000.0
2026-05-12,20000.0
2026-05-12,23000.0
2026-05-12,75000.0
2026-05-12,4750.0
2026-05-12,12000.0
2026-05-12,46000.0
2026-05-12,88000.0
2026-05-12,5000.0
2026-05-12,25650.0
2026-05-12,20000.0
2026-05-12,20000.0
2026-05-12,47500.0
2026-05-12,72000.0
2026-05-12,100000.0
2026-05-12,48000.0
2026-05-12,10000.0
2026-05-12,22000.0
2026-05-12,23000.0
2026-05-12,16000.0
2026-05-12,40000.0
2026-05-12,27000.0
2026-05-12,8000.0
2026-05-12,30000.0
2026-05-12,30000.0
2026-05-12,6000.0
2026-05-12,6000.0
2026-05-12,8000.0
2026-05-12,5000.0
2026-05-12,23000.0
2026-05-12,8000.0
2026-05-12,6000.0
2026-05-12,15000.0
2026-05-12,20000.0
2026-05-12,25000.0
2026-05-12,8000.0
2026-05-12,10000.0
2026-05-12,24000.0
2026-05-12,8000.0
2026-05-12,25000.0
2026-05-12,41800.0
2026-05-12,44000.0
2026-05-12,6000.0
2026-05-12,25000.0
2026-05-12,54000.0
2026-05-12,14250.0
2026-05-12,8000.0
2026-05-12,54000.0
2026-05-12,15000.0
2026-05-12,24000.0
2026-05-12,6000.0
2026-05-12,44000.0
2026-05-12,50000.0
2026-05-12,81000.0
2026-05-12,15200.0
2026-05-12,5000.0
2026-05-12,6000.0
2026-05-12,12000.0
2026-05-12,44000.0
2026-05-12,45000.0
2026-05-12,6000.0
2026-05-12,10000.0
2026-05-12,20000.0
2026-05-12,22800.0
2026-05-12,20900.0
2026-05-12,6000.0
2026-05-12,8000.0
2026-05-12,12000.0
2026-05-12,12000.0
2026-05-12,23000.0
2026-05-12,40000.0
2026-05-12,54000.0
2026-05-12,5000.0
2026-05-12,20000.0
2026-05-12,6000.0
2026-05-12,30000.0
2026-05-12,15000.0
2026-05-12,10000.0
2026-05-12,30000.0
2026-05-12,15000.0
2026-05-12,23000.0
2026-05-12,23000.0
2026-05-12,6000.0
2026-05-12,10000.0
2026-05-12,27000.0
2026-05-12,50000.0
2026-05-12,24000.0
2026-05-12,46000.0
2026-05-12,6000.0
2026-05-12,6000.0
2026-05-12,22000.0
2026-05-12,48000.0
2026-05-12,9500.0
2026-05-12,25000.0
2026-05-12,27000.0
2026-05-12,12000.0
2026-05-12,50000.0
2026-05-12,25000.0
2026-05-12,96000.0
2026-05-12,22000.0
2026-05-12,24000.0
2026-05-12,6000.0
2026-05-12,23750.0
2026-05-12,108000.0
2026-05-12,81000.0
2026-05-12,12000.0
2026-05-12,5000.0
2026-05-12,46000.0
2026-05-12,5000.0
2026-05-12,12000.0
2026-05-12,48000.0
2026-05-12,27000.0
2026-05-12,22000.0
2026-05-12,12000.0
2026-05-12,12000.0
2026-05-12,14250.0
2026-05-12,48000.0
2026-05-12,5000.0
2026-05-12,24000.0
2026-05-12,44000.0
2026-05-12,30000.0
2026-05-12,20900.0
2026-05-12,40000.0
2026-05-12,12000.0
2026-05-12,6000.0
2026-05-12,16000.0
2026-05-12,12000.0
2026-05-12,15000.0
2026-05-12,10000.0
2026-05-12,66000.0
2026-05-12,20000.0
2026-05-12,54000.0
2026-05-12,30000.0
2026-05-12,30000.0
2026-05-12,22000.0
2026-05-12,23000.0
2026-05-12,51300.0
2026-05-12,41800.0
2026-05-12,12000.0
2026-05-12,23000.0
2026-05-12,15000.0
2026-05-12,8000.0
2026-05-12,12000.0
2026-05-12,27000.0
2026-05-12,9500.0
2026-05-12,10000.0
2026-05-12,12000.0
2026-05-12,27000.0
2026-05-12,25000.0
2026-05-12,50000.0
2026-05-12,8000.0
2026-05-12,6000.0
2026-05-12,5000.0
2026-05-12,12000.0
2026-05-12,22000.0
2026-05-12,22000.0
2026-05-12,5700.0
2026-05-12,36000.0
2026-05-12,5700.0
2026-05-12,15000.0
2026-05-12,20000.0
2026-05-12,24000.0
2026-05-12,36000.0
2026-05-12,60000.0
2026-05-12,47500.0
2026-05-12,15000.0
2026-05-12,25000.0
2026-05-12,23000.0
2026-05-12,23000.0
2026-05-12,22000.0
2026-05-12,5000.0
2026-05-12,8000.0
2026-05-12,12000.0
2026-05-12,24000.0
2026-05-12,22000.0
2026-05-12,24000.0
2026-05-12,36000.0
2026-05-12,10000.0
2026-05-12,10000.0
2026-05-12,24000.0
2026-05-12,15000.0
2026-05-12,6000.0
2026-05-12,6000.0
2026-05-12,30000.0
2026-05-12,10000.0
2026-05-12,10000.0
2026-05-12,24000.0
2026-05-12,10000.0
2026-05-12,10000.0
2026-05-12,20000.0
2026-05-12,96000.0
2026-05-13,12000.0
2026-05-13,24000.0
2026-05-13,22000.0
2026-05-13,32000.0
2026-05-13,15000.0
2026-05-13,8000.0
2026-05-13,25000.0
2026-05-13,6000.0
2026-05-13,15000.0
2026-05-13,54000.0
2026-05-13,27000.0
2026-05-13,24000.0
2026-05-13,20900.0
2026-05-13,10000.0
2026-05-13,69000.0
2026-05-13,6000.0
2026-05-13,15000.0
2026-05-13,24000.0
2026-05-13,12000.0
2026-05-13,11400.0
2026-05-13,16000.0
2026-05-13,24000.0
2026-05-13,23000.0
2026-05-13,27000.0
2026-05-13,12000.0
2026-05-13,8000.0
2026-05-13,6000.0
2026-05-13,20000.0
2026-05-13,6000.0
2026-05-13,44000.0
2026-05-13,44000.0
2026-05-13,8000.0
2026-05-13,22000.0
2026-05-13,54000.0
2026-05-13,23000.0
2026-05-13,15000.0
2026-05-13,15000.0
2026-05-13,23000.0
2026-05-13,24000.0
2026-05-13,40000.0
2026-05-13,25000.0
2026-05-13,24000.0
2026-05-13,48000.0
2026-05-13,6000.0
2026-05-13,8000.0
2026-05-13,23750.0
2026-05-13,12000.0
2026-05-13,22000.0
2026-05-13,23000.0
2026-05-13,22000.0
2026-05-13,21850.0
2026-05-13,18000.0
2026-05-13,24000.0
2026-05-13,15000.0
2026-05-13,54000.0
2026-05-13,15000.0
2026-05-13,88000.0
2026-05-13,27000.0
2026-05-13,8000.0
2026-05-13,23000.0
2026-05-13,66000.0
2026-05-13,14250.0
2026-05-13,22000.0
2026-05-13,15000.0
2026-05-13,10000.0
2026-05-13,25000.0
2026-05-13,20000.0
2026-05-13,24000.0
2026-05-13,20000.0
2026-05-13,54000.0
2026-05-13,6000.0
2026-05-13,66000.0
2026-05-13,22000.0
2026-05-13,27000.0
2026-05-13,22800.0
2026-05-13,22000.0
2026-05-13,44000.0
2026-05-13,24000.0
2026-05-13,41800.0
2026-05-13,23750.0
2026-05-13,24000.0
2026-05-13,25000.0
2026-05-13,24000.0
2026-05-13,24000.0
2026-05-13,60000.0
2026-05-13,20000.0
2026-05-13,28500.0
2026-05-13,48000.0
2026-05-13,8000.0
2026-05-13,36000.0
2026-05-13,22000.0
2026-05-13,6000.0
2026-05-13,8000.0
2026-05-13,27000.0
2026-05-13,20000.0
2026-05-13,15000.0
2026-05-13,12000.0
2026-05-13,8000.0
2026-05-13,12000.0
2026-05-13,23000.0
2026-05-13,5000.0
2026-05-13,16000.0
2026-05-13,18000.0
2026-05-13,27000.0
2026-05-13,15000.0
2026-05-13,12000.0
2026-05-13,5000.0
2026-05-13,12000.0
2026-05-13,30000.0
2026-05-13,20900.0
2026-05-13,6000.0
2026-05-13,16000.0
2026-05-13,22000.0
2026-05-13,23000.0
2026-05-13,20000.0
2026-05-13,23750.0
2026-05-13,15000.0
2026-05-13,24000.0
2026-05-13,22800.0
2026-05-13,66000.0
2026-05-13,6000.0
2026-05-13,12000.0
2026-05-13,36000.0
2026-05-13,69000.0
2026-05-13,27000.0
2026-05-13,6000.0
2026-05-13,27000.0
2026-05-13,30000.0
2026-05-13,24000.0
2026-05-13,21850.0
2026-05-13,24000.0
2026-05-13,12000.0
2026-05-13,25000.0
2026-05-13,80000.0
2026-05-13,20000.0
2026-05-13,24000.0
2026-05-13,6000.0
2026-05-13,12000.0
2026-05-13,22000.0
2026-05-13,27000.0
2026-05-13,23750.0
2026-05-13,6000.0
2026-05-13,5000.0
2026-05-13,24000.0
2026-05-13,8000.0
2026-05-13,12000.0
2026-05-13,19000.0
2026-05-13,25000.0
2026-05-13,48000.0
2026-05-13,38000.0
2026-05-13,8000.0
2026-05-13,6000.0
2026-05-13,20900.0
2026-05-13,12000.0
2026-05-13,22000.0
2026-05-13,40000.0
2026-05-13,46000.0
2026-05-13,20000.0
2026-05-13,12000.0
2026-05-13,16000.0
2026-05-13,23000.0
2026-05-13,20900.0
2026-05-13,6000.0
2026-05-13,12000.0
2026-05-13,20000.0
2026-05-13,25000.0
2026-05-13,54000.0
2026-05-13,20000.0
2026-05-13,23000.0
2026-05-13,40000.0
2026-05-13,12000.0
2026-05-13,10000.0
2026-05-13,30000.0
2026-05-13,75000.0
2026-05-13,20000.0
2026-05-13,44000.0
2026-05-13,9500.0
2026-05-13,65550.0
2026-05-13,6000.0
2026-05-13,25000.0
2026-05-13,5000.0
2026-05-13,30000.0
2026-05-13,44000.0
2026-05-13,16000.0
2026-05-13,45000.0
2026-05-13,10000.0
2026-05-13,30000.0
2026-05-13,30000.0
2026-05-13,24000.0
2026-05-13,23000.0
2026-05-13,20000.0
2026-05-13,15000.0
2026-05-13,8000.0
2026-05-13,47500.0
2026-05-13,24000.0
2026-05-13,45000.0
2026-05-13,54000.0
2026-05-13,25000.0
2026-05-13,60000.0
2026-05-13,6000.0
2026-05-13,6000.0
2026-05-13,27000.0
2026-05-13,27000.0
2026-05-13,15200.0
2026-05-13,12000.0
2026-05-13,22000.0
2026-05-13,15000.0
2026-05-13,10000.0
2026-05-13,54000.0
2026-05-13,5000.0
2026-05-13,6000.0
2026-05-13,25000.0
2026-05-13,9500.0
2026-05-13,24000.0
2026-05-13,6000.0
2026-05-13,44000.0
2026-05-13,12000.0
2026-05-13,27000.0
2026-05-13,6000.0
2026-05-13,20900.0
2026-05-13,12000.0
2026-05-13,25000.0
2026-05-14,6000.0
2026-05-14,10000.0
2026-05-14,24000.0
2026-05-14,76950.0
2026-05-14,22000.0
2026-05-14,8000.0
2026-05-14,28500.0
2026-05-14,44000.0
2026-05-14,30000.0
2026-05-14,24000.0
2026-05-14,12000.0
2026-05-14,36000.0
2026-05-14,12000.0
2026-05-14,40000.0
2026-05-14,23000.0
2026-05-14,48000.0
2026-05-14,20000.0
2026-05-14,22000.0
2026-05-14,50000.0
2026-05-14,18000.0
2026-05-14,22000.0
2026-05-14,108000.0
2026-05-14,96000.0
2026-05-14,24000.0
2026-05-14,24000.0
2026-05-14,22000.0
2026-05-14,6000.0
2026-05-14,20000.0
2026-05-14,15000.0
2026-05-14,22800.0
2026-05-14,12000.0
2026-05-14,20000.0
2026-05-14,27000.0
2026-05-14,42750.0
2026-05-14,25000.0
2026-05-14,11400.0
2026-05-14,60000.0
2026-05-14,10000.0
2026-05-14,19000.0
2026-05-14,5700.0
2026-05-14,6000.0
2026-05-14,46000.0
2026-05-14,24000.0
2026-05-14,40000.0
2026-05-14,9500.0
2026-05-14,30000.0
2026-05-14,23000.0
2026-05-14,75000.0
2026-05-14,8000.0
2026-05-14,8000.0
2026-05-14,20000.0
2026-05-14,44000.0
2026-05-14,38000.0
2026-05-14,15000.0
2026-05-14,27000.0
2026-05-14,22000.0
2026-05-14,22000.0
2026-05-14,30000.0
2026-05-14,23000.0
2026-05-14,23000.0
2026-05-14,20000.0
2026-05-14,15000.0
2026-05-14,6000.0
2026-05-14,6000.0
2026-05-14,6000.0
2026-05-14,66000.0
2026-05-14,6000.0
2026-05-14,12000.0
2026-05-14,48000.0
2026-05-14,20000.0
2026-05-14,15000.0
2026-05-14,25000.0
2026-05-14,20900.0
2026-05-14,12000.0
2026-05-14,30000.0
2026-05-14,19000.0
2026-05-14,6000.0
2026-05-14,30000.0
2026-05-14,48000.0
2026-05-14,12000.0
2026-05-14,27000.0
2026-05-14,8000.0
2026-05-14,12000.0
2026-05-14,23750.0
2026-05-14,15000.0
2026-05-14,6000.0
2026-05-14,25000.0
2026-05-14,20900.0
2026-05-14,12000.0
2026-05-14,38000.0
2026-05-14,10000.0
2026-05-14,12000.0
2026-05-14,8000.0
2026-05-14,25000.0
2026-05-14,23000.0
2026-05-14,15000.0
2026-05-14,6000.0
2026-05-14,24000.0
2026-05-14,48000.0
2026-05-14,40000.0
2026-05-14,30000.0
2026-05-14,23000.0
2026-05-14,22000.0
2026-05-14,25000.0
2026-05-14,10000.0
2026-05-14,44000.0
2026-05-14,8000.0
2026-05-14,22000.0
2026-05-14,24000.0
2026-05-14,27000.0
2026-05-14,30000.0
2026-05-14,12000.0
2026-05-14,11400.0
2026-05-14,10000.0
2026-05-14,6000.0
2026-05-14,24000.0
2026-05-14,22000.0
2026-05-14,12000.0
2026-05-14,44000.0
2026-05-14,4750.0
2026-05-14,22000.0
2026-05-14,24000.0
2026-05-14,15000.0
2026-05-14,6000.0
2026-05-14,22000.0
2026-05-14,30000.0
2026-05-14,24000.0
2026-05-14,15000.0
2026-05-14,18000.0
2026-05-14,6000.0
2026-05-14,44000.0
2026-05-14,15000.0
2026-05-14,30000.0
2026-05-14,8000.0
2026-05-14,20000.0
2026-05-14,24000.0
2026-05-14,15000.0
2026-05-14,20000.0
2026-05-14,8000.0
2026-05-14,7600.0
2026-05-14,42750.0
2026-05-14,12000.0
2026-05-14,72000.0
2026-05-14,30000.0
2026-05-14,12000.0
2026-05-14,44000.0
2026-05-14,25000.0
2026-05-14,16000.0
2026-05-14,6000.0
2026-05-14,22000.0
2026-05-14,40000.0
2026-05-14,72000.0
2026-05-14,51300.0
2026-05-14,8000.0
2026-05-14,20000.0
2026-05-14,25000.0
2026-05-14,30000.0
2026-05-14,54000.0
2026-05-14,15000.0
2026-05-14,20000.0
2026-05-14,25000.0
2026-05-14,8000.0
2026-05-14,48000.0
2026-05-14,22000.0
2026-05-14,7600.0
2026-05-14,44000.0
2026-05-14,100000.0
2026-05-14,6000.0
2026-05-14,15000.0
2026-05-14,6000.0
2026-05-14,30000.0
2026-05-14,12000.0
2026-05-14,66000.0
2026-05-14,11400.0
2026-05-14,40000.0
2026-05-14,6000.0
2026-05-14,36000.0
2026-05-14,75000.0
2026-05-14,44000.0
2026-05-14,12000.0
2026-05-14,19000.0
2026-05-14,12000.0
2026-05-14,22000.0
2026-05-14,12000.0
2026-05-14,24000.0
2026-05-14,15000.0
2026-05-14,24000.0
2026-05-14,40000.0
2026-05-14,22000.0
2026-05-14,6000.0
2026-05-14,41800.0
2026-05-14,21850.0
2026-05-14,45600.0
2026-05-14,6000.0
2026-05-14,50000.0
2026-05-14,23000.0
2026-05-14,24000.0
2026-05-14,44000.0
2026-05-14,6000.0
2026-05-14,66000.0
2026-05-14,8000.0
2026-05-14,27000.0
2026-05-14,24000.0
2026-05-14,5000.0
2026-05-14,12000.0
2026-05-14,15000.0
2026-05-14,23000.0
2026-05-14,44000.0
2026-05-14,8000.0
2026-05-14,75000.0
2026-05-14,66000.0
2026-05-14,24000.0
2026-05-14,36000.0
2026-05-14,10000.0
2026-05-14,22000.0
2026-05-14,12000.0
2026-05-14,8000.0
2026-05-14,6000.0
2026-05-14,15000.0
2026-05-14,9500.0
2026-05-14,27000.0
2026-05-14,23000.0
2026-05-14,27000.0
2026-05-14,12000.0
2026-05-14,12000.0
2026-05-14,6000.0
2026-05-14,14250.0
2026-05-14,20000.0
2026-05-14,5000.0
2026-05-14,30000.0
2026-05-14,25000.0
2026-05-14,22000.0
2026-05-14,27000.0
2026-05-14,10000.0
2026-05-14,8000.0
2026-05-14,88000.0
2026-05-14,22000.0
2026-05-14,40000.0
2026-05-14,25000.0
2026-05-14,12000.0
2026-05-14,20000.0
2026-05-14,46000.0
2026-05-15,15000.0
2026-05-15,36000.0
2026-05-15,48000.0
2026-05-15,10000.0
2026-05-15,27000.0
2026-05-15,20000.0
2026-05-15,46000.0
2026-05-15,12000.0
2026-05-15,32000.0
2026-05-15,22000.0
2026-05-15,50000.0
2026-05-15,5000.0
2026-05-15,6000.0
2026-05-15,72000.0
2026-05-15,23000.0
2026-05-15,12000.0
2026-05-15,12000.0
2026-05-15,12000.0
2026-05-15,15000.0
2026-05-15,8000.0
2026-05-15,10000.0
2026-05-15,81000.0
2026-05-15,24000.0
2026-05-15,15000.0
2026-05-15,24000.0
2026-05-15,23000.0
2026-05-15,22800.0
2026-05-15,30000.0
2026-05-15,27000.0
2026-05-15,62700.0
2026-05-15,10000.0
2026-05-15,23000.0
2026-05-15,72000.0
2026-05-15,16000.0
2026-05-15,9500.0
2026-05-15,22000.0
2026-05-15,6000.0
2026-05-15,25000.0
2026-05-15,50000.0
2026-05-15,24000.0
2026-05-15,10000.0
2026-05-15,20000.0
2026-05-15,108000.0
2026-05-15,8000.0
2026-05-15,6000.0
2026-05-15,14250.0
2026-05-15,66000.0
2026-05-15,8000.0
2026-05-15,20000.0
2026-05-15,20000.0
2026-05-15,22000.0
2026-05-15,30000.0
2026-05-15,30000.0
2026-05-15,5000.0
2026-05-15,48000.0
2026-05-15,22000.0
2026-05-15,48000.0
2026-05-15,54000.0
2026-05-15,24000.0
2026-05-15,46000.0
2026-05-15,22000.0
2026-05-15,12000.0
2026-05-15,12000.0
2026-05-15,16000.0
2026-05-15,32000.0
2026-05-15,6000.0
2026-05-15,22000.0
2026-05-15,40000.0
2026-05-15,6000.0
2026-05-15,24000.0
2026-05-15,20000.0
2026-05-15,20900.0
2026-05-15,5000.0
2026-05-15,27000.0
2026-05-15,15000.0
2026-05-15,12000.0
2026-05-15,40000.0
2026-05-15,6000.0
2026-05-15,25000.0
2026-05-15,8000.0
2026-05-15,60000.0
2026-05-15,72000.0
2026-05-15,8000.0
2026-05-15,50000.0
2026-05-15,12000.0
2026-05-15,14250.0
2026-05-15,20000.0
2026-05-15,50000.0
2026-05-15,12000.0
2026-05-15,15000.0
2026-05-15,9500.0
2026-05-15,12000.0
2026-05-15,10000.0
2026-05-15,10000.0
2026-05-15,23000.0
2026-05-15,60000.0
2026-05-15,54000.0
2026-05-15,30000.0
2026-05-15,27000.0
2026-05-15,40000.0
2026-05-15,22000.0
2026-05-15,10000.0
2026-05-15,50000.0
2026-05-15,15000.0
2026-05-15,24000.0
2026-05-15,5000.0
2026-05-15,30000.0
2026-05-15,25000.0
2026-05-15,24000.0
2026-05-15,23000.0
2026-05-15,23000.0
2026-05-15,48000.0
2026-05-15,6000.0
2026-05-15,25000.0
2026-05-15,44000.0
2026-05-15,5000.0
2026-05-15,6000.0
2026-05-15,25000.0
2026-05-15,17100.0
2026-05-15,10000.0
2026-05-15,20000.0
2026-05-15,12000.0
2026-05-15,8000.0
2026-05-15,24000.0
2026-05-15,15000.0
2026-05-15,24000.0
2026-05-15,12000.0
2026-05-15,5000.0
2026-05-15,6000.0
2026-05-15,15000.0
2026-05-15,6000.0
2026-05-15,12000.0
2026-05-15,15000.0
2026-05-15,8000.0
2026-05-15,8000.0
2026-05-15,20000.0
2026-05-15,48000.0
2026-05-15,27000.0
2026-05-15,12000.0
2026-05-15,15000.0
2026-05-15,12000.0
2026-05-15,27000.0
2026-05-15,6000.0
2026-05-15,8000.0
2026-05-15,15000.0
2026-05-15,27000.0
2026-05-15,6000.0
2026-05-15,24000.0
2026-05-15,24000.0
2026-05-15,72000.0
2026-05-15,22000.0
2026-05-15,20000.0
2026-05-15,72000.0
2026-05-15,12000.0
2026-05-15,15000.0
2026-05-15,36000.0
2026-05-15,24000.0
2026-05-15,25000.0
2026-05-15,15200.0
2026-05-15,6000.0
2026-05-15,12000.0
2026-05-15,19000.0
2026-05-15,20000.0
2026-05-15,20000.0
2026-05-15,23000.0
2026-05-15,20900.0
2026-05-15,15000.0
2026-05-15,25000.0
2026-05-15,88000.0
2026-05-15,5700.0
2026-05-15,19000.0
2026-05-15,54000.0
2026-05-15,8000.0
2026-05-15,9500.0
2026-05-15,60000.0
2026-05-15,24000.0
2026-05-15,30000.0
2026-05-15,46000.0
2026-05-15,8000.0
2026-05-15,11400.0
2026-05-15,20000.0
2026-05-15,24000.0
2026-05-15,23000.0
2026-05-15,66000.0
2026-05-15,44000.0
2026-05-15,27000.0
2026-05-15,25000.0
2026-05-15,12000.0
2026-05-15,15000.0
2026-05-15,20000.0
2026-05-15,8000.0
2026-05-15,24000.0
2026-05-15,46000.0
2026-05-15,20000.0
2026-05-15,12000.0
2026-05-15,15000.0
2026-05-15,5000.0
2026-05-15,12000.0
2026-05-15,16000.0
2026-05-15,54000.0
2026-05-15,12000.0
2026-05-15,46000.0
2026-05-15,96000.0
2026-05-15,23000.0
2026-05-15,6000.0
2026-05-15,15000.0
2026-05-15,15000.0
2026-05-15,6000.0
2026-05-15,22000.0
2026-05-15,12000.0
2026-05-15,20000.0
2026-05-15,8000.0
2026-05-15,20000.0
2026-05-15,12000.0
2026-05-15,15000.0
2026-05-15,22000.0
2026-05-15,10000.0
2026-05-15,22000.0
2026-05-15,23000.0
2026-05-15,15000.0
2026-05-15,32000.0
2026-05-15,15000.0
2026-05-15,5000.0
2026-05-15,45000.0
2026-05-15,20000.0
2026-05-15,15000.0
2026-05-15,23000.0
2026-05-15,12000.0
2026-05-15,23750.0
2026-05-15,9500.0
2026-05-15,16000.0
2026-05-15,9500.0
2026-05-15,8000.0
2026-05-15,20000.0
2026-05-15,25000.0
2026-05-15,57000.0
2026-05-15,34200.0
2026-05-16,24000.0
2026-05-16,6000.0
2026-05-16,10000.0
2026-05-16,20000.0
2026-05-16,6000.0
2026-05-16,36000.0
2026-05-16,20000.0
2026-05-16,23750.0
2026-05-16,45000.0
2026-05-16,100000.0
2026-05-16,20900.0
2026-05-16,96000.0
2026-05-16,20000.0
2026-05-16,108000.0
2026-05-16,24000.0
2026-05-16,40000.0
2026-05-16,20000.0
2026-05-16,5000.0
2026-05-16,44000.0
2026-05-16,12000.0
2026-05-16,16000.0
2026-05-16,46000.0
2026-05-16,24000.0
2026-05-16,6000.0
2026-05-16,15000.0
2026-05-16,27000.0
2026-05-16,8000.0
2026-05-16,36000.0
2026-05-16,27000.0
2026-05-16,25000.0
2026-05-16,22000.0
2026-05-16,5000.0
2026-05-16,48000.0
2026-05-16,20900.0
2026-05-16,12000.0
2026-05-16,20000.0
2026-05-16,15000.0
2026-05-16,20000.0
2026-05-16,30000.0
2026-05-16,25000.0
2026-05-16,20000.0
2026-05-16,60000.0
2026-05-16,15200.0
2026-05-16,75000.0
2026-05-16,30000.0
2026-05-16,57000.0
2026-05-16,20900.0
2026-05-16,21850.0
2026-05-16,75000.0
2026-05-16,57000.0
2026-05-16,6000.0
2026-05-16,38000.0
2026-05-16,8000.0
2026-05-16,12000.0
2026-05-16,54000.0
2026-05-16,20000.0
2026-05-16,5700.0
2026-05-16,25000.0
2026-05-16,6000.0
2026-05-16,20900.0
2026-05-16,12000.0
2026-05-16,22000.0
2026-05-16,40000.0
2026-05-16,6000.0
2026-05-16,24000.0
2026-05-16,23000.0
2026-05-16,12000.0
2026-05-16,50000.0
2026-05-16,15000.0
2026-05-16,72000.0
2026-05-16,15000.0
2026-05-16,14250.0
2026-05-16,12000.0
2026-05-16,20000.0
2026-05-16,15000.0
2026-05-16,5700.0
2026-05-16,5000.0
2026-05-16,10000.0
2026-05-16,60000.0
2026-05-16,27000.0
2026-05-16,6000.0
2026-05-16,8000.0
2026-05-16,18000.0
2026-05-16,24000.0
2026-05-16,22000.0
2026-05-16,50000.0
2026-05-16,48000.0
2026-05-16,24000.0
2026-05-16,12000.0
2026-05-16,27000.0
2026-05-16,46000.0
2026-05-16,54000.0
2026-05-16,15000.0
2026-05-16,27000.0
2026-05-16,5000.0
2026-05-16,12000.0
2026-05-16,6000.0
2026-05-16,54000.0
2026-05-16,6000.0
2026-05-16,6000.0
2026-05-16,24000.0
2026-05-16,25000.0
2026-05-16,12000.0
2026-05-16,69000.0
2026-05-16,87400.0
2026-05-16,24000.0
2026-05-16,24000.0
2026-05-16,48000.0
2026-05-16,45000.0
2026-05-16,20000.0
2026-05-16,12000.0
2026-05-16,62700.0
2026-05-16,60000.0
2026-05-16,27000.0
2026-05-16,50000.0
2026-05-16,12000.0
2026-05-16,65550.0
2026-05-16,45000.0
2026-05-16,48000.0
2026-05-16,30000.0
2026-05-16,23000.0
2026-05-16,10000.0
2026-05-16,9500.0
2026-05-16,10000.0
2026-05-16,43700.0
2026-05-16,12000.0
2026-05-16,60000.0
2026-05-16,12000.0
2026-05-16,23000.0
2026-05-16,20000.0
2026-05-16,15000.0
2026-05-16,24000.0
2026-05-16,16000.0
2026-05-16,15000.0
2026-05-16,22000.0
2026-05-16,36000.0
2026-05-16,5000.0
2026-05-16,22000.0
2026-05-16,6000.0
2026-05-16,12000.0
2026-05-16,11400.0
2026-05-16,54000.0
2026-05-16,6000.0
2026-05-16,25000.0
2026-05-16,20000.0
2026-05-16,15000.0
2026-05-16,60000.0
2026-05-16,6000.0
2026-05-16,19000.0
2026-05-16,5000.0
2026-05-16,12000.0
2026-05-16,10000.0
2026-05-16,11400.0
2026-05-16,5000.0
2026-05-16,27000.0
2026-05-16,23000.0
2026-05-16,16000.0
2026-05-16,23000.0
2026-05-16,45000.0
2026-05-16,16000.0
2026-05-16,12000.0
2026-05-16,10000.0
2026-05-16,44000.0
2026-05-16,24000.0
2026-05-16,24000.0
2026-05-16,15000.0
2026-05-16,10000.0
2026-05-16,22800.0
2026-05-16,23000.0
2026-05-16,25000.0
2026-05-16,5000.0
2026-05-16,40000.0
2026-05-16,25000.0
2026-05-16,81000.0
2026-05-16,25000.0
2026-05-16,8000.0
2026-05-16,23000.0
2026-05-16,24000.0
2026-05-16,12000.0
2026-05-16,24000.0
2026-05-16,6000.0
2026-05-16,30000.0
2026-05-16,66000.0
2026-05-16,8000.0
2026-05-16,15000.0
2026-05-16,6000.0
2026-05-16,5000.0
2026-05-16,36000.0
2026-05-16,4750.0
2026-05-16,66000.0
2026-05-16,6000.0
2026-05-16,72000.0
2026-05-16,22000.0
2026-05-16,45000.0
2026-05-16,12000.0
2026-05-16,81000.0
2026-05-16,27000.0
2026-05-16,25000.0
2026-05-16,5000.0
2026-05-16,15000.0
2026-05-16,24000.0
2026-05-16,15000.0
2026-05-16,19000.0
2026-05-16,25000.0
2026-05-16,8000.0
2026-05-16,22000.0
2026-05-16,15000.0
2026-05-16,27000.0
2026-05-16,12000.0
2026-05-16,15000.0
2026-05-16,10000.0
2026-05-16,22000.0
2026-05-16,30000.0
2026-05-16,25000.0
2026-05-16,16000.0
2026-05-16,24000.0
2026-05-16,69000.0
2026-05-16,22000.0
2026-05-16,19000.0
2026-05-16,12000.0
2026-05-16,22000.0
2026-05-16,48000.0
2026-05-16,44000.0
2026-05-16,36000.0
2026-05-16,24000.0
2026-05-16,27000.0
2026-05-16,18000.0
2026-05-16,28500.0
2026-05-16,8000.0
2026-05-16,108000.0
2026-05-16,12000.0
2026-05-16,38000.0
2026-05-16,10000.0
2026-05-16,22800.0
2026-05-16,24000.0
2026-05-16,6000.0
2026-05-16,8000.0
2026-05-16,10000.0
2026-05-16,15000.0
2026-05-16,6000.0
2026-05-16,45000.0
2026-05-16,23000.0
2026-05-16,24000.0
2026-05-16,15200.0
2026-05-16,15000.0
2026-05-16,23000.0
2026-05-16,24000.0
2026-05-16,20000.0
2026-05-16,47500.0
2026-05-16,8000.0
2026-05-16,108000.0
2026-05-16,72000.0
2026-05-16,23750.0
2026-05-16,45000.0
2026-05-16,16000.0
2026-05-16,10000.0
2026-05-16,25000.0
2026-05-16,23000.0
2026-05-17,15200.0
2026-05-17,20000.0
2026-05-17,12000.0
2026-05-17,15000.0
2026-05-17,24000.0
2026-05-17,14250.0
2026-05-17,25000.0
2026-05-17,44000.0
2026-05-17,6000.0
2026-05-17,24000.0
2026-05-17,24000.0
2026-05-17,6000.0
2026-05-17,18000.0
2026-05-17,15000.0
2026-05-17,22000.0
2026-05-17,15000.0
2026-05-17,15000.0
2026-05-17,44000.0
2026-05-17,6000.0
2026-05-17,10000.0
2026-05-17,15000.0
2026-05-17,24000.0
2026-05-17,18000.0
2026-05-17,15000.0
2026-05-17,15000.0
2026-05-17,88000.0
2026-05-17,54000.0
2026-05-17,5000.0
2026-05-17,27000.0
2026-05-17,15000.0
2026-05-17,12000.0
2026-05-17,12000.0
2026-05-17,5000.0
2026-05-17,10000.0
2026-05-17,23000.0
2026-05-17,15000.0
2026-05-17,22000.0
2026-05-17,5000.0
2026-05-17,40000.0
2026-05-17,6000.0
2026-05-17,6000.0
2026-05-17,27000.0
2026-05-17,15000.0
2026-05-17,24000.0
2026-05-17,27000.0
2026-05-17,40000.0
2026-05-17,30000.0
2026-05-17,20000.0
2026-05-17,10000.0
2026-05-17,20900.0
2026-05-17,6000.0
2026-05-17,24000.0
2026-05-17,12000.0
2026-05-17,12000.0
2026-05-17,8000.0
2026-05-17,108000.0
2026-05-17,30000.0
2026-05-17,15000.0
2026-05-17,6000.0
2026-05-17,66000.0
2026-05-17,27000.0
2026-05-17,24000.0
2026-05-17,6000.0
2026-05-17,23000.0
2026-05-17,44000.0
2026-05-17,6000.0
2026-05-17,50000.0
2026-05-17,27000.0
2026-05-17,44000.0
2026-05-17,23000.0
2026-05-17,15000.0
2026-05-17,25000.0
2026-05-17,6000.0
2026-05-17,15000.0
2026-05-17,11400.0
2026-05-17,23000.0
2026-05-17,50000.0
2026-05-17,22000.0
2026-05-17,15000.0
2026-05-17,20000.0
2026-05-17,11400.0
2026-05-17,92000.0
2026-05-17,5000.0
2026-05-17,20900.0
2026-05-17,15000.0
2026-05-17,66000.0
2026-05-17,25000.0
2026-05-17,20000.0
2026-05-17,6000.0
2026-05-17,25000.0
2026-05-17,6000.0
2026-05-17,54000.0
2026-05-17,15000.0
2026-05-17,20000.0
2026-05-17,46000.0
2026-05-17,5000.0
2026-05-17,20000.0
2026-05-17,46000.0
2026-05-17,23750.0
2026-05-17,44000.0
2026-05-17,5000.0
2026-05-17,15000.0
2026-05-17,60000.0
2026-05-17,24000.0
2026-05-17,22000.0
2026-05-17,48000.0
2026-05-17,23000.0
2026-05-17,16000.0
2026-05-17,27000.0
2026-05-17,8000.0
2026-05-17,6000.0
2026-05-17,54000.0
2026-05-17,18000.0
2026-05-17,7600.0
2026-05-17,9500.0
2026-05-17,15000.0
2026-05-17,12000.0
2026-05-17,69000.0
2026-05-17,108000.0
2026-05-17,24000.0
2026-05-17,10000.0
2026-05-17,12000.0
2026-05-17,30000.0
2026-05-17,46000.0
2026-05-17,5000.0
2026-05-17,6000.0
2026-05-17,48000.0
2026-05-17,25000.0
2026-05-17,14250.0
2026-05-17,22000.0
2026-05-17,24000.0
2026-05-17,96000.0
2026-05-17,44000.0
2026-05-17,25000.0
2026-05-17,72000.0
2026-05-17,72000.0
2026-05-17,7600.0
2026-05-17,40000.0
2026-05-17,44000.0
2026-05-17,25650.0
2026-05-17,10000.0
2026-05-17,10000.0
2026-05-17,40000.0
2026-05-17,16000.0
2026-05-17,19000.0
2026-05-17,100000.0
2026-05-17,30000.0
2026-05-17,23000.0
2026-05-17,24000.0
2026-05-17,24000.0
2026-05-17,8000.0
2026-05-17,15000.0
2026-05-17,24000.0
2026-05-17,23750.0
2026-05-17,5000.0
2026-05-17,24000.0
2026-05-17,12000.0
2026-05-17,15000.0
2026-05-17,15000.0
2026-05-17,15000.0
2026-05-17,20000.0
2026-05-17,24000.0
2026-05-17,23000.0
2026-05-17,45000.0
2026-05-17,25000.0
2026-05-17,44000.0
2026-05-17,12000.0
2026-05-17,12000.0
2026-05-17,12000.0
2026-05-17,23000.0
2026-05-17,12000.0
2026-05-17,18000.0
2026-05-17,23000.0
2026-05-17,22000.0
2026-05-17,12000.0
2026-05-17,15000.0
2026-05-17,8000.0
2026-05-17,22000.0
2026-05-17,87400.0
2026-05-17,23750.0
2026-05-17,24000.0
2026-05-17,15000.0
2026-05-17,15000.0
2026-05-17,40000.0
2026-05-17,44000.0
2026-05-17,30000.0
2026-05-17,10000.0
2026-05-17,54000.0
2026-05-17,30000.0
2026-05-17,23000.0
2026-05-17,14250.0
2026-05-17,54000.0
2026-05-17,24000.0
2026-05-17,16000.0
2026-05-17,17100.0
2026-05-17,12000.0
2026-05-17,22000.0
2026-05-17,40000.0
2026-05-17,24000.0
2026-05-17,30000.0
2026-05-17,47500.0
2026-05-17,40000.0
2026-05-17,7600.0
2026-05-17,45000.0
2026-05-17,16000.0
2026-05-17,18000.0
2026-05-17,44000.0
2026-05-17,14250.0
2026-05-17,54000.0
2026-05-17,40000.0
2026-05-17,50000.0
2026-05-17,24000.0
2026-05-17,25000.0
2026-05-17,44000.0
2026-05-17,11400.0
2026-05-17,20000.0
2026-05-17,12000.0
2026-05-17,8000.0
2026-05-17,40000.0
2026-05-17,12000.0
2026-05-17,22800.0
2026-05-17,16000.0
2026-05-17,8000.0
2026-05-17,25650.0
2026-05-17,48000.0
2026-05-17,20000.0
2026-05-17,18000.0
2026-05-17,27000.0
2026-05-17,25000.0
2026-05-17,20900.0
2026-05-17,30000.0
2026-05-17,44000.0
2026-05-17,12000.0
2026-05-17,81000.0
2026-05-17,45000.0
2026-05-17,20000.0
2026-05-17,22000.0
2026-05-17,36000.0
2026-05-17,22000.0
2026-05-17,6000.0
2026-05-17,6000.0
2026-05-17,22000.0
2026-05-17,8000.0
2026-05-17,24000.0
2026-05-17,40000.0
2026-05-17,22000.0
2026-05-17,8000.0
2026-05-17,54000.0
2026-05-17,6000.0
2026-05-17,32000.0
2026-05-17,25000.0
2026-05-17,20900.0
2026-05-17,10000.0
2026-05-17,44000.0
2026-05-17,8000.0
2026-05-17,16000.0
2026-05-17,6000.0
2026-05-17,25000.0
2026-05-17,6000.0
2026-05-17,15000.0
2026-05-17,75000.0
2026-05-17,12000.0
2026-05-17,23000.0
2026-05-17,22000.0
2026-05-17,25650.0
2026-05-17,100000.0
2026-05-17,44000.0
2026-05-17,45000.0
2026-05-17,15200.0
2026-05-17,10000.0
2026-05-17,15000.0
2026-05-18,27000.0
2026-05-18,27000.0
2026-05-18,40000.0
2026-05-18,8000.0
2026-05-18,15000.0
2026-05-18,5000.0
2026-05-18,6000.0
2026-05-18,27000.0
2026-05-18,10000.0
2026-05-18,44000.0
2026-05-18,24000.0
2026-05-18,15000.0
2026-05-18,25000.0
2026-05-18,10000.0
2026-05-18,12000.0
2026-05-18,20000.0
2026-05-18,5000.0
2026-05-18,22000.0
2026-05-18,22000.0
2026-05-18,18000.0
2026-05-18,27000.0
2026-05-18,6000.0
2026-05-18,40000.0
2026-05-18,6000.0
2026-05-18,12000.0
2026-05-18,12000.0
2026-05-18,23000.0
2026-05-18,22000.0
2026-05-18,20000.0
2026-05-18,27000.0
2026-05-18,24000.0
2026-05-18,6000.0
2026-05-18,25000.0
2026-05-18,60000.0
2026-05-18,66000.0
2026-05-18,69000.0
2026-05-18,60000.0
2026-05-18,15000.0
2026-05-18,14250.0
2026-05-18,50000.0
2026-05-18,11400.0
2026-05-18,24000.0
2026-05-18,45000.0
2026-05-18,36000.0
2026-05-18,23000.0
2026-05-18,6000.0
2026-05-18,6000.0
2026-05-18,20000.0
2026-05-18,24000.0
2026-05-18,65550.0
2026-05-18,20000.0
2026-05-18,15000.0
2026-05-18,60000.0
2026-05-18,54000.0
2026-05-18,9500.0
2026-05-18,27000.0
2026-05-18,30000.0
2026-05-18,81000.0
2026-05-18,24000.0
2026-05-18,20000.0
2026-05-18,16000.0
2026-05-18,12000.0
2026-05-18,25000.0
2026-05-18,6000.0
2026-05-18,66000.0
2026-05-18,5000.0
2026-05-18,6000.0
2026-05-18,8000.0
2026-05-18,30000.0
2026-05-18,10000.0
2026-05-18,48000.0
2026-05-18,15000.0
2026-05-18,6000.0
2026-05-18,10000.0
2026-05-18,80000.0
2026-05-18,12000.0
2026-05-18,22000.0
2026-05-18,6000.0
2026-05-18,40000.0
2026-05-18,25000.0
2026-05-18,20000.0
2026-05-18,12000.0
2026-05-18,12000.0
2026-05-18,15000.0
2026-05-18,88000.0
2026-05-18,15000.0
2026-05-18,27000.0
2026-05-18,9500.0
2026-05-18,24000.0
2026-05-18,45600.0
2026-05-18,24000.0
2026-05-18,12000.0
2026-05-18,46000.0
2026-05-18,20000.0
2026-05-18,44000.0
2026-05-18,5700.0
2026-05-18,20000.0
2026-05-18,6000.0
2026-05-18,20000.0
2026-05-18,18000.0
2026-05-18,50000.0
2026-05-18,30000.0
2026-05-18,4750.0
2026-05-18,25000.0
2026-05-18,40000.0
2026-05-18,48000.0
2026-05-18,100000.0
2026-05-18,6000.0
2026-05-18,24000.0
2026-05-18,80000.0
2026-05-18,100000.0
2026-05-18,24000.0
2026-05-18,6000.0
2026-05-18,20000.0
2026-05-18,22000.0
2026-05-18,75000.0
2026-05-18,8000.0
2026-05-18,60000.0
2026-05-18,23000.0
2026-05-18,22000.0
2026-05-18,24000.0
2026-05-18,21850.0
2026-05-18,45600.0
2026-05-18,6000.0
2026-05-18,24000.0
2026-05-18,66000.0
2026-05-18,5000.0
2026-05-18,15000.0
2026-05-18,81000.0
2026-05-18,10000.0
2026-05-18,60000.0
2026-05-18,27000.0
2026-05-18,12000.0
2026-05-18,30000.0
2026-05-18,10000.0
2026-05-18,30000.0
2026-05-18,5700.0
2026-05-18,22000.0
2026-05-18,22000.0
2026-05-18,22000.0
2026-05-18,6000.0
2026-05-18,23000.0
2026-05-18,5000.0
2026-05-18,20900.0
2026-05-18,12000.0
2026-05-18,48000.0
2026-05-18,6000.0
2026-05-18,30000.0
2026-05-18,15000.0
2026-05-18,8000.0
2026-05-18,6000.0
2026-05-18,66000.0
2026-05-18,15000.0
2026-05-18,12000.0
2026-05-18,54000.0
2026-05-18,4750.0
2026-05-18,22000.0
2026-05-18,32000.0
2026-05-18,6000.0
2026-05-18,15000.0
2026-05-18,50000.0
2026-05-18,66000.0
2026-05-18,81000.0
2026-05-18,10000.0
2026-05-18,30400.0
2026-05-18,27000.0
2026-05-18,16000.0
2026-05-18,20000.0
2026-05-18,83600.0
2026-05-18,44000.0
2026-05-18,96000.0
2026-05-18,5000.0
2026-05-18,20000.0
2026-05-18,45000.0
2026-05-18,23000.0
2026-05-18,30000.0
2026-05-18,24000.0
2026-05-18,25000.0
2026-05-18,20000.0
2026-05-18,27000.0
2026-05-18,44000.0
2026-05-18,19000.0
2026-05-18,8000.0
2026-05-18,6000.0
2026-05-18,24000.0
2026-05-18,30000.0
2026-05-18,50000.0
2026-05-18,15000.0
2026-05-18,12000.0
2026-05-18,23750.0
2026-05-18,16000.0
2026-05-18,5700.0
2026-05-18,19000.0
2026-05-18,22800.0
2026-05-18,23000.0
2026-05-18,50000.0
2026-05-18,12000.0
2026-05-18,24000.0
2026-05-18,44000.0
2026-05-18,5700.0
2026-05-18,16000.0
2026-05-18,12000.0
2026-05-18,12000.0
2026-05-18,22000.0
2026-05-18,10000.0
2026-05-19,24000.0
2026-05-19,8000.0
2026-05-19,15000.0
2026-05-19,8000.0
2026-05-19,20000.0
2026-05-19,15200.0
2026-05-19,18000.0
2026-05-19,15000.0
2026-05-19,27000.0
2026-05-19,22800.0
2026-05-19,19000.0
2026-05-19,21850.0
2026-05-19,22000.0
2026-05-19,20000.0
2026-05-19,36000.0
2026-05-19,25000.0
2026-05-19,44000.0
2026-05-19,10000.0
2026-05-19,24000.0
2026-05-19,23000.0
2026-05-19,24000.0
2026-05-19,6000.0
2026-05-19,6000.0
2026-05-19,28500.0
2026-05-19,24000.0
2026-05-19,8000.0
2026-05-19,50000.0
2026-05-19,14250.0
2026-05-19,6000.0
2026-05-19,91200.0
2026-05-19,10000.0
2026-05-19,18000.0
2026-05-19,15000.0
2026-05-19,27000.0
2026-05-19,12000.0
2026-05-19,40000.0
2026-05-19,50000.0
2026-05-19,27000.0
2026-05-19,12000.0
2026-05-19,8000.0
2026-05-19,30000.0
2026-05-19,28500.0
2026-05-19,6000.0
2026-05-19,44000.0
2026-05-19,6000.0
2026-05-19,24000.0
2026-05-19,10000.0
2026-05-19,50000.0
2026-05-19,22800.0
2026-05-19,6000.0
2026-05-19,48000.0
2026-05-19,6000.0
2026-05-19,8000.0
2026-05-19,20000.0
2026-05-19,24000.0
2026-05-19,30000.0
2026-05-19,32000.0
2026-05-19,5000.0
2026-05-19,50000.0
2026-05-19,46000.0
2026-05-19,88000.0
2026-05-19,20000.0
2026-05-19,11400.0
2026-05-19,24000.0
2026-05-19,16000.0
2026-05-19,23000.0
2026-05-19,6000.0
2026-05-19,18000.0
2026-05-19,22000.0
2026-05-19,72000.0
2026-05-19,15000.0
2026-05-19,46000.0
2026-05-19,30400.0
2026-05-19,24000.0
2026-05-19,15000.0
2026-05-19,23000.0
2026-05-19,10000.0
2026-05-19,24000.0
2026-05-19,5700.0
2026-05-19,12000.0
2026-05-19,50000.0
2026-05-19,25000.0
2026-05-19,10000.0
2026-05-19,22000.0
2026-05-19,6000.0
2026-05-19,12000.0
2026-05-19,20000.0
2026-05-19,6000.0
2026-05-19,15000.0
2026-05-19,23000.0
2026-05-19,12000.0
2026-05-19,71250.0
2026-05-19,5700.0
2026-05-19,27000.0
2026-05-19,5000.0
2026-05-19,5000.0
2026-05-19,15000.0
2026-05-19,12000.0
2026-05-19,5000.0
2026-05-19,25000.0
2026-05-19,20000.0
2026-05-19,5700.0
2026-05-19,28500.0
2026-05-19,40000.0
2026-05-19,46000.0
2026-05-19,54000.0
2026-05-19,20000.0
2026-05-19,15000.0
2026-05-19,24000.0
2026-05-19,20900.0
2026-05-19,25000.0
2026-05-19,12000.0
2026-05-19,50000.0
2026-05-19,10000.0
2026-05-19,15000.0
2026-05-19,54000.0
2026-05-19,25000.0
2026-05-19,32000.0
2026-05-19,25000.0
2026-05-19,6000.0
2026-05-19,4750.0
2026-05-19,48000.0
2026-05-19,40000.0
2026-05-19,88000.0
2026-05-19,22000.0
2026-05-19,30000.0
2026-05-19,25000.0
2026-05-19,24000.0
2026-05-19,22000.0
2026-05-19,23000.0
2026-05-19,15000.0
2026-05-19,6000.0
2026-05-19,60000.0
2026-05-19,25000.0
2026-05-19,12000.0
2026-05-19,96000.0
2026-05-19,66000.0
2026-05-19,75000.0
2026-05-19,24000.0
2026-05-19,23000.0
2026-05-19,25000.0
2026-05-19,27000.0
2026-05-19,12000.0
2026-05-19,4750.0
2026-05-19,8000.0
2026-05-19,69000.0
2026-05-19,20900.0
2026-05-19,6000.0
2026-05-19,6000.0
2026-05-19,44000.0
2026-05-19,6000.0
2026-05-19,23750.0
2026-05-19,12000.0
2026-05-19,60000.0
2026-05-19,30000.0
2026-05-19,5000.0
2026-05-19,44000.0
2026-05-19,40000.0
2026-05-19,12000.0
2026-05-19,81000.0
2026-05-19,6000.0
2026-05-19,10000.0
2026-05-19,24000.0
2026-05-19,23000.0
2026-05-19,75000.0
2026-05-19,10000.0
2026-05-19,14250.0
2026-05-19,25650.0
2026-05-19,20900.0
2026-05-19,54000.0
2026-05-19,8000.0
2026-05-19,5000.0
2026-05-19,15000.0
2026-05-19,22000.0
2026-05-19,54000.0
2026-05-19,9500.0
2026-05-19,12000.0
2026-05-19,23000.0
2026-05-19,24000.0
2026-05-19,46000.0
2026-05-19,7600.0
2026-05-19,10000.0
2026-05-19,60000.0
2026-05-19,44000.0
2026-05-19,18000.0
2026-05-19,10000.0
2026-05-19,75000.0
2026-05-19,18000.0
2026-05-19,12000.0
2026-05-19,12000.0
2026-05-19,50000.0
2026-05-19,15000.0
2026-05-19,48000.0
2026-05-19,6000.0
2026-05-19,10000.0
2026-05-19,16000.0
2026-05-19,30000.0
2026-05-19,5000.0
2026-05-19,12000.0
2026-05-19,69000.0
2026-05-19,12000.0
2026-05-19,20000.0
2026-05-19,19000.0
2026-05-19,12000.0
2026-05-19,30000.0
2026-05-19,6000.0
2026-05-19,4750.0
2026-05-19,25000.0
2026-05-19,45000.0
2026-05-19,81000.0
2026-05-19,24000.0
2026-05-20,22800.0
2026-05-20,23000.0
2026-05-20,48000.0
2026-05-20,27000.0
2026-05-20,16000.0
2026-05-20,5700.0
2026-05-20,23000.0
2026-05-20,5000.0
2026-05-20,15000.0
2026-05-20,27000.0
2026-05-20,15000.0
2026-05-20,15000.0
2026-05-20,24000.0
2026-05-20,21850.0
2026-05-20,25000.0
2026-05-20,60000.0
2026-05-20,10000.0
2026-05-20,12000.0
2026-05-20,22000.0
2026-05-20,23000.0
2026-05-20,12000.0
2026-05-20,15000.0
2026-05-20,60000.0
2026-05-20,4750.0
2026-05-20,12000.0
2026-05-20,48000.0
2026-05-20,4750.0
2026-05-20,23000.0
2026-05-20,22800.0
2026-05-20,24000.0
2026-05-20,14250.0
2026-05-20,20900.0
2026-05-20,10000.0
2026-05-20,46000.0
2026-05-20,76950.0
2026-05-20,25000.0
2026-05-20,40000.0
2026-05-20,12000.0
2026-05-20,69000.0
2026-05-20,6000.0
2026-05-20,25000.0
2026-05-20,16000.0
2026-05-20,8000.0
2026-05-20,23000.0
2026-05-20,75000.0
2026-05-20,60000.0
2026-05-20,75000.0
2026-05-20,15000.0
2026-05-20,22000.0
2026-05-20,24000.0
2026-05-20,20000.0
2026-05-20,23000.0
2026-05-20,12000.0
2026-05-20,60000.0
2026-05-20,12000.0
2026-05-20,20000.0
2026-05-20,8000.0
2026-05-20,27000.0
2026-05-20,24000.0
2026-05-20,12000.0
2026-05-20,22000.0
2026-05-20,20000.0
2026-05-20,19000.0
2026-05-20,9500.0
2026-05-20,48000.0
2026-05-20,24000.0
2026-05-20,76950.0
2026-05-20,50000.0
2026-05-20,24000.0
2026-05-20,25000.0
2026-05-20,15000.0
2026-05-20,10000.0
2026-05-20,14250.0
2026-05-20,15200.0
2026-05-20,44000.0
2026-05-20,38000.0
2026-05-20,45000.0
2026-05-20,12000.0
2026-05-20,16000.0
2026-05-20,12000.0
2026-05-20,6000.0
2026-05-20,27000.0
2026-05-20,23000.0
2026-05-20,8000.0
2026-05-20,22000.0
2026-05-20,60000.0
2026-05-20,6000.0
2026-05-20,22800.0
2026-05-20,22000.0
2026-05-20,12000.0
2026-05-20,22000.0
2026-05-20,6000.0
2026-05-20,5000.0
2026-05-20,71250.0
2026-05-20,20000.0
2026-05-20,24000.0
2026-05-20,44000.0
2026-05-20,40000.0
2026-05-20,24000.0
2026-05-20,12000.0
2026-05-20,22000.0
2026-05-20,40000.0
2026-05-20,12000.0
2026-05-20,18000.0
2026-05-20,20000.0
2026-05-20,91200.0
2026-05-20,10000.0
2026-05-20,40000.0
2026-05-20,6000.0
2026-05-20,54000.0
2026-05-20,27000.0
2026-05-20,27000.0
2026-05-20,20000.0
2026-05-20,48000.0
2026-05-20,66000.0
2026-05-20,10000.0
2026-05-20,36000.0
2026-05-20,30000.0
2026-05-20,22000.0
2026-05-20,40000.0
2026-05-20,72000.0
2026-05-20,12000.0
2026-05-20,15000.0
2026-05-20,81000.0
2026-05-20,24000.0
2026-05-20,48000.0
2026-05-20,12000.0
2026-05-20,14250.0
2026-05-20,6000.0
2026-05-20,20000.0
2026-05-20,36000.0
2026-05-20,12000.0
2026-05-20,44000.0
2026-05-20,54000.0
2026-05-20,23000.0
2026-05-20,24000.0
2026-05-20,48000.0
2026-05-20,5700.0
2026-05-20,65550.0
2026-05-20,6000.0
2026-05-20,5000.0
2026-05-20,36000.0
2026-05-20,36000.0
2026-05-20,27000.0
2026-05-20,12000.0
2026-05-20,23000.0
2026-05-20,45600.0
2026-05-20,23000.0
2026-05-20,24000.0
2026-05-20,69000.0
2026-05-20,24000.0
2026-05-20,100000.0
2026-05-20,15000.0
2026-05-20,24000.0
2026-05-20,22000.0
2026-05-20,30000.0
2026-05-20,22000.0
2026-05-20,4750.0
2026-05-20,6000.0
2026-05-20,50000.0
2026-05-20,108000.0
2026-05-20,54000.0
2026-05-20,36000.0
2026-05-20,41800.0
2026-05-20,54000.0
2026-05-20,22000.0
2026-05-20,9500.0
2026-05-20,45000.0
2026-05-20,25000.0
2026-05-20,22000.0
2026-05-20,19000.0
2026-05-20,15000.0
2026-05-20,42750.0
2026-05-20,22000.0
2026-05-20,5000.0
2026-05-20,12000.0
2026-05-20,43700.0
2026-05-20,23000.0
2026-05-20,27000.0
2026-05-20,6000.0
2026-05-20,50000.0
2026-05-20,12000.0
2026-05-20,10000.0
2026-05-20,20000.0
2026-05-20,22000.0
2026-05-20,24000.0
2026-05-20,6000.0
2026-05-20,12000.0
2026-05-20,15000.0
2026-05-20,20900.0
2026-05-20,24000.0
2026-05-20,12000.0
2026-05-20,48000.0
2026-05-20,80000.0
2026-05-20,23000.0
2026-05-20,46000.0
2026-05-20,24000.0
2026-05-20,24000.0
2026-05-20,25000.0
2026-05-20,16000.0
2026-05-20,12000.0
2026-05-20,9500.0
2026-05-20,100000.0
2026-05-20,5000.0
2026-05-20,6000.0
2026-05-20,27000.0
2026-05-20,12000.0
2026-05-20,22000.0
2026-05-20,27000.0
2026-05-20,8000.0
2026-05-20,24000.0
2026-05-20,27000.0
2026-05-20,40000.0
2026-05-20,22000.0
2026-05-20,5700.0
2026-05-20,16000.0
2026-05-20,22000.0
2026-05-20,25000.0
2026-05-20,27000.0
2026-05-20,76950.0
2026-05-21,15000.0
2026-05-21,18000.0
2026-05-21,22000.0
2026-05-21,15000.0
2026-05-21,72000.0
2026-05-21,25000.0
2026-05-21,20000.0
2026-05-21,15000.0
2026-05-21,10000.0
2026-05-21,15000.0
2026-05-21,71250.0
2026-05-21,10000.0
2026-05-21,6000.0
2026-05-21,30000.0
2026-05-21,48000.0
2026-05-21,25000.0
2026-05-21,22800.0
2026-05-21,54000.0
2026-05-21,24000.0
2026-05-21,23000.0
2026-05-21,66000.0
2026-05-21,15000.0
2026-05-21,20000.0
2026-05-21,6000.0
2026-05-21,23000.0
2026-05-21,20900.0
2026-05-21,6000.0
2026-05-21,95000.0
2026-05-21,10000.0
2026-05-21,22800.0
2026-05-21,72000.0
2026-05-21,27000.0
2026-05-21,54000.0
2026-05-21,100000.0
2026-05-21,10000.0
2026-05-21,27000.0
2026-05-21,12000.0
2026-05-21,25000.0
2026-05-21,23000.0
2026-05-21,10000.0
2026-05-21,24000.0
2026-05-21,27000.0
2026-05-21,5700.0
2026-05-21,45000.0
2026-05-21,69000.0
2026-05-21,10000.0
2026-05-21,8000.0
2026-05-21,18000.0
2026-05-21,19000.0
2026-05-21,16000.0
2026-05-21,15000.0
2026-05-21,27000.0
2026-05-21,6000.0
2026-05-21,24000.0
2026-05-21,14250.0
2026-05-21,50000.0
2026-05-21,27000.0
2026-05-21,5000.0
2026-05-21,24000.0
2026-05-21,12000.0
2026-05-21,40000.0
2026-05-21,6000.0
2026-05-21,12000.0
2026-05-21,30000.0
2026-05-21,20000.0
2026-05-21,17100.0
2026-05-21,25000.0
2026-05-21,48000.0
2026-05-21,88000.0
2026-05-21,6000.0
2026-05-21,8000.0
2026-05-21,27000.0
2026-05-21,15000.0
2026-05-21,88000.0
2026-05-21,45000.0
2026-05-21,10000.0
2026-05-21,50000.0
2026-05-21,14250.0
2026-05-21,23000.0
2026-05-21,20000.0
2026-05-21,12000.0
2026-05-21,22000.0
2026-05-21,5000.0
2026-05-21,44000.0
2026-05-21,22000.0
2026-05-21,12000.0
2026-05-21,30000.0
2026-05-21,5000.0
2026-05-21,12000.0
2026-05-21,14250.0
2026-05-21,50000.0
2026-05-21,20000.0
2026-05-21,12000.0
2026-05-21,22800.0
2026-05-21,27000.0
2026-05-21,44000.0
2026-05-21,24000.0
2026-05-21,80000.0
2026-05-21,10000.0
2026-05-21,69000.0
2026-05-21,24000.0
2026-05-21,24000.0
2026-05-21,12000.0
2026-05-21,54000.0
2026-05-21,24000.0
2026-05-21,30000.0
2026-05-21,12000.0
2026-05-21,24000.0
2026-05-21,5000.0
2026-05-21,30000.0
2026-05-21,16000.0
2026-05-21,12000.0
2026-05-21,15000.0
2026-05-21,27000.0
2026-05-21,12000.0
2026-05-21,10000.0
2026-05-21,27000.0
2026-05-21,30000.0
2026-05-21,75000.0
2026-05-21,27000.0
2026-05-21,10000.0
2026-05-21,80000.0
2026-05-21,25000.0
2026-05-21,12000.0
2026-05-21,46000.0
2026-05-21,6000.0
2026-05-21,27000.0
2026-05-21,10000.0
2026-05-21,30000.0
2026-05-21,11400.0
2026-05-21,25000.0
2026-05-21,12000.0
2026-05-21,20000.0
2026-05-21,10000.0
2026-05-21,12000.0
2026-05-21,50000.0
2026-05-21,24000.0
2026-05-21,15000.0
2026-05-21,19000.0
2026-05-21,22000.0
2026-05-21,6000.0
2026-05-21,25000.0
2026-05-21,72000.0
2026-05-21,15000.0
2026-05-21,40000.0
2026-05-21,23000.0
2026-05-21,20000.0
2026-05-21,12000.0
2026-05-21,23000.0
2026-05-21,15000.0
2026-05-21,8000.0
2026-05-21,15000.0
2026-05-21,38000.0
2026-05-21,14250.0
2026-05-21,46000.0
2026-05-21,30000.0
2026-05-21,25000.0
2026-05-21,24000.0
2026-05-21,60000.0
2026-05-21,30000.0
2026-05-21,12000.0
2026-05-21,72000.0
2026-05-21,69000.0
2026-05-21,50000.0
2026-05-21,48000.0
2026-05-21,15000.0
2026-05-21,6000.0
2026-05-21,48000.0
2026-05-21,40000.0
2026-05-21,20900.0
2026-05-21,5700.0
2026-05-21,30000.0
2026-05-21,24000.0
2026-05-21,10000.0
2026-05-21,20000.0
2026-05-21,23000.0
2026-05-21,15000.0
2026-05-21,6000.0
2026-05-21,10000.0
2026-05-21,48000.0
2026-05-21,66000.0
2026-05-21,12000.0
2026-05-21,5000.0
2026-05-21,22000.0
2026-05-21,48000.0
2026-05-21,22000.0
2026-05-21,6000.0
2026-05-21,23000.0
2026-05-21,48000.0
2026-05-21,25000.0
2026-05-21,32000.0
2026-05-21,28500.0
2026-05-21,23000.0
2026-05-21,50000.0
2026-05-21,12000.0
2026-05-21,24000.0
2026-05-21,25000.0
2026-05-21,15000.0
2026-05-21,22000.0
2026-05-21,12000.0
2026-05-21,27000.0
2026-05-21,50000.0
2026-05-21,10000.0
2026-05-21,40000.0
2026-05-21,15000.0
2026-05-21,12000.0
2026-05-21,10000.0
2026-05-21,50000.0
2026-05-21,24000.0
2026-05-21,36000.0
2026-05-21,28500.0
2026-05-21,12000.0
2026-05-21,75000.0
2026-05-21,10000.0
2026-05-21,81000.0
2026-05-21,44000.0
2026-05-21,20000.0
2026-05-21,100000.0
2026-05-21,96000.0
2026-05-21,25000.0
2026-05-21,6000.0
2026-05-21,10000.0
2026-05-21,12000.0
2026-05-21,22000.0
2026-05-21,25000.0
2026-05-21,8000.0
2026-05-21,23000.0
2026-05-22,27000.0
2026-05-22,23000.0
2026-05-22,44000.0
2026-05-22,27000.0
2026-05-22,8000.0
2026-05-22,10000.0
2026-05-22,50000.0
2026-05-22,66000.0
2026-05-22,44000.0
2026-05-22,27000.0
2026-05-22,43700.0
2026-05-22,45600.0
2026-05-22,48000.0
2026-05-22,12000.0
2026-05-22,27000.0
2026-05-22,25000.0
2026-05-22,12000.0
2026-05-22,20000.0
2026-05-22,30000.0
2026-05-22,44000.0
2026-05-22,12000.0
2026-05-22,17100.0
2026-05-22,5000.0
2026-05-22,30000.0
2026-05-22,25000.0
2026-05-22,20900.0
2026-05-22,10000.0
2026-05-22,12000.0
2026-05-22,40000.0
2026-05-22,50000.0
2026-05-22,69000.0
2026-05-22,72000.0
2026-05-22,6000.0
2026-05-22,108000.0
2026-05-22,20000.0
2026-05-22,66000.0
2026-05-22,12000.0
2026-05-22,15000.0
2026-05-22,32000.0
2026-05-22,25000.0
2026-05-22,23000.0
2026-05-22,12000.0
2026-05-22,15000.0
2026-05-22,16000.0
2026-05-22,12000.0
2026-05-22,20000.0
2026-05-22,27000.0
2026-05-22,12000.0
2026-05-22,45000.0
2026-05-22,12000.0
2026-05-22,8000.0
2026-05-22,5700.0
2026-05-22,50000.0
2026-05-22,10000.0
2026-05-22,22800.0
2026-05-22,48000.0
2026-05-22,6000.0
2026-05-22,8000.0
2026-05-22,24000.0
2026-05-22,20000.0
2026-05-22,69000.0
2026-05-22,12000.0
2026-05-22,15000.0
2026-05-22,24000.0
2026-05-22,48000.0
2026-05-22,6000.0
2026-05-22,8000.0
2026-05-22,54000.0
2026-05-22,15000.0
2026-05-22,25000.0
2026-05-22,5700.0
2026-05-22,12000.0
2026-05-22,45000.0
2026-05-22,23750.0
2026-05-22,22800.0
2026-05-22,18000.0
2026-05-22,5000.0
2026-05-22,15000.0
2026-05-22,24000.0
2026-05-22,23000.0
2026-05-22,10000.0
2026-05-22,54000.0
2026-05-22,5000.0
2026-05-22,6000.0
2026-05-22,66000.0
2026-05-22,8000.0
2026-05-22,23000.0
2026-05-22,6000.0
2026-05-22,24000.0
2026-05-22,15000.0
2026-05-22,41800.0
2026-05-22,7600.0
2026-05-22,4750.0
2026-05-22,24000.0
2026-05-22,27000.0
2026-05-22,8000.0
2026-05-22,30000.0
2026-05-22,25000.0
2026-05-22,27000.0
2026-05-22,25000.0
2026-05-22,8000.0
2026-05-22,6000.0
2026-05-22,24000.0
2026-05-22,6000.0
2026-05-22,23000.0
2026-05-22,20900.0
2026-05-22,6000.0
2026-05-22,15000.0
2026-05-22,6000.0
2026-05-22,30000.0
2026-05-22,22000.0
2026-05-22,48000.0
2026-05-22,12000.0
2026-05-22,45600.0
2026-05-22,40000.0
2026-05-22,20000.0
2026-05-22,10000.0
2026-05-22,44000.0
2026-05-22,27000.0
2026-05-22,66000.0
2026-05-22,80000.0
2026-05-22,15000.0
2026-05-22,20000.0
2026-05-22,24000.0
2026-05-22,25000.0
2026-05-22,23750.0
2026-05-22,12000.0
2026-05-22,20000.0
2026-05-22,40000.0
2026-05-22,27000.0
2026-05-22,16000.0
2026-05-22,66000.0
2026-05-22,12000.0
2026-05-22,8000.0
2026-05-22,48000.0
2026-05-22,20000.0
2026-05-22,24000.0
2026-05-22,18000.0
2026-05-22,10000.0
2026-05-22,54000.0
2026-05-22,15000.0
2026-05-22,30000.0
2026-05-22,6000.0
2026-05-22,6000.0
2026-05-22,22000.0
2026-05-22,50000.0
2026-05-22,22800.0
2026-05-22,17100.0
2026-05-22,16000.0
2026-05-22,6000.0
2026-05-22,20000.0
2026-05-22,23750.0
2026-05-22,24000.0
2026-05-22,30000.0
2026-05-22,25000.0
2026-05-22,108000.0
2026-05-22,14250.0
2026-05-22,8000.0
2026-05-22,40000.0
2026-05-22,8000.0
2026-05-22,12000.0
2026-05-22,25000.0
2026-05-22,5000.0
2026-05-22,48000.0
2026-05-22,6000.0
2026-05-22,72000.0
2026-05-22,11400.0
2026-05-22,15000.0
2026-05-22,48000.0
2026-05-22,22000.0
2026-05-22,30000.0
2026-05-22,25000.0
2026-05-22,24000.0
2026-05-22,5000.0
2026-05-22,20000.0
2026-05-22,41800.0
2026-05-22,45600.0
2026-05-22,12000.0
2026-05-22,50000.0
2026-05-22,5000.0
2026-05-22,20000.0
2026-05-22,15000.0
2026-05-22,15000.0
2026-05-22,45000.0
2026-05-22,62700.0
2026-05-22,8000.0
2026-05-22,24000.0
2026-05-22,12000.0
2026-05-22,54000.0
2026-05-22,6000.0
2026-05-22,20000.0
2026-05-22,40000.0
2026-05-22,6000.0
2026-05-22,25650.0
2026-05-22,20000.0
2026-05-22,16000.0
2026-05-22,22800.0
2026-05-22,6000.0
2026-05-22,22000.0
2026-05-22,27000.0
2026-05-22,6000.0
2026-05-22,25000.0
2026-05-22,10000.0
2026-05-22,14250.0
2026-05-22,10000.0
2026-05-22,5000.0
2026-05-22,15000.0
2026-05-22,24000.0
2026-05-22,46000.0
2026-05-22,108000.0
2026-05-22,15000.0
2026-05-22,8000.0
2026-05-22,6000.0
2026-05-22,15000.0
2026-05-22,10000.0
2026-05-22,20000.0
2026-05-22,12000.0
2026-05-22,23000.0
2026-05-22,44000.0
2026-05-22,80000.0
2026-05-22,47500.0
2026-05-22,12000.0
2026-05-22,24000.0
2026-05-22,8000.0
2026-05-22,20000.0
2026-05-22,23000.0
2026-05-22,24000.0
2026-05-22,27000.0
2026-05-22,44000.0
2026-05-22,27000.0
2026-05-22,24000.0
2026-05-22,22000.0
2026-05-22,20000.0
2026-05-22,72000.0
2026-05-22,36000.0
2026-05-22,22000.0
2026-05-22,12000.0
2026-05-22,46000.0
2026-05-22,9500.0
2026-05-22,24000.0
2026-05-22,6000.0
2026-05-22,46000.0
2026-05-22,5000.0
2026-05-22,15000.0
2026-05-22,20000.0
2026-05-22,18000.0
2026-05-22,24000.0
2026-05-22,44000.0
2026-05-22,15000.0
2026-05-22,15000.0
2026-05-22,48000.0
2026-05-22,5000.0
2026-05-22,66000.0
2026-05-22,44000.0
2026-05-22,6000.0
2026-05-22,20000.0
2026-05-22,6000.0
2026-05-22,30000.0
2026-05-22,8000.0
2026-05-22,12000.0
2026-05-22,6000.0
2026-05-22,45000.0
2026-05-22,66000.0
2026-05-22,24000.0
2026-05-22,54000.0
2026-05-22,6000.0
2026-05-22,12000.0
2026-05-22,18000.0
2026-05-22,21850.0
2026-05-22,20000.0
2026-05-22,6000.0
2026-05-22,21850.0
2026-05-22,50000.0
2026-05-22,46000.0
2026-05-22,10000.0
2026-05-22,24000.0
2026-05-22,12000.0
2026-05-22,24000.0
2026-05-22,12000.0
2026-05-22,30000.0
2026-05-22,50000.0
2026-05-22,40000.0
2026-05-22,18000.0
2026-05-22,20000.0
2026-05-23,22000.0
2026-05-23,22000.0
2026-05-23,12000.0
2026-05-23,20000.0
2026-05-23,12000.0
2026-05-23,10000.0
2026-05-23,30000.0
2026-05-23,44000.0
2026-05-23,6000.0
2026-05-23,8000.0
2026-05-23,27000.0
2026-05-23,12000.0
2026-05-23,24000.0
2026-05-23,28500.0
2026-05-23,75000.0
2026-05-23,60000.0
2026-05-23,24000.0
2026-05-23,69000.0
2026-05-23,8000.0
2026-05-23,44000.0
2026-05-23,12000.0
2026-05-23,24000.0
2026-05-23,6000.0
2026-05-23,54000.0
2026-05-23,66000.0
2026-05-23,25000.0
2026-05-23,15000.0
2026-05-23,24000.0
2026-05-23,16000.0
2026-05-23,10000.0
2026-05-23,25000.0
2026-05-23,54000.0
2026-05-23,46000.0
2026-05-23,12000.0
2026-05-23,91200.0
2026-05-23,15000.0
2026-05-23,15000.0
2026-05-23,6000.0
2026-05-23,20000.0
2026-05-23,44000.0
2026-05-23,22000.0
2026-05-23,15000.0
2026-05-23,25000.0
2026-05-23,16000.0
2026-05-23,27000.0
2026-05-23,30000.0
2026-05-23,15000.0
2026-05-23,24000.0
2026-05-23,20000.0
2026-05-23,8000.0
2026-05-23,24000.0
2026-05-23,10000.0
2026-05-23,25000.0
2026-05-23,20000.0
2026-05-23,44000.0
2026-05-23,6000.0
2026-05-23,32000.0
2026-05-23,40000.0
2026-05-23,30000.0
2026-05-23,12000.0
2026-05-23,12000.0
2026-05-23,45000.0
2026-05-23,24000.0
2026-05-23,18000.0
2026-05-23,15000.0
2026-05-23,69000.0
2026-05-23,10000.0
2026-05-23,6000.0
2026-05-23,72000.0
2026-05-23,17100.0
2026-05-23,22000.0
2026-05-23,69000.0
2026-05-23,12000.0
2026-05-23,54000.0
2026-05-23,45000.0
2026-05-23,22000.0
2026-05-23,27000.0
2026-05-23,17100.0
2026-05-23,69000.0
2026-05-23,20000.0
2026-05-23,81000.0
2026-05-23,25000.0
2026-05-23,20000.0
2026-05-23,100000.0
2026-05-23,22000.0
2026-05-23,22000.0
2026-05-23,22800.0
2026-05-23,10000.0
2026-05-23,20900.0
2026-05-23,20000.0
2026-05-23,18000.0
2026-05-23,15000.0
2026-05-23,50000.0
2026-05-23,7600.0
2026-05-23,8000.0
2026-05-23,12000.0
2026-05-23,54000.0
2026-05-23,50000.0
2026-05-23,22000.0
2026-05-23,12000.0
2026-05-23,50000.0
2026-05-23,27000.0
2026-05-23,15000.0
2026-05-23,15000.0
2026-05-23,6000.0
2026-05-23,23000.0
2026-05-23,27000.0
2026-05-23,8000.0
2026-05-23,27000.0
2026-05-23,22000.0
2026-05-23,10000.0
2026-05-23,22000.0
2026-05-23,22000.0
2026-05-23,47500.0
2026-05-23,27000.0
2026-05-23,23000.0
2026-05-23,24000.0
2026-05-23,19000.0
2026-05-23,18000.0
2026-05-23,10000.0
2026-05-23,20000.0
2026-05-23,36000.0
2026-05-23,15000.0
2026-05-23,20000.0
2026-05-23,12000.0
2026-05-23,8000.0
2026-05-23,10000.0
2026-05-23,9500.0
2026-05-23,20000.0
2026-05-23,18000.0
2026-05-23,8000.0
2026-05-23,23000.0
2026-05-23,15000.0
2026-05-23,91200.0
2026-05-23,25000.0
2026-05-23,10000.0
2026-05-23,20000.0
2026-05-23,21850.0
2026-05-23,36000.0
2026-05-23,12000.0
2026-05-23,20000.0
2026-05-23,16000.0
2026-05-23,6000.0
2026-05-23,23750.0
2026-05-23,66000.0
2026-05-23,24000.0
2026-05-23,23000.0
2026-05-23,24000.0
2026-05-23,10000.0
2026-05-23,88000.0
2026-05-23,10000.0
2026-05-23,24000.0
2026-05-23,45000.0
2026-05-23,25000.0
2026-05-23,46000.0
2026-05-23,23000.0
2026-05-23,20000.0
2026-05-23,12000.0
2026-05-23,50000.0
2026-05-23,24000.0
2026-05-23,30000.0
2026-05-23,20000.0
2026-05-23,18000.0
2026-05-23,30000.0
2026-05-23,8000.0
2026-05-23,5000.0
2026-05-23,24000.0
2026-05-23,10000.0
2026-05-23,27000.0
2026-05-23,38000.0
2026-05-23,12000.0
2026-05-23,30000.0
2026-05-23,21850.0
2026-05-23,25000.0
2026-05-23,19000.0
2026-05-23,6000.0
2026-05-23,21850.0
2026-05-23,44000.0
2026-05-23,19000.0
2026-05-23,46000.0
2026-05-23,6000.0
2026-05-23,20000.0
2026-05-23,18000.0
2026-05-23,22000.0
2026-05-23,23000.0
2026-05-23,41800.0
2026-05-23,25000.0
2026-05-23,44000.0
2026-05-23,20000.0
2026-05-23,14250.0
2026-05-23,69000.0
2026-05-23,50000.0
2026-05-23,48000.0
2026-05-23,108000.0
2026-05-23,23000.0
2026-05-23,23000.0
2026-05-23,9500.0
2026-05-23,18000.0
2026-05-23,30000.0
2026-05-23,12000.0
2026-05-23,25650.0
2026-05-23,30000.0
2026-05-23,24000.0
2026-05-23,72000.0
2026-05-23,16000.0
2026-05-23,10000.0
2026-05-23,24000.0
2026-05-23,20000.0
2026-05-23,15000.0
2026-05-23,32000.0
2026-05-23,72000.0
2026-05-23,25000.0
2026-05-23,8000.0
2026-05-23,12000.0
2026-05-23,5000.0
2026-05-23,25000.0
2026-05-23,50000.0
2026-05-23,20000.0
2026-05-23,15000.0
2026-05-23,20000.0
2026-05-23,24000.0
2026-05-23,24000.0
2026-05-23,66000.0
2026-05-23,11400.0
2026-05-23,81000.0
2026-05-23,10000.0
2026-05-23,8000.0
2026-05-23,30000.0
2026-05-23,24000.0
2026-05-23,14250.0
2026-05-23,4750.0
2026-05-23,48000.0
2026-05-23,15000.0
2026-05-23,44000.0
2026-05-23,15000.0
2026-05-23,60000.0
2026-05-23,23750.0
2026-05-23,22000.0
2026-05-23,24000.0
2026-05-23,11400.0
2026-05-23,16000.0
2026-05-23,24000.0
2026-05-23,44000.0
2026-05-23,54000.0
2026-05-23,10000.0
2026-05-23,36000.0
2026-05-23,48000.0
2026-05-23,15000.0
2026-05-23,15000.0
2026-05-23,45000.0
2026-05-23,25000.0
2026-05-23,44000.0
2026-05-23,20000.0
2026-05-23,30000.0
2026-05-23,30000.0
2026-05-23,10000.0
2026-05-23,27000.0
2026-05-23,8000.0
2026-05-23,69000.0
2026-05-23,30000.0
2026-05-23,9500.0
2026-05-23,81000.0
2026-05-23,54000.0
2026-05-23,25000.0
2026-05-23,44000.0
2026-05-23,12000.0
2026-05-23,23000.0
2026-05-23,24000.0
2026-05-23,10000.0
2026-05-23,7600.0
2026-05-23,50000.0
2026-05-23,69000.0
2026-05-23,72000.0
2026-05-23,12000.0
2026-05-23,15000.0
2026-05-23,10000.0
2026-05-23,96000.0
2026-05-23,22000.0
2026-05-23,24000.0
2026-05-23,45000.0
2026-05-23,54000.0
2026-05-23,24000.0
2026-05-23,25000.0
2026-05-23,46000.0
2026-05-23,25000.0
2026-05-23,6000.0
2026-05-23,12000.0
2026-05-23,19000.0
2026-05-23,25000.0
2026-05-23,8000.0
2026-05-23,25000.0
2026-05-23,15000.0
2026-05-23,15000.0
2026-05-23,8000.0
2026-05-23,24000.0
2026-05-23,46000.0
2026-05-23,24000.0
2026-05-23,23000.0
2026-05-23,5000.0
2026-05-23,5000.0
2026-05-23,12000.0
2026-05-23,12000.0
2026-05-23,44000.0
2026-05-23,12000.0
2026-05-23,22000.0
2026-05-23,25650.0
2026-05-23,15000.0
2026-05-23,15000.0
2026-05-23,8000.0
2026-05-23,22000.0
2026-05-23,23750.0
2026-05-23,15000.0
2026-05-23,12000.0
2026-05-23,48000.0
2026-05-23,15000.0
2026-05-23,10000.0
2026-05-23,6000.0
2026-05-23,5000.0
2026-05-23,27000.0
2026-05-23,25000.0
2026-05-23,19000.0
2026-05-23,22000.0
2026-05-23,40000.0
2026-05-24,27000.0
2026-05-24,12000.0
2026-05-24,45000.0
2026-05-24,24000.0
2026-05-24,60000.0
2026-05-24,12000.0
2026-05-24,6000.0
2026-05-24,44000.0
2026-05-24,48000.0
2026-05-24,50000.0
2026-05-24,25000.0
2026-05-24,48000.0
2026-05-24,12000.0
2026-05-24,9500.0
2026-05-24,15000.0
2026-05-24,8000.0
2026-05-24,5700.0
2026-05-24,60000.0
2026-05-24,6000.0
2026-05-24,20000.0
2026-05-24,7600.0
2026-05-24,12000.0
2026-05-24,24000.0
2026-05-24,27000.0
2026-05-24,14250.0
2026-05-24,27000.0
2026-05-24,6000.0
2026-05-24,23000.0
2026-05-24,11400.0
2026-05-24,10000.0
2026-05-24,20000.0
2026-05-24,40000.0
2026-05-24,45000.0
2026-05-24,8000.0
2026-05-24,8000.0
2026-05-24,15000.0
2026-05-24,40000.0
2026-05-24,20000.0
2026-05-24,54000.0
2026-05-24,36000.0
2026-05-24,25000.0
2026-05-24,16000.0
2026-05-24,18000.0
2026-05-24,27000.0
2026-05-24,18000.0
2026-05-24,15000.0
2026-05-24,25000.0
2026-05-24,25000.0
2026-05-24,8000.0
2026-05-24,6000.0
2026-05-24,10000.0
2026-05-24,23000.0
2026-05-24,6000.0
2026-05-24,4750.0
2026-05-24,14250.0
2026-05-24,8000.0
2026-05-24,12000.0
2026-05-24,16000.0
2026-05-24,15000.0
2026-05-24,24000.0
2026-05-24,88000.0
2026-05-24,50000.0
2026-05-24,5000.0
2026-05-24,24000.0
2026-05-24,22000.0
2026-05-24,22000.0
2026-05-24,8000.0
2026-05-24,15000.0
2026-05-24,30000.0
2026-05-24,40000.0
2026-05-24,10000.0
2026-05-24,50000.0
2026-05-24,43700.0
2026-05-24,32000.0
2026-05-24,22000.0
2026-05-24,25000.0
2026-05-24,6000.0
2026-05-24,10000.0
2026-05-24,20000.0
2026-05-24,15000.0
2026-05-24,20000.0
2026-05-24,30400.0
2026-05-24,30000.0
2026-05-24,24000.0
2026-05-24,20000.0
2026-05-24,23750.0
2026-05-24,27000.0
2026-05-24,5000.0
2026-05-24,16000.0
2026-05-24,6000.0
2026-05-24,46000.0
2026-05-24,25000.0
2026-05-24,12000.0
2026-05-24,44000.0
2026-05-24,10000.0
2026-05-24,60000.0
2026-05-24,20000.0
2026-05-24,30000.0
2026-05-24,23000.0
2026-05-24,30000.0
2026-05-24,6000.0
2026-05-24,10000.0
2026-05-24,22000.0
2026-05-24,8000.0
2026-05-24,50000.0
2026-05-24,30000.0
2026-05-24,22800.0
2026-05-24,12000.0
2026-05-24,22000.0
2026-05-24,6000.0
2026-05-24,30000.0
2026-05-24,27000.0
2026-05-24,48000.0
2026-05-24,44000.0
2026-05-24,12000.0
2026-05-24,12000.0
2026-05-24,10000.0
2026-05-24,20000.0
2026-05-24,20000.0
2026-05-24,23000.0
2026-05-24,44000.0
2026-05-24,46000.0
2026-05-24,50000.0
2026-05-24,6000.0
2026-05-24,20000.0
2026-05-24,12000.0
2026-05-24,6000.0
2026-05-24,16000.0
2026-05-24,40000.0
2026-05-24,20000.0
2026-05-24,30000.0
2026-05-24,5000.0
2026-05-24,14250.0
2026-05-24,30000.0
2026-05-24,15000.0
2026-05-24,23000.0
2026-05-24,12000.0
2026-05-24,75000.0
2026-05-24,12000.0
2026-05-24,6000.0
2026-05-24,30000.0
2026-05-24,25000.0
2026-05-24,12000.0
2026-05-24,22000.0
2026-05-24,24000.0
2026-05-24,23000.0
2026-05-24,36000.0
2026-05-24,6000.0
2026-05-24,10000.0
2026-05-24,44000.0
2026-05-24,24000.0
2026-05-24,44000.0
2026-05-24,30000.0
2026-05-24,66000.0
2026-05-24,20000.0
2026-05-24,8000.0
2026-05-24,25000.0
2026-05-24,11400.0
2026-05-24,50000.0
2026-05-24,50000.0
2026-05-24,12000.0
2026-05-24,12000.0
2026-05-24,50000.0
2026-05-24,45000.0
2026-05-24,20000.0
2026-05-24,23000.0
2026-05-24,25000.0
2026-05-24,72000.0
2026-05-24,7600.0
2026-05-24,50000.0
2026-05-24,68400.0
2026-05-24,12000.0
2026-05-24,25000.0
2026-05-24,24000.0
2026-05-24,16000.0
2026-05-24,22000.0
2026-05-24,15000.0
2026-05-24,22000.0
2026-05-24,6000.0
2026-05-24,108000.0
2026-05-24,8000.0
2026-05-24,15200.0
2026-05-24,6000.0
2026-05-24,24000.0
2026-05-24,11400.0
2026-05-24,23000.0
2026-05-24,5000.0
2026-05-24,4750.0
2026-05-24,36000.0
2026-05-24,40000.0
2026-05-24,6000.0
2026-05-24,45000.0
2026-05-24,6000.0
2026-05-24,6000.0
2026-05-24,8000.0
2026-05-24,48000.0
2026-05-24,20000.0
2026-05-24,40000.0
2026-05-24,22000.0
2026-05-24,5000.0
2026-05-24,36000.0
2026-05-24,12000.0
2026-05-24,12000.0
2026-05-24,50000.0
2026-05-24,22000.0
2026-05-24,20000.0
2026-05-24,25000.0
2026-05-24,6000.0
2026-05-24,12000.0
2026-05-24,75000.0
2026-05-24,5700.0
2026-05-24,23000.0
2026-05-24,15000.0
2026-05-24,12000.0
2026-05-24,8000.0
2026-05-24,48000.0
2026-05-24,5000.0
2026-05-24,10000.0
2026-05-24,60000.0
2026-05-24,20000.0
2026-05-24,14250.0
2026-05-24,50000.0
2026-05-24,30000.0
2026-05-24,27000.0
2026-05-24,8000.0
2026-05-24,27000.0
2026-05-24,8000.0
2026-05-24,45000.0
2026-05-24,19000.0
2026-05-24,5000.0
2026-05-24,72000.0
2026-05-24,20000.0
2026-05-24,25000.0
2026-05-24,4750.0
2026-05-24,46000.0
2026-05-24,30000.0
2026-05-24,22000.0
2026-05-24,15000.0
2026-05-24,22000.0
2026-05-24,14250.0
2026-05-24,20000.0
2026-05-24,12000.0
2026-05-24,20000.0
2026-05-24,6000.0
2026-05-24,16000.0
2026-05-24,38000.0
2026-05-24,69000.0
2026-05-24,15000.0
2026-05-24,25000.0
2026-05-24,25000.0
2026-05-24,22000.0
2026-05-24,10000.0
2026-05-24,17100.0
2026-05-24,30000.0
2026-05-24,10000.0
2026-05-24,40000.0
2026-05-24,24000.0
2026-05-24,5000.0
2026-05-24,9500.0
2026-05-24,25000.0
2026-05-24,5700.0
2026-05-24,5000.0
2026-05-24,12000.0
2026-05-24,25000.0
2026-05-24,15000.0
2026-05-24,23000.0
2026-05-24,5000.0
2026-05-24,48000.0
2026-05-24,23750.0
2026-05-24,6000.0
2026-05-24,12000.0
2026-05-24,30000.0
2026-05-24,22000.0
2026-05-24,25000.0
2026-05-24,12000.0
2026-05-24,8000.0
2026-05-24,15000.0
2026-05-24,72000.0
2026-05-24,22000.0
2026-05-24,22800.0
2026-05-24,22000.0
2026-05-24,6000.0
2026-05-24,60000.0
2026-05-24,18000.0
2026-05-24,108000.0
2026-05-24,22000.0
2026-05-24,20000.0
2026-05-24,66000.0
2026-05-24,6000.0
2026-05-24,75000.0
2026-05-24,24000.0
2026-05-24,25000.0
2026-05-24,16000.0
2026-05-24,15000.0
2026-05-24,24000.0
2026-05-24,23000.0
2026-05-24,20000.0
2026-05-24,27000.0
2026-05-25,40000.0
2026-05-25,8000.0
2026-05-25,22000.0
2026-05-25,20000.0
2026-05-25,23000.0
2026-05-25,12000.0
2026-05-25,38000.0
2026-05-25,10000.0
2026-05-25,25000.0
2026-05-25,10000.0
2026-05-25,15000.0
2026-05-25,44000.0
2026-05-25,18000.0
2026-05-25,20000.0
2026-05-25,20000.0
2026-05-25,66000.0
2026-05-25,69000.0
2026-05-25,10000.0
2026-05-25,23000.0
2026-05-25,10000.0
2026-05-25,10000.0
2026-05-25,65550.0
2026-05-25,8000.0
2026-05-25,23000.0
2026-05-25,7600.0
2026-05-25,44000.0
2026-05-25,27000.0
2026-05-25,21850.0
2026-05-25,20000.0
2026-05-25,6000.0
2026-05-25,11400.0
2026-05-25,8000.0
2026-05-25,27000.0
2026-05-25,24000.0
2026-05-25,5000.0
2026-05-25,20000.0
2026-05-25,14250.0
2026-05-25,41800.0
2026-05-25,12000.0
2026-05-25,36000.0
2026-05-25,20000.0
2026-05-25,23000.0
2026-05-25,10000.0
2026-05-25,50000.0
2026-05-25,8000.0
2026-05-25,15000.0
2026-05-25,60000.0
2026-05-25,88000.0
2026-05-25,45000.0
2026-05-25,22000.0
2026-05-25,23000.0
2026-05-25,22000.0
2026-05-25,32000.0
2026-05-25,45000.0
2026-05-25,23000.0
2026-05-25,6000.0
2026-05-25,50000.0
2026-05-25,48000.0
2026-05-25,24000.0
2026-05-25,44000.0
2026-05-25,6000.0
2026-05-25,15000.0
2026-05-25,6000.0
2026-05-25,22000.0
2026-05-25,10000.0
2026-05-25,40000.0
2026-05-25,72000.0
2026-05-25,24000.0
2026-05-25,15000.0
2026-05-25,12000.0
2026-05-25,8000.0
2026-05-25,8000.0
2026-05-25,36000.0
2026-05-25,24000.0
2026-05-25,6000.0
2026-05-25,14250.0
2026-05-25,23000.0
2026-05-25,8000.0
2026-05-25,10000.0
2026-05-25,72000.0
2026-05-25,24000.0
2026-05-25,12000.0
2026-05-25,15000.0
2026-05-25,22800.0
2026-05-25,54000.0
2026-05-25,8000.0
2026-05-25,5000.0
2026-05-25,24000.0
2026-05-25,9500.0
2026-05-25,12000.0
2026-05-25,8000.0
2026-05-25,27000.0
2026-05-25,22800.0
2026-05-25,15000.0
2026-05-25,6000.0
2026-05-25,46000.0
2026-05-25,20000.0
2026-05-25,48000.0
2026-05-25,23000.0
2026-05-25,88000.0
2026-05-25,24000.0
2026-05-25,15000.0
2026-05-25,20900.0
2026-05-25,27000.0
2026-05-25,15000.0
2026-05-25,15000.0
2026-05-25,12000.0
2026-05-25,46000.0
2026-05-25,6000.0
2026-05-25,15000.0
2026-05-25,54000.0
2026-05-25,12000.0
2026-05-25,30000.0
2026-05-25,12000.0
2026-05-25,8000.0
2026-05-25,24000.0
2026-05-25,23000.0
2026-05-25,20000.0
2026-05-25,23750.0
2026-05-25,6000.0
2026-05-25,81000.0
2026-05-25,24000.0
2026-05-25,48000.0
2026-05-25,22000.0
2026-05-25,22000.0
2026-05-25,6000.0
2026-05-25,69000.0
2026-05-25,10000.0
2026-05-25,10000.0
2026-05-25,60000.0
2026-05-25,19000.0
2026-05-25,6000.0
2026-05-25,20000.0
2026-05-25,8000.0
2026-05-25,40000.0
2026-05-25,44000.0
2026-05-25,24000.0
2026-05-25,24000.0
2026-05-25,15200.0
2026-05-25,10000.0
2026-05-25,25000.0
2026-05-25,88000.0
2026-05-25,27000.0
2026-05-25,96000.0
2026-05-25,22000.0
2026-05-25,25000.0
2026-05-25,20000.0
2026-05-25,5000.0
2026-05-25,19000.0
2026-05-25,48000.0
2026-05-25,5700.0
2026-05-25,5000.0
2026-05-25,22000.0
2026-05-25,10000.0
2026-05-25,66000.0
2026-05-25,15000.0
2026-05-25,16000.0
2026-05-25,38000.0
2026-05-25,8000.0
2026-05-25,66000.0
2026-05-25,46000.0
2026-05-25,10000.0
2026-05-25,44000.0
2026-05-25,24000.0
2026-05-25,22000.0
2026-05-25,92000.0
2026-05-25,18000.0
2026-05-25,25000.0
2026-05-25,44000.0
2026-05-25,25000.0
2026-05-25,30000.0
2026-05-25,23000.0
2026-05-25,23000.0
2026-05-25,20000.0
2026-05-25,15000.0
2026-05-25,15000.0
2026-05-25,23000.0
2026-05-25,9500.0
2026-05-25,45000.0
2026-05-25,16000.0
2026-05-25,5000.0
2026-05-25,23000.0
2026-05-25,60000.0
2026-05-25,6000.0
2026-05-25,20000.0
2026-05-25,6000.0
2026-05-25,96000.0
2026-05-25,44000.0
2026-05-25,16000.0
2026-05-25,18000.0
2026-05-25,27000.0
2026-05-25,22800.0
2026-05-25,7600.0
2026-05-25,46000.0
2026-05-25,15000.0
2026-05-25,24000.0
2026-05-25,27000.0
2026-05-25,8000.0
2026-05-25,22000.0
2026-05-25,12000.0
2026-05-25,30000.0
2026-05-25,22000.0
2026-05-25,81000.0
2026-05-25,30000.0
2026-05-25,16000.0
2026-05-25,45600.0
2026-05-25,27000.0
2026-05-25,22000.0
2026-05-25,12000.0
2026-05-25,16000.0
2026-05-25,12000.0
2026-05-25,22000.0
2026-05-25,6000.0
2026-05-25,10000.0
2026-05-25,22000.0
2026-05-25,11400.0
2026-05-25,11400.0
2026-05-25,22000.0
2026-05-25,25000.0
2026-05-25,8000.0
2026-05-25,14250.0
2026-05-25,66000.0
2026-05-25,6000.0
2026-05-25,12000.0
2026-05-25,24000.0
2026-05-25,6000.0
2026-05-26,40000.0
2026-05-26,15000.0
2026-05-26,17100.0
2026-05-26,9500.0
2026-05-26,22000.0
2026-05-26,15000.0
2026-05-26,6000.0
2026-05-26,30000.0
2026-05-26,54000.0
2026-05-26,20000.0
2026-05-26,6000.0
2026-05-26,8000.0
2026-05-26,25000.0
2026-05-26,22800.0
2026-05-26,23000.0
2026-05-26,6000.0
2026-05-26,15000.0
2026-05-26,10000.0
2026-05-26,30000.0
2026-05-26,32000.0
2026-05-26,44000.0
2026-05-26,22000.0
2026-05-26,50000.0
2026-05-26,22000.0
2026-05-26,16000.0
2026-05-26,12000.0
2026-05-26,20000.0
2026-05-26,44000.0
2026-05-26,24000.0
2026-05-26,22000.0
2026-05-26,12000.0
2026-05-26,24000.0
2026-05-26,5700.0
2026-05-26,25000.0
2026-05-26,24000.0
2026-05-26,25000.0
2026-05-26,5700.0
2026-05-26,24000.0
2026-05-26,18000.0
2026-05-26,24000.0
2026-05-26,24000.0
2026-05-26,5700.0
2026-05-26,7600.0
2026-05-26,8000.0
2026-05-26,15000.0
2026-05-26,48000.0
2026-05-26,48000.0
2026-05-26,23000.0
2026-05-26,27000.0
2026-05-26,6000.0
2026-05-26,24000.0
2026-05-26,7600.0
2026-05-26,24000.0
2026-05-26,15000.0
2026-05-26,30000.0
2026-05-26,12000.0
2026-05-26,7600.0
2026-05-26,5000.0
2026-05-26,47500.0
2026-05-26,5700.0
2026-05-26,25000.0
2026-05-26,11400.0
2026-05-26,30000.0
2026-05-26,5000.0
2026-05-26,30000.0
2026-05-26,20000.0
2026-05-26,22000.0
2026-05-26,15000.0
2026-05-26,8000.0
2026-05-26,10000.0
2026-05-26,24000.0
2026-05-26,72000.0
2026-05-26,6000.0
2026-05-26,8000.0
2026-05-26,22000.0
2026-05-26,6000.0
2026-05-26,8000.0
2026-05-26,6000.0
2026-05-26,24000.0
2026-05-26,48000.0
2026-05-26,27000.0
2026-05-26,20000.0
2026-05-26,22000.0
2026-05-26,44000.0
2026-05-26,40000.0
2026-05-26,6000.0
2026-05-26,12000.0
2026-05-26,22000.0
2026-05-26,45600.0
2026-05-26,10000.0
2026-05-26,24000.0
2026-05-26,16000.0
2026-05-26,6000.0
2026-05-26,6000.0
2026-05-26,46000.0
2026-05-26,15000.0
2026-05-26,96000.0
2026-05-26,22000.0
2026-05-26,20900.0
2026-05-26,5000.0
2026-05-26,5000.0
2026-05-26,12000.0
2026-05-26,80000.0
2026-05-26,23000.0
2026-05-26,12000.0
2026-05-26,15000.0
2026-05-26,8000.0
2026-05-26,44000.0
2026-05-26,27000.0
2026-05-26,22000.0
2026-05-26,20000.0
2026-05-26,6000.0
2026-05-26,10000.0
2026-05-26,5000.0
2026-05-26,8000.0
2026-05-26,6000.0
2026-05-26,40000.0
2026-05-26,5000.0
2026-05-26,23000.0
2026-05-26,11400.0
2026-05-26,22000.0
2026-05-26,15000.0
2026-05-26,14250.0
2026-05-26,27000.0
2026-05-26,57000.0
2026-05-26,12000.0
2026-05-26,27000.0
2026-05-26,27000.0
2026-05-26,5000.0
2026-05-26,15000.0
2026-05-26,66000.0
2026-05-26,22000.0
2026-05-26,88000.0
2026-05-26,24000.0
2026-05-26,24000.0
2026-05-26,20000.0
2026-05-26,20000.0
2026-05-26,46000.0
2026-05-26,50000.0
2026-05-26,24000.0
2026-05-26,15000.0
2026-05-26,24000.0
2026-05-26,24000.0
2026-05-26,20000.0
2026-05-26,24000.0
2026-05-26,22000.0
2026-05-26,20000.0
2026-05-26,22000.0
2026-05-26,12000.0
2026-05-26,22000.0
2026-05-26,23000.0
2026-05-26,50000.0
2026-05-26,6000.0
2026-05-26,5700.0
2026-05-26,22000.0
2026-05-26,22000.0
2026-05-26,15000.0
2026-05-26,8000.0
2026-05-26,6000.0
2026-05-26,10000.0
2026-05-26,22000.0
2026-05-26,60000.0
2026-05-26,15000.0
2026-05-26,24000.0
2026-05-26,22800.0
2026-05-26,54000.0
2026-05-26,24000.0
2026-05-26,44000.0
2026-05-26,8000.0
2026-05-26,23000.0
2026-05-26,15000.0
2026-05-26,22000.0
2026-05-26,6000.0
2026-05-26,48000.0
2026-05-26,11400.0
2026-05-26,12000.0
2026-05-26,24000.0
2026-05-26,12000.0
2026-05-26,12000.0
2026-05-26,12000.0
2026-05-26,22000.0
2026-05-26,8000.0
2026-05-26,80000.0
2026-05-26,23000.0
2026-05-26,22000.0
2026-05-26,16000.0
2026-05-26,48000.0
2026-05-26,22000.0
2026-05-26,20000.0
2026-05-26,30000.0
2026-05-26,20000.0
2026-05-26,44000.0
2026-05-26,12000.0
2026-05-26,9500.0
2026-05-26,27000.0
2026-05-26,66000.0
2026-05-26,25000.0
2026-05-26,28500.0
2026-05-26,46000.0
2026-05-26,8000.0
2026-05-26,24000.0
2026-05-26,8000.0
2026-05-26,20000.0
2026-05-26,16000.0
2026-05-26,30000.0
2026-05-26,25000.0
2026-05-26,5000.0
2026-05-26,6000.0
2026-05-26,6000.0
2026-05-26,6000.0
2026-05-26,20000.0
2026-05-26,15200.0
2026-05-26,24000.0
2026-05-26,15000.0
2026-05-26,80000.0
2026-05-26,100000.0
2026-05-26,6000.0
2026-05-26,14250.0
2026-05-26,15000.0
2026-05-26,23750.0
2026-05-26,22000.0
2026-05-26,23000.0
2026-05-26,54000.0
2026-05-26,8000.0
2026-05-26,6000.0
2026-05-26,54000.0
2026-05-26,10000.0
2026-05-26,18000.0
2026-05-26,23000.0
2026-05-26,6000.0
2026-05-26,10000.0
2026-05-26,16000.0
2026-05-26,44000.0
2026-05-26,10000.0
2026-05-26,11400.0
2026-05-26,44000.0
2026-05-26,23000.0
2026-05-26,23000.0
2026-05-26,41800.0
2026-05-26,44000.0
2026-05-26,10000.0
2026-05-26,96000.0
2026-05-27,43700.0
2026-05-27,44000.0
2026-05-27,8000.0
2026-05-27,20000.0
2026-05-27,30000.0
2026-05-27,20900.0
2026-05-27,24000.0
2026-05-27,23000.0
2026-05-27,12000.0
2026-05-27,36000.0
2026-05-27,72000.0
2026-05-27,12000.0
2026-05-27,27000.0
2026-05-27,41800.0
2026-05-27,22000.0
2026-05-27,6000.0
2026-05-27,8000.0
2026-05-27,12000.0
2026-05-27,50000.0
2026-05-27,15000.0
2026-05-27,12000.0
2026-05-27,15000.0
2026-05-27,12000.0
2026-05-27,54000.0
2026-05-27,20000.0
2026-05-27,66000.0
2026-05-27,45000.0
2026-05-27,12000.0
2026-05-27,46000.0
2026-05-27,44000.0
2026-05-27,15000.0
2026-05-27,46000.0
2026-05-27,8000.0
2026-05-27,14250.0
2026-05-27,46000.0
2026-05-27,11400.0
2026-05-27,12000.0
2026-05-27,16000.0
2026-05-27,80000.0
2026-05-27,27000.0
2026-05-27,6000.0
2026-05-27,48000.0
2026-05-27,54000.0
2026-05-27,24000.0
2026-05-27,12000.0
2026-05-27,100000.0
2026-05-27,10000.0
2026-05-27,92000.0
2026-05-27,6000.0
2026-05-27,25000.0
2026-05-27,22000.0
2026-05-27,27000.0
2026-05-27,20000.0
2026-05-27,15000.0
2026-05-27,54000.0
2026-05-27,6000.0
2026-05-27,23000.0
2026-05-27,12000.0
2026-05-27,15000.0
2026-05-27,50000.0
2026-05-27,10000.0
2026-05-27,8000.0
2026-05-27,25000.0
2026-05-27,30000.0
2026-05-27,21850.0
2026-05-27,25000.0
2026-05-27,30000.0
2026-05-27,36000.0
2026-05-27,54000.0
2026-05-27,15000.0
2026-05-27,24000.0
2026-05-27,10000.0
2026-05-27,22000.0
2026-05-27,19000.0
2026-05-27,12000.0
2026-05-27,25000.0
2026-05-27,87400.0
2026-05-27,12000.0
2026-05-27,23000.0
2026-05-27,27000.0
2026-05-27,22000.0
2026-05-27,36000.0
2026-05-27,47500.0
2026-05-27,10000.0
2026-05-27,12000.0
2026-05-27,45000.0
2026-05-27,12000.0
2026-05-27,96000.0
2026-05-27,20000.0
2026-05-27,12000.0
2026-05-27,23000.0
2026-05-27,10000.0
2026-05-27,27000.0
2026-05-27,20000.0
2026-05-27,62700.0
2026-05-27,5700.0
2026-05-27,6000.0
2026-05-27,32000.0
2026-05-27,30000.0
2026-05-27,16000.0
2026-05-27,34200.0
2026-05-27,27000.0
2026-05-27,6000.0
2026-05-27,25000.0
2026-05-27,12000.0
2026-05-27,10000.0
2026-05-27,5000.0
2026-05-27,44000.0
2026-05-27,48000.0
2026-05-27,24000.0
2026-05-27,12000.0
2026-05-27,17100.0
2026-05-27,24000.0
2026-05-27,30000.0
2026-05-27,50000.0
2026-05-27,21850.0
2026-05-27,15000.0
2026-05-27,5700.0
2026-05-27,40000.0
2026-05-27,32000.0
2026-05-27,51300.0
2026-05-27,8000.0
2026-05-27,54000.0
2026-05-27,18000.0
2026-05-27,10000.0
2026-05-27,27000.0
2026-05-27,20000.0
2026-05-27,5000.0
2026-05-27,14250.0
2026-05-27,15000.0
2026-05-27,69000.0
2026-05-27,5000.0
2026-05-27,20000.0
2026-05-27,18000.0
2026-05-27,54000.0
2026-05-27,25000.0
2026-05-27,17100.0
2026-05-27,24000.0
2026-05-27,22000.0
2026-05-27,5000.0
2026-05-27,15000.0
2026-05-27,25000.0
2026-05-27,8000.0
2026-05-27,10000.0
2026-05-27,36000.0
2026-05-27,80000.0
2026-05-27,44000.0
2026-05-27,69000.0
2026-05-27,8000.0
2026-05-27,5000.0
2026-05-27,10000.0
2026-05-27,24000.0
2026-05-27,25000.0
2026-05-27,12000.0
2026-05-27,24000.0
2026-05-27,24000.0
2026-05-27,15000.0
2026-05-27,12000.0
2026-05-27,40000.0
2026-05-27,14250.0
2026-05-27,8000.0
2026-05-27,22800.0
2026-05-27,25650.0
2026-05-27,75000.0
2026-05-27,24000.0
2026-05-27,8000.0
2026-05-27,24000.0
2026-05-27,40000.0
2026-05-27,12000.0
2026-05-27,24000.0
2026-05-27,46000.0
2026-05-27,25000.0
2026-05-27,25000.0
2026-05-27,23000.0
2026-05-27,22000.0
2026-05-27,9500.0
2026-05-27,19000.0
2026-05-27,80000.0
2026-05-27,100000.0
2026-05-27,15000.0
2026-05-27,5000.0
2026-05-27,50000.0
2026-05-27,24000.0
2026-05-27,23750.0
2026-05-27,44000.0
2026-05-27,27000.0
2026-05-27,30000.0
2026-05-27,24000.0
2026-05-27,19000.0
2026-05-27,8000.0
2026-05-27,6000.0
2026-05-27,54000.0
2026-05-27,100000.0
2026-05-27,76000.0
2026-05-27,22000.0
2026-05-27,12000.0
2026-05-27,14250.0
2026-05-27,12000.0
2026-05-27,8000.0
2026-05-27,25000.0
2026-05-27,36000.0
2026-05-27,18000.0
2026-05-27,6000.0
2026-05-27,8000.0
2026-05-27,80000.0
2026-05-27,20000.0
2026-05-27,24000.0
2026-05-27,60000.0
2026-05-27,22000.0
2026-05-27,15000.0
2026-05-27,23000.0
2026-05-27,38000.0
2026-05-27,8000.0
2026-05-27,6000.0
2026-05-27,12000.0
2026-05-27,24000.0
2026-05-27,23000.0
2026-05-27,30000.0
2026-05-27,5000.0
2026-05-27,16000.0
2026-05-27,20000.0
2026-05-27,10000.0
2026-05-27,15000.0
2026-05-27,24000.0
2026-05-28,46000.0
2026-05-28,12000.0
2026-05-28,45600.0
2026-05-28,24000.0
2026-05-28,27000.0
2026-05-28,7600.0
2026-05-28,6000.0
2026-05-28,66000.0
2026-05-28,43700.0
2026-05-28,24000.0
2026-05-28,81000.0
2026-05-28,25000.0
2026-05-28,12000.0
2026-05-28,30000.0
2026-05-28,20000.0
2026-05-28,69000.0
2026-05-28,15000.0
2026-05-28,36000.0
2026-05-28,18000.0
2026-05-28,20000.0
2026-05-28,15000.0
2026-05-28,22000.0
2026-05-28,8000.0
2026-05-28,23000.0
2026-05-28,20000.0
2026-05-28,6000.0
2026-05-28,23000.0
2026-05-28,20000.0
2026-05-28,60000.0
2026-05-28,20000.0
2026-05-28,15000.0
2026-05-28,6000.0
2026-05-28,46000.0
2026-05-28,25000.0
2026-05-28,22000.0
2026-05-28,27000.0
2026-05-28,24000.0
2026-05-28,23000.0
2026-05-28,27000.0
2026-05-28,12000.0
2026-05-28,19000.0
2026-05-28,12000.0
2026-05-28,81000.0
2026-05-28,12000.0
2026-05-28,60000.0
2026-05-28,20000.0
2026-05-28,23000.0
2026-05-28,5700.0
2026-05-28,11400.0
2026-05-28,24000.0
2026-05-28,28500.0
2026-05-28,23000.0
2026-05-28,45000.0
2026-05-28,10000.0
2026-05-28,69000.0
2026-05-28,6000.0
2026-05-28,24000.0
2026-05-28,20000.0
2026-05-28,25000.0
2026-05-28,6000.0
2026-05-28,22800.0
2026-05-28,48000.0
2026-05-28,44000.0
2026-05-28,8000.0
2026-05-28,75000.0
2026-05-28,47500.0
2026-05-28,8000.0
2026-05-28,72000.0
2026-05-28,6000.0
2026-05-28,8000.0
2026-05-28,30000.0
2026-05-28,32000.0
2026-05-28,20000.0
2026-05-28,24000.0
2026-05-28,22000.0
2026-05-28,50000.0
2026-05-28,75000.0
2026-05-28,40000.0
2026-05-28,12000.0
2026-05-28,30000.0
2026-05-28,24000.0
2026-05-28,48000.0
2026-05-28,8000.0
2026-05-28,12000.0
2026-05-28,80000.0
2026-05-28,23000.0
2026-05-28,8000.0
2026-05-28,5700.0
2026-05-28,22000.0
2026-05-28,20000.0
2026-05-28,24000.0
2026-05-28,12000.0
2026-05-28,27000.0
2026-05-28,50000.0
2026-05-28,12000.0
2026-05-28,48000.0
2026-05-28,15000.0
2026-05-28,20000.0
2026-05-28,24000.0
2026-05-28,14250.0
2026-05-28,20000.0
2026-05-28,92000.0
2026-05-28,71250.0
2026-05-28,22000.0
2026-05-28,48000.0
2026-05-28,30000.0
2026-05-28,20000.0
2026-05-28,24000.0
2026-05-28,25000.0
2026-05-28,40000.0
2026-05-28,24000.0
2026-05-28,24000.0
2026-05-28,66000.0
2026-05-28,5700.0
2026-05-28,24000.0
2026-05-28,10000.0
2026-05-28,72000.0
2026-05-28,25000.0
2026-05-28,22000.0
2026-05-28,6000.0
2026-05-28,43700.0
2026-05-28,10000.0
2026-05-28,15000.0
2026-05-28,25000.0
2026-05-28,15200.0
2026-05-28,15000.0
2026-05-28,22000.0
2026-05-28,15000.0
2026-05-28,12000.0
2026-05-28,23000.0
2026-05-28,24000.0
2026-05-28,23000.0
2026-05-28,10000.0
2026-05-28,30000.0
2026-05-28,41800.0
2026-05-28,22800.0
2026-05-28,12000.0
2026-05-28,24000.0
2026-05-28,5700.0
2026-05-28,6000.0
2026-05-28,24000.0
2026-05-28,48000.0
2026-05-28,10000.0
2026-05-28,24000.0
2026-05-28,27000.0
2026-05-28,50000.0
2026-05-28,46000.0
2026-05-28,12000.0
2026-05-28,96000.0
2026-05-28,50000.0
2026-05-28,18000.0
2026-05-28,12000.0
2026-05-28,6000.0
2026-05-28,20000.0
2026-05-28,10000.0
2026-05-28,25000.0
2026-05-28,30000.0
2026-05-28,48000.0
2026-05-28,27000.0
2026-05-28,10000.0
2026-05-28,81000.0
2026-05-28,36000.0
2026-05-28,45000.0
2026-05-28,6000.0
2026-05-28,7600.0
2026-05-28,15000.0
2026-05-28,6000.0
2026-05-28,27000.0
2026-05-28,5000.0
2026-05-28,6000.0
2026-05-28,6000.0
2026-05-28,24000.0
2026-05-28,8000.0
2026-05-28,6000.0
2026-05-28,22000.0
2026-05-28,5000.0
2026-05-28,16000.0
2026-05-28,5000.0
2026-05-28,10000.0
2026-05-29,6000.0
2026-05-29,10000.0
2026-05-29,88000.0
2026-05-29,19000.0
2026-05-29,5000.0
2026-05-29,6000.0
2026-05-29,15000.0
2026-05-29,100000.0
2026-05-29,16000.0
2026-05-29,5000.0
2026-05-29,54000.0
2026-05-29,15200.0
2026-05-29,5000.0
2026-05-29,25000.0
2026-05-29,23000.0
2026-05-29,75000.0
2026-05-29,12000.0
2026-05-29,36000.0
2026-05-29,23000.0
2026-05-29,81000.0
2026-05-29,8000.0
2026-05-29,40000.0
2026-05-29,23000.0
2026-05-29,72000.0
2026-05-29,15000.0
2026-05-29,24000.0
2026-05-29,14250.0
2026-05-29,24000.0
2026-05-29,10000.0
2026-05-29,50000.0
2026-05-29,46000.0
2026-05-29,24000.0
2026-05-29,12000.0
2026-05-29,25000.0
2026-05-29,11400.0
2026-05-29,16000.0
2026-05-29,23000.0
2026-05-29,30000.0
2026-05-29,6000.0
2026-05-29,24000.0
2026-05-29,6000.0
2026-05-29,23000.0
2026-05-29,30000.0
2026-05-29,25000.0
2026-05-29,6000.0
2026-05-29,12000.0
2026-05-29,16000.0
2026-05-29,20900.0
2026-05-29,72000.0
2026-05-29,20000.0
2026-05-29,24000.0
2026-05-29,50000.0
2026-05-29,24000.0
2026-05-29,46000.0
2026-05-29,20000.0
2026-05-29,8000.0
2026-05-29,25000.0
2026-05-29,15000.0
2026-05-29,20900.0
2026-05-29,12000.0
2026-05-29,6000.0
2026-05-29,22000.0
2026-05-29,41800.0
2026-05-29,23750.0
2026-05-29,24000.0
2026-05-29,50000.0
2026-05-29,22000.0
2026-05-29,12000.0
2026-05-29,8000.0
2026-05-29,8000.0
2026-05-29,30000.0
2026-05-29,12000.0
2026-05-29,10000.0
2026-05-29,23000.0
2026-05-29,22000.0
2026-05-29,10000.0
2026-05-29,5000.0
2026-05-29,6000.0
2026-05-29,40000.0
2026-05-29,27000.0
2026-05-29,36000.0
2026-05-29,30000.0
2026-05-29,12000.0
2026-05-29,15000.0
2026-05-29,88000.0
2026-05-29,23000.0
2026-05-29,22000.0
2026-05-29,44000.0
2026-05-29,6000.0
2026-05-29,15000.0
2026-05-29,12000.0
2026-05-29,80000.0
2026-05-29,30000.0
2026-05-29,6000.0
2026-05-29,14250.0
2026-05-29,27000.0
2026-05-29,9500.0
2026-05-29,25650.0
2026-05-29,24000.0
2026-05-29,12000.0
2026-05-29,18000.0
2026-05-29,81000.0
2026-05-29,22000.0
2026-05-29,10000.0
2026-05-29,12000.0
2026-05-29,16000.0
2026-05-29,30000.0
2026-05-29,25000.0
2026-05-29,20000.0
2026-05-29,15000.0
2026-05-29,8000.0
2026-05-29,44000.0
2026-05-29,10000.0
2026-05-29,11400.0
2026-05-29,25000.0
2026-05-29,45000.0
2026-05-29,62700.0
2026-05-29,11400.0
2026-05-29,25000.0
2026-05-29,27000.0
2026-05-29,40000.0
2026-05-29,46000.0
2026-05-29,6000.0
2026-05-29,6000.0
2026-05-29,27000.0
2026-05-29,30000.0
2026-05-29,25000.0
2026-05-29,12000.0
2026-05-29,54000.0
2026-05-29,6000.0
2026-05-29,32000.0
2026-05-29,6000.0
2026-05-29,12000.0
2026-05-29,24000.0
2026-05-29,20000.0
2026-05-29,50000.0
2026-05-29,6000.0
2026-05-29,25000.0
2026-05-29,20000.0
2026-05-29,27000.0
2026-05-29,50000.0
2026-05-29,6000.0
2026-05-29,12000.0
2026-05-29,15000.0
2026-05-29,45000.0
2026-05-29,24000.0
2026-05-29,4750.0
2026-05-29,40000.0
2026-05-29,19000.0
2026-05-29,5700.0
2026-05-29,20000.0
2026-05-29,27000.0
2026-05-29,80000.0
2026-05-29,12000.0
2026-05-29,12000.0
2026-05-29,30000.0
2026-05-29,12000.0
2026-05-29,25000.0
2026-05-29,44000.0
2026-05-29,16000.0
2026-05-29,15000.0
2026-05-29,15200.0
2026-05-29,22800.0
2026-05-29,12000.0
2026-05-29,8000.0
2026-05-29,22000.0
2026-05-29,6000.0
2026-05-29,22000.0
2026-05-29,54000.0
2026-05-29,12000.0
2026-05-29,10000.0
2026-05-29,68400.0
2026-05-29,12000.0
2026-05-29,48000.0
2026-05-29,44000.0
2026-05-29,108000.0
2026-05-29,76000.0
2026-05-29,15000.0
2026-05-29,6000.0
2026-05-29,27000.0
2026-05-29,5000.0
2026-05-29,100000.0
2026-05-29,8000.0
2026-05-29,66000.0
2026-05-29,47500.0
2026-05-29,12000.0
2026-05-29,22000.0
2026-05-29,15000.0
2026-05-29,5000.0
2026-05-29,12000.0
2026-05-29,8000.0
2026-05-29,27000.0
2026-05-29,5000.0
2026-05-29,24000.0
2026-05-29,20000.0
2026-05-29,10000.0
2026-05-29,12000.0
2026-05-29,23000.0
2026-05-29,6000.0
2026-05-29,10000.0
2026-05-29,81000.0
2026-05-29,15000.0
2026-05-29,5000.0
2026-05-29,75000.0
2026-05-29,17100.0
2026-05-29,24000.0
2026-05-29,5000.0
2026-05-29,25000.0
2026-05-29,50000.0
2026-05-29,30000.0
2026-05-29,10000.0
2026-05-29,45600.0
2026-05-29,12000.0
2026-05-29,80000.0
2026-05-29,8000.0
2026-05-29,12000.0
2026-05-29,9500.0
2026-05-29,80000.0
2026-05-29,11400.0
2026-05-29,23000.0
2026-05-29,15000.0
2026-05-29,44000.0
2026-05-29,6000.0
2026-05-29,23000.0
2026-05-29,10000.0
2026-05-29,22000.0
2026-05-29,46000.0
2026-05-29,27000.0
2026-05-29,12000.0
2026-05-29,36000.0
2026-05-29,30000.0
2026-05-29,8000.0
2026-05-29,6000.0
2026-05-29,15000.0
2026-05-29,24000.0
2026-05-29,12000.0
2026-05-29,24000.0
2026-05-29,15000.0
2026-05-29,44000.0
2026-05-29,25000.0
2026-05-29,6000.0
2026-05-29,44000.0
2026-05-29,20000.0
2026-05-29,23000.0
2026-05-29,44000.0
2026-05-30,6000.0
2026-05-30,24000.0
2026-05-30,15000.0
2026-05-30,22000.0
2026-05-30,23000.0
2026-05-30,36000.0
2026-05-30,5000.0
2026-05-30,23000.0
2026-05-30,22000.0
2026-05-30,60000.0
2026-05-30,27000.0
2026-05-30,14250.0
2026-05-30,23750.0
2026-05-30,22000.0
2026-05-30,8000.0
2026-05-30,24000.0
2026-05-30,12000.0
2026-05-30,15000.0
2026-05-30,20000.0
2026-05-30,22000.0
2026-05-30,20000.0
2026-05-30,6000.0
2026-05-30,48000.0
2026-05-30,8000.0
2026-05-30,7600.0
2026-05-30,19000.0
2026-05-30,24000.0
2026-05-30,50000.0
2026-05-30,16000.0
2026-05-30,46000.0
2026-05-30,24000.0
2026-05-30,12000.0
2026-05-30,30000.0
2026-05-30,25000.0
2026-05-30,27000.0
2026-05-30,12000.0
2026-05-30,23000.0
2026-05-30,30000.0
2026-05-30,27000.0
2026-05-30,50000.0
2026-05-30,8000.0
2026-05-30,11400.0
2026-05-30,46000.0
2026-05-30,12000.0
2026-05-30,16000.0
2026-05-30,24000.0
2026-05-30,10000.0
2026-05-30,12000.0
2026-05-30,44000.0
2026-05-30,16000.0
2026-05-30,27000.0
2026-05-30,24000.0
2026-05-30,30000.0
2026-05-30,27000.0
2026-05-30,15000.0
2026-05-30,8000.0
2026-05-30,15000.0
2026-05-30,10000.0
2026-05-30,12000.0
2026-05-30,10000.0
2026-05-30,6000.0
2026-05-30,23000.0
2026-05-30,27000.0
2026-05-30,6000.0
2026-05-30,24000.0
2026-05-30,23000.0
2026-05-30,10000.0
2026-05-30,23000.0
2026-05-30,40000.0
2026-05-30,68400.0
2026-05-30,15000.0
2026-05-30,7600.0
2026-05-30,24000.0
2026-05-30,6000.0
2026-05-30,8000.0
2026-05-30,40000.0
2026-05-30,8000.0
2026-05-30,92000.0
2026-05-30,20900.0
2026-05-30,6000.0
2026-05-30,50000.0
2026-05-30,20000.0
2026-05-30,6000.0
2026-05-30,8000.0
2026-05-30,27000.0
2026-05-30,23000.0
2026-05-30,6000.0
2026-05-30,10000.0
2026-05-30,24000.0
2026-05-30,27000.0
2026-05-30,92000.0
2026-05-30,10000.0
2026-05-30,46000.0
2026-05-30,12000.0
2026-05-30,23000.0
2026-05-30,10000.0
2026-05-30,51300.0
2026-05-30,32000.0
2026-05-30,10000.0
2026-05-30,10000.0
2026-05-30,22000.0
2026-05-30,12000.0
2026-05-30,24000.0
2026-05-30,23000.0
2026-05-30,25000.0
2026-05-30,15000.0
2026-05-30,6000.0
2026-05-30,6000.0
2026-05-30,25000.0
2026-05-30,15200.0
2026-05-30,22000.0
2026-05-30,23000.0
2026-05-30,12000.0
2026-05-30,22000.0
2026-05-30,30000.0
2026-05-30,24000.0
2026-05-30,50000.0
2026-05-30,30000.0
2026-05-30,6000.0
2026-05-30,16000.0
2026-05-30,24000.0
2026-05-30,60000.0
2026-05-30,22000.0
2026-05-30,23000.0
2026-05-30,25000.0
2026-05-30,15000.0
2026-05-30,5000.0
2026-05-30,9500.0
2026-05-30,10000.0
2026-05-30,15000.0
2026-05-30,27000.0
2026-05-30,24000.0
2026-05-30,24000.0
2026-05-30,16000.0
2026-05-30,44000.0
2026-05-30,20000.0
2026-05-30,15000.0
2026-05-30,18000.0
2026-05-30,18000.0
2026-05-30,71250.0
2026-05-30,15000.0
2026-05-30,15000.0
2026-05-30,24000.0
2026-05-30,75000.0
2026-05-30,23000.0
2026-05-30,4750.0
2026-05-30,8000.0
2026-05-30,8000.0
2026-05-30,11400.0
2026-05-30,15000.0
2026-05-30,23000.0
2026-05-30,80000.0
2026-05-30,25000.0
2026-05-30,50000.0
2026-05-30,23000.0
2026-05-30,60000.0
2026-05-30,8000.0
2026-05-30,24000.0
2026-05-30,46000.0
2026-05-30,15000.0
2026-05-30,20000.0
2026-05-30,50000.0
2026-05-30,48000.0
2026-05-30,8000.0
2026-05-30,66000.0
2026-05-30,10000.0
2026-05-30,25650.0
2026-05-30,20000.0
2026-05-30,6000.0
2026-05-30,27000.0
2026-05-30,5700.0
2026-05-30,15000.0
2026-05-30,25000.0
2026-05-30,66000.0
2026-05-30,45000.0
2026-05-30,44000.0
2026-05-30,15000.0
2026-05-30,27000.0
2026-05-30,15000.0
2026-05-30,22000.0
2026-05-30,46000.0
2026-05-30,81000.0
2026-05-30,20000.0
2026-05-30,24000.0
2026-05-30,15000.0
2026-05-30,22000.0
2026-05-30,62700.0
2026-05-30,22000.0
2026-05-30,50000.0
2026-05-30,25000.0
2026-05-30,22000.0
2026-05-30,15000.0
2026-05-30,48000.0
2026-05-30,40000.0
2026-05-30,81000.0
2026-05-30,6000.0
2026-05-30,91200.0
2026-05-30,60000.0
2026-05-30,60000.0
2026-05-30,23000.0
2026-05-30,24000.0
2026-05-30,44000.0
2026-05-30,30000.0
2026-05-30,10000.0
2026-05-30,12000.0
2026-05-30,27000.0
2026-05-30,20000.0
2026-05-30,10000.0
2026-05-30,12000.0
2026-05-30,60000.0
2026-05-30,10000.0
2026-05-30,80000.0
2026-05-30,91200.0
2026-05-30,50000.0
2026-05-30,27000.0
2026-05-30,45000.0
2026-05-30,15200.0
2026-05-30,22000.0
2026-05-30,54000.0
2026-05-30,44000.0
2026-05-30,22000.0
2026-05-30,22000.0
2026-05-30,6000.0
2026-05-30,6000.0
2026-05-30,108000.0
2026-05-30,24000.0
2026-05-30,54000.0
2026-05-30,75000.0
2026-05-30,10000.0
2026-05-30,10000.0
2026-05-30,30000.0
2026-05-30,5000.0
2026-05-30,8000.0
2026-05-30,24000.0
2026-05-30,8000.0
2026-05-30,10000.0
2026-05-30,87400.0
2026-05-30,40000.0
2026-05-30,50000.0
2026-05-30,8000.0
2026-05-30,48000.0
2026-05-30,23000.0
2026-05-30,24000.0
2026-05-30,27000.0
2026-05-30,5000.0
2026-05-30,18000.0
2026-05-30,24000.0
2026-05-30,25000.0
2026-05-30,30000.0
2026-05-30,20000.0
2026-05-30,12000.0
2026-05-30,16000.0
2026-05-30,24000.0
2026-05-30,15000.0
2026-05-30,5700.0
2026-05-30,22000.0
2026-05-30,5000.0
2026-05-30,16000.0
2026-05-30,12000.0
2026-05-30,36000.0
2026-05-30,22800.0
2026-05-30,25000.0
2026-05-30,24000.0
2026-05-30,40000.0
2026-05-30,25000.0
2026-05-31,6000.0
2026-05-31,34200.0
2026-05-31,54000.0
2026-05-31,20000.0
2026-05-31,8000.0
2026-05-31,25000.0
2026-05-31,42750.0
2026-05-31,7600.0
2026-05-31,6000.0
2026-05-31,8000.0
2026-05-31,12000.0
2026-05-31,12000.0
2026-05-31,22000.0
2026-05-31,72000.0
2026-05-31,40000.0
2026-05-31,15000.0
2026-05-31,12000.0
2026-05-31,30000.0
2026-05-31,24000.0
2026-05-31,24000.0
2026-05-31,75000.0
2026-05-31,20000.0
2026-05-31,16000.0
2026-05-31,10000.0
2026-05-31,6000.0
2026-05-31,24000.0
2026-05-31,48000.0
2026-05-31,48000.0
2026-05-31,6000.0
2026-05-31,27000.0
2026-05-31,24000.0
2026-05-31,10000.0
2026-05-31,24000.0
2026-05-31,6000.0
2026-05-31,46000.0
2026-05-31,15000.0
2026-05-31,27000.0
2026-05-31,10000.0
2026-05-31,44000.0
2026-05-31,25000.0
2026-05-31,6000.0
2026-05-31,10000.0
2026-05-31,46000.0
2026-05-31,46000.0
2026-05-31,12000.0
2026-05-31,25000.0
2026-05-31,6000.0
2026-05-31,20000.0
2026-05-31,88000.0
2026-05-31,6000.0
2026-05-31,16000.0
2026-05-31,48000.0
2026-05-31,46000.0
2026-05-31,44000.0
2026-05-31,16000.0
2026-05-31,6000.0
2026-05-31,10000.0
2026-05-31,24000.0
2026-05-31,30000.0
2026-05-31,20000.0
2026-05-31,12000.0
2026-05-31,21850.0
2026-05-31,5000.0
2026-05-31,27000.0
2026-05-31,12000.0
2026-05-31,25000.0
2026-05-31,22000.0
2026-05-31,8000.0
2026-05-31,11400.0
2026-05-31,15000.0
2026-05-31,20000.0
2026-05-31,5000.0
2026-05-31,14250.0
2026-05-31,25000.0
2026-05-31,15000.0
2026-05-31,50000.0
2026-05-31,10000.0
2026-05-31,12000.0
2026-05-31,10000.0
2026-05-31,24000.0
2026-05-31,22000.0
2026-05-31,15000.0
2026-05-31,8000.0
2026-05-31,24000.0
2026-05-31,10000.0
2026-05-31,25000.0
2026-05-31,22000.0
2026-05-31,12000.0
2026-05-31,20000.0
2026-05-31,12000.0
2026-05-31,8000.0
2026-05-31,5000.0
2026-05-31,10000.0
2026-05-31,8000.0
2026-05-31,88000.0
2026-05-31,36000.0
2026-05-31,20000.0
2026-05-31,54000.0
2026-05-31,12000.0
2026-05-31,15000.0
2026-05-31,12000.0
2026-05-31,10000.0
2026-05-31,24000.0
2026-05-31,30000.0
2026-05-31,75000.0
2026-05-31,27000.0
2026-05-31,22000.0
2026-05-31,10000.0
2026-05-31,8000.0
2026-05-31,40000.0
2026-05-31,22000.0
2026-05-31,22800.0
2026-05-31,15000.0
2026-05-31,15000.0
2026-05-31,24000.0
2026-05-31,22000.0
2026-05-31,40000.0
2026-05-31,6000.0
2026-05-31,6000.0
2026-05-31,23000.0
2026-05-31,19000.0
2026-05-31,38000.0
2026-05-31,96000.0
2026-05-31,5000.0
2026-05-31,88000.0
2026-05-31,15000.0
2026-05-31,12000.0
2026-05-31,15000.0
2026-05-31,22000.0
2026-05-31,10000.0
2026-05-31,6000.0
2026-05-31,12000.0
2026-05-31,15000.0
2026-05-31,27000.0
2026-05-31,5700.0
2026-05-31,48000.0
2026-05-31,15000.0
2026-05-31,25000.0
2026-05-31,8000.0
2026-05-31,50000.0
2026-05-31,5000.0
2026-05-31,12000.0
2026-05-31,25000.0
2026-05-31,20000.0
2026-05-31,25000.0
2026-05-31,10000.0
2026-05-31,12000.0
2026-05-31,20000.0
2026-05-31,24000.0
2026-05-31,40000.0
2026-05-31,25000.0
2026-05-31,24000.0
2026-05-31,6000.0
2026-05-31,30000.0
2026-05-31,5000.0
2026-05-31,24000.0
2026-05-31,12000.0
2026-05-31,48000.0
2026-05-31,40000.0
2026-05-31,24000.0
2026-05-31,27000.0
2026-05-31,19000.0
2026-05-31,23000.0
2026-05-31,8000.0
2026-05-31,16000.0
2026-05-31,12000.0
2026-05-31,6000.0
2026-05-31,22000.0
2026-05-31,81000.0
2026-05-31,20000.0
2026-05-31,5000.0
2026-05-31,30000.0
2026-05-31,6000.0
2026-05-31,46000.0
2026-05-31,15000.0
2026-05-31,27000.0
2026-05-31,15000.0
2026-05-31,27000.0
2026-05-31,20000.0
2026-05-31,25000.0
2026-05-31,96000.0
2026-05-31,69000.0
2026-05-31,24000.0
2026-05-31,27000.0
2026-05-31,50000.0
2026-05-31,22800.0
2026-05-31,44000.0
2026-05-31,25000.0
2026-05-31,8000.0
2026-05-31,16000.0
2026-05-31,12000.0
2026-05-31,23000.0
2026-05-31,44000.0
2026-05-31,24000.0
2026-05-31,69000.0
2026-05-31,20000.0
2026-05-31,8000.0
2026-05-31,54000.0
2026-05-31,6000.0
2026-05-31,24000.0
2026-05-31,23000.0
2026-05-31,8000.0
2026-05-31,12000.0
2026-05-31,16000.0
2026-05-31,23000.0
2026-05-31,16000.0
2026-05-31,11400.0
2026-05-31,45000.0
2026-05-31,6000.0
2026-05-31,10000.0
2026-05-31,6000.0
2026-05-31,22800.0
2026-05-31,20000.0
2026-05-31,23000.0
2026-05-31,8000.0
2026-05-31,24000.0
2026-05-31,15000.0
2026-05-31,8000.0
2026-05-31,43700.0
2026-05-31,44000.0
2026-05-31,4750.0
2026-05-31,6000.0
2026-05-31,18000.0
2026-05-31,50000.0
2026-05-31,8000.0
2026-05-31,22000.0
2026-05-31,7600.0
2026-05-31,12000.0
2026-05-31,30000.0
2026-05-31,25000.0
2026-05-31,5000.0
2026-05-31,23000.0
2026-05-31,60000.0
2026-05-31,48000.0
2026-05-31,12000.0
2026-05-31,46000.0
2026-05-31,40000.0
2026-05-31,15000.0
2026-05-31,12000.0
2026-05-31,75000.0
2026-05-31,8000.0
2026-05-31,51300.0
2026-05-31,6000.0
2026-05-31,54000.0
2026-05-31,6000.0
2026-05-31,57000.0
2026-05-31,30000.0
2026-05-31,10000.0
2026-05-31,20000.0
2026-05-31,24000.0
2026-05-31,22000.0
2026-05-31,25000.0
2026-05-31,96000.0
2026-05-31,20000.0
2026-05-31,96000.0
2026-05-31,7600.0
2026-05-31,10000.0
2026-05-31,27000.0
2026-05-31,10000.0
2026-05-31,8000.0
2026-05-31,10000.0
2026-05-31,5000.0
2026-05-31,15000.0
2026-05-31,24000.0
2026-05-31,36000.0
2026-05-31,23000.0
2026-05-31,46000.0
2026-06-01,25000.0
2026-06-01,6000.0
2026-06-01,24000.0
2026-06-01,12000.0
2026-06-01,54000.0
2026-06-01,15000.0
2026-06-01,8000.0
2026-06-01,44000.0
2026-06-01,15000.0
2026-06-01,23000.0
2026-06-01,22000.0
2026-06-01,24000.0
2026-06-01,24000.0
2026-06-01,10000.0
2026-06-01,10000.0
2026-06-01,12000.0
2026-06-01,20900.0
2026-06-01,20000.0
2026-06-01,48000.0
2026-06-01,25000.0
2026-06-01,6000.0
2026-06-01,9500.0
2026-06-01,48000.0
2026-06-01,47500.0
2026-06-01,44000.0
2026-06-01,18000.0
2026-06-01,16000.0
2026-06-01,25000.0
2026-06-01,8000.0
2026-06-01,12000.0
2026-06-01,22000.0
2026-06-01,46000.0
2026-06-01,22000.0
2026-06-01,24000.0
2026-06-01,6000.0
2026-06-01,8000.0
2026-06-01,6000.0
2026-06-01,12000.0
2026-06-01,22000.0
2026-06-01,27000.0
2026-06-01,25000.0
2026-06-01,21850.0
2026-06-01,15000.0
2026-06-01,8000.0
2026-06-01,38000.0
2026-06-01,27000.0
2026-06-01,8000.0
2026-06-01,27000.0
2026-06-01,25650.0
2026-06-01,40000.0
2026-06-01,10000.0
2026-06-01,22800.0
2026-06-01,12000.0
2026-06-01,66000.0
2026-06-01,45000.0
2026-06-01,15000.0
2026-06-01,24000.0
2026-06-01,40000.0
2026-06-01,6000.0
2026-06-01,8000.0
2026-06-01,8000.0
2026-06-01,21850.0
2026-06-01,30000.0
2026-06-01,69000.0
2026-06-01,25000.0
2026-06-01,24000.0
2026-06-01,27000.0
2026-06-01,20000.0
2026-06-01,25000.0
2026-06-01,25000.0
2026-06-01,10000.0
2026-06-01,25650.0
2026-06-01,20000.0
2026-06-01,48000.0
2026-06-01,6000.0
2026-06-01,15000.0
2026-06-01,40000.0
2026-06-01,51300.0
2026-06-01,16000.0
2026-06-01,30000.0
2026-06-01,46000.0
2026-06-01,8000.0
2026-06-01,10000.0
2026-06-01,12000.0
2026-06-01,25000.0
2026-06-01,12000.0
2026-06-01,48000.0
2026-06-01,16000.0
2026-06-01,6000.0
2026-06-01,6000.0
2026-06-01,6000.0
2026-06-01,36000.0
2026-06-01,22000.0
2026-06-01,5000.0
2026-06-01,24000.0
2026-06-01,25000.0
2026-06-01,6000.0
2026-06-01,6000.0
2026-06-01,27000.0
2026-06-01,24000.0
2026-06-01,22000.0
2026-06-01,12000.0
2026-06-01,22000.0
2026-06-01,54000.0
2026-06-01,5000.0
2026-06-01,20000.0
2026-06-01,17100.0
2026-06-01,22000.0
2026-06-01,41800.0
2026-06-01,23000.0
2026-06-01,22000.0
2026-06-01,72000.0
2026-06-01,15000.0
2026-06-01,22000.0
2026-06-01,20000.0
2026-06-01,23000.0
2026-06-01,15000.0
2026-06-01,25000.0
2026-06-01,23000.0
2026-06-01,5000.0
2026-06-01,11400.0
2026-06-01,10000.0
2026-06-01,27000.0
2026-06-01,30000.0
2026-06-01,23000.0
2026-06-01,22000.0
2026-06-01,20000.0
2026-06-01,46000.0
2026-06-01,22000.0
2026-06-01,20000.0
2026-06-01,50000.0
2026-06-01,21850.0
2026-06-01,66000.0
2026-06-01,15000.0
2026-06-01,60000.0
2026-06-01,18000.0
2026-06-01,22000.0
2026-06-01,24000.0
2026-06-01,24000.0
2026-06-01,23750.0
2026-06-01,12000.0
2026-06-01,12000.0
2026-06-01,50000.0
2026-06-01,20000.0
2026-06-01,5700.0
2026-06-01,16000.0
2026-06-01,54000.0
2026-06-01,24000.0
2026-06-01,44000.0
2026-06-01,48000.0
2026-06-01,48000.0
2026-06-01,6000.0
2026-06-01,24000.0
2026-06-01,24000.0
2026-06-01,27000.0
2026-06-01,24000.0
2026-06-01,24000.0
2026-06-01,45000.0
2026-06-01,16000.0
2026-06-01,10000.0
2026-06-01,23000.0
2026-06-01,6000.0
2026-06-01,15000.0
2026-06-01,8000.0
2026-06-01,40000.0
2026-06-01,8000.0
2026-06-01,20000.0
2026-06-01,6000.0
2026-06-01,23000.0
2026-06-01,12000.0
2026-06-01,20900.0
2026-06-01,38000.0
2026-06-01,24000.0
2026-06-01,15000.0
2026-06-01,43700.0
2026-06-01,14250.0
2026-06-01,48000.0
2026-06-01,45000.0
2026-06-01,12000.0
2026-06-01,6000.0
2026-06-01,66000.0
2026-06-01,17100.0
2026-06-01,27000.0
2026-06-01,15000.0
2026-06-01,12000.0
2026-06-02,69000.0
2026-06-02,24000.0
2026-06-02,24000.0
2026-06-02,10000.0
2026-06-02,20900.0
2026-06-02,12000.0
2026-06-02,6000.0
2026-06-02,92000.0
2026-06-02,12000.0
2026-06-02,22000.0
2026-06-02,6000.0
2026-06-02,10000.0
2026-06-02,8000.0
2026-06-02,23000.0
2026-06-02,22800.0
2026-06-02,5000.0
2026-06-02,12000.0
2026-06-02,5000.0
2026-06-02,5000.0
2026-06-02,15000.0
2026-06-02,20900.0
2026-06-02,6000.0
2026-06-02,22000.0
2026-06-02,24000.0
2026-06-02,80000.0
2026-06-02,44000.0
2026-06-02,12000.0
2026-06-02,24000.0
2026-06-02,6000.0
2026-06-02,36000.0
2026-06-02,12000.0
2026-06-02,22800.0
2026-06-02,10000.0
2026-06-02,23000.0
2026-06-02,44000.0
2026-06-02,15000.0
2026-06-02,48000.0
2026-06-02,16000.0
2026-06-02,12000.0
2026-06-02,40000.0
2026-06-02,23000.0
2026-06-02,22000.0
2026-06-02,10000.0
2026-06-02,22000.0
2026-06-02,6000.0
2026-06-02,44000.0
2026-06-02,66000.0
2026-06-02,19000.0
2026-06-02,11400.0
2026-06-02,15000.0
2026-06-02,15000.0
2026-06-02,25000.0
2026-06-02,69000.0
2026-06-02,24000.0
2026-06-02,12000.0
2026-06-02,50000.0
2026-06-02,8000.0
2026-06-02,24000.0
2026-06-02,28500.0
2026-06-02,10000.0
2026-06-02,15000.0
2026-06-02,15000.0
2026-06-02,6000.0
2026-06-02,22800.0
2026-06-02,46000.0
2026-06-02,24000.0
2026-06-02,24000.0
2026-06-02,12000.0
2026-06-02,54000.0
2026-06-02,44000.0
2026-06-02,92000.0
2026-06-02,8000.0
2026-06-02,72000.0
2026-06-02,6000.0
2026-06-02,24000.0
2026-06-02,48000.0
2026-06-02,25000.0
2026-06-02,66000.0
2026-06-02,46000.0
2026-06-02,18000.0
2026-06-02,22000.0
2026-06-02,5000.0
2026-06-02,24000.0
2026-06-02,60000.0
2026-06-02,20900.0
2026-06-02,30000.0
2026-06-02,6000.0
2026-06-02,28500.0
2026-06-02,20000.0
2026-06-02,8000.0
2026-06-02,10000.0
2026-06-02,44000.0
2026-06-02,92000.0
2026-06-02,9500.0
2026-06-02,40000.0
2026-06-02,18000.0
2026-06-02,10000.0
2026-06-02,24000.0
2026-06-02,46000.0
2026-06-02,24000.0
2026-06-02,6000.0
2026-06-02,19000.0
2026-06-02,8000.0
2026-06-02,8000.0
2026-06-02,15000.0
2026-06-02,20000.0
2026-06-02,44000.0
2026-06-02,10000.0
2026-06-02,50000.0
2026-06-02,15000.0
2026-06-02,22000.0
2026-06-02,12000.0
2026-06-02,24000.0
2026-06-02,8000.0
2026-06-02,6000.0
2026-06-02,23000.0
2026-06-02,25000.0
2026-06-02,11400.0
2026-06-02,23000.0
2026-06-02,27000.0
2026-06-02,50000.0
2026-06-02,23000.0
2026-06-02,5000.0
2026-06-02,6000.0
2026-06-02,7600.0
2026-06-02,12000.0
2026-06-02,40000.0
2026-06-02,5000.0
2026-06-02,20000.0
2026-06-02,12000.0
2026-06-02,6000.0
2026-06-02,45000.0
2026-06-02,20000.0
2026-06-02,62700.0
2026-06-02,24000.0
2026-06-02,6000.0
2026-06-02,16000.0
2026-06-02,8000.0
2026-06-02,22800.0
2026-06-02,24000.0
2026-06-02,10000.0
2026-06-02,20000.0
2026-06-02,25000.0
2026-06-02,20000.0
2026-06-02,15000.0
2026-06-02,24000.0
2026-06-02,72000.0
2026-06-02,10000.0
2026-06-02,12000.0
2026-06-02,25000.0
2026-06-02,15000.0
2026-06-02,24000.0
2026-06-02,18000.0
2026-06-02,60000.0
2026-06-02,6000.0
2026-06-02,20000.0
2026-06-02,23000.0
2026-06-02,45600.0
2026-06-02,60000.0
2026-06-02,4750.0
2026-06-02,6000.0
2026-06-02,42750.0
2026-06-02,24000.0
2026-06-02,14250.0
2026-06-02,6000.0
2026-06-02,20900.0
2026-06-02,18000.0
2026-06-02,23000.0
2026-06-02,8000.0
2026-06-02,11400.0
2026-06-02,6000.0
2026-06-02,48000.0
2026-06-02,66000.0
2026-06-02,6000.0
2026-06-02,46000.0
2026-06-02,44000.0
2026-06-02,15000.0
2026-06-02,20000.0
2026-06-02,22000.0
2026-06-02,15000.0
2026-06-02,50000.0
2026-06-02,15000.0
2026-06-02,10000.0
2026-06-02,20000.0
2026-06-02,66000.0
2026-06-02,25000.0
2026-06-02,30000.0
2026-06-02,14250.0
2026-06-03,50000.0
2026-06-03,27000.0
2026-06-03,24000.0
2026-06-03,9500.0
2026-06-03,22000.0
2026-06-03,22800.0
2026-06-03,44000.0
2026-06-03,5700.0
2026-06-03,15000.0
2026-06-03,20000.0
2026-06-03,20000.0
2026-06-03,6000.0
2026-06-03,45000.0
2026-06-03,5000.0
2026-06-03,18000.0
2026-06-03,20000.0
2026-06-03,15000.0
2026-06-03,27000.0
2026-06-03,66000.0
2026-06-03,8000.0
2026-06-03,100000.0
2026-06-03,22000.0
2026-06-03,5700.0
2026-06-03,24000.0
2026-06-03,8000.0
2026-06-03,45000.0
2026-06-03,40000.0
2026-06-03,75000.0
2026-06-03,12000.0
2026-06-03,43700.0
2026-06-03,10000.0
2026-06-03,34200.0
2026-06-03,45000.0
2026-06-03,72000.0
2026-06-03,12000.0
2026-06-03,27000.0
2026-06-03,8000.0
2026-06-03,23000.0
2026-06-03,48000.0
2026-06-03,6000.0
2026-06-03,12000.0
2026-06-03,8000.0
2026-06-03,48000.0
2026-06-03,27000.0
2026-06-03,18000.0
2026-06-03,5000.0
2026-06-03,8000.0
2026-06-03,23000.0
2026-06-03,15000.0
2026-06-03,20000.0
2026-06-03,36000.0
2026-06-03,12000.0
2026-06-03,5700.0
2026-06-03,23000.0
2026-06-03,15200.0
2026-06-03,10000.0
2026-06-03,15000.0
2026-06-03,10000.0
2026-06-03,36000.0
2026-06-03,25000.0
2026-06-03,20900.0
2026-06-03,40000.0
2026-06-03,24000.0
2026-06-03,25000.0
2026-06-03,25000.0
2026-06-03,19000.0
2026-06-03,10000.0
2026-06-03,12000.0
2026-06-03,23000.0
2026-06-03,15000.0
2026-06-03,62700.0
2026-06-03,54000.0
2026-06-03,51300.0
2026-06-03,6000.0
2026-06-03,25000.0
2026-06-03,23000.0
2026-06-03,12000.0
2026-06-03,16000.0
2026-06-03,28500.0
2026-06-03,15200.0
2026-06-03,8000.0
2026-06-03,22000.0
2026-06-03,10000.0
2026-06-03,30000.0
2026-06-03,69000.0
2026-06-03,60000.0
2026-06-03,88000.0
2026-06-03,23000.0
2026-06-03,8000.0
2026-06-03,5000.0
2026-06-03,48000.0
2026-06-03,15000.0
2026-06-03,27000.0
2026-06-03,22000.0
2026-06-03,24000.0
2026-06-03,50000.0
2026-06-03,46000.0
2026-06-03,22000.0
2026-06-03,12000.0
2026-06-03,15000.0
2026-06-03,30000.0
2026-06-03,6000.0
2026-06-03,8000.0
2026-06-03,66000.0
2026-06-03,10000.0
2026-06-03,27000.0
2026-06-03,45000.0
2026-06-03,24000.0
2026-06-03,12000.0
2026-06-03,24000.0
2026-06-03,12000.0
2026-06-03,5000.0
2026-06-03,36000.0
2026-06-03,22000.0
2026-06-03,23000.0
2026-06-03,5000.0
2026-06-03,12000.0
2026-06-03,22000.0
2026-06-03,45000.0
2026-06-03,12000.0
2026-06-03,12000.0
2026-06-03,12000.0
2026-06-03,72000.0
2026-06-03,34200.0
2026-06-03,14250.0
2026-06-03,6000.0
2026-06-03,20000.0
2026-06-03,42750.0
2026-06-03,10000.0
2026-06-03,24000.0
2026-06-03,12000.0
2026-06-03,10000.0
2026-06-03,24000.0
2026-06-03,46000.0
2026-06-03,18000.0
2026-06-03,15000.0
2026-06-03,45600.0
2026-06-03,5000.0
2026-06-03,22000.0
2026-06-03,72000.0
2026-06-03,24000.0
2026-06-03,12000.0
2026-06-03,38000.0
2026-06-03,12000.0
2026-06-03,11400.0
2026-06-03,10000.0
2026-06-03,25000.0
2026-06-03,6000.0
2026-06-03,15000.0
2026-06-03,19000.0
2026-06-03,27000.0
2026-06-03,50000.0
2026-06-03,5000.0
2026-06-03,15000.0
2026-06-03,8000.0
2026-06-03,40000.0
2026-06-03,22000.0
2026-06-03,15000.0
2026-06-03,15000.0
2026-06-03,69000.0
2026-06-03,25000.0
2026-06-03,54000.0
2026-06-03,9500.0
2026-06-03,6000.0
2026-06-03,16000.0
2026-06-03,15000.0
2026-06-03,30000.0
2026-06-03,48000.0
2026-06-03,46000.0
2026-06-03,88000.0
2026-06-03,12000.0
2026-06-03,95000.0
2026-06-03,25000.0
2026-06-03,12000.0
2026-06-03,41800.0
2026-06-03,22000.0
2026-06-03,22000.0
2026-06-03,36000.0
2026-06-03,12000.0
2026-06-03,23000.0
2026-06-03,25650.0
2026-06-03,10000.0
2026-06-03,10000.0
2026-06-03,25000.0
2026-06-03,20000.0
2026-06-03,15000.0
2026-06-03,8000.0
2026-06-03,24000.0
2026-06-03,22000.0
2026-06-03,20000.0
2026-06-03,11400.0
2026-06-03,12000.0
2026-06-03,10000.0
2026-06-03,24000.0
2026-06-03,80000.0
2026-06-03,8000.0
2026-06-03,69000.0
2026-06-03,22000.0
2026-06-03,50000.0
2026-06-03,12000.0
2026-06-03,27000.0
2026-06-03,22000.0
2026-06-03,23000.0
2026-06-03,12000.0
2026-06-03,18000.0
2026-06-03,8000.0
2026-06-03,10000.0
2026-06-03,72000.0
2026-06-03,23000.0
2026-06-03,23000.0
2026-06-03,24000.0
2026-06-03,12000.0
2026-06-03,23000.0
2026-06-03,5000.0
2026-06-03,44000.0
2026-06-03,23750.0
2026-06-03,10000.0
2026-06-03,12000.0
2026-06-03,20900.0
2026-06-03,15000.0
2026-06-03,15000.0
2026-06-03,22800.0
2026-06-03,24000.0
2026-06-03,10000.0
2026-06-03,12000.0
2026-06-03,22000.0
2026-06-03,24000.0
2026-06-03,10000.0
2026-06-03,50000.0
2026-06-03,32000.0
2026-06-03,23000.0
2026-06-03,22000.0
2026-06-03,6000.0
2026-06-03,30000.0
2026-06-03,32000.0
2026-06-03,20000.0
2026-06-03,24000.0
2026-06-03,32000.0
2026-06-03,11400.0
2026-06-03,18000.0
2026-06-03,25000.0
2026-06-03,22000.0
2026-06-03,4750.0
2026-06-03,5000.0
2026-06-03,20000.0
2026-06-03,24000.0
2026-06-03,18000.0
2026-06-03,8000.0
2026-06-03,30000.0
2026-06-03,6000.0
2026-06-03,15000.0
2026-06-03,44000.0
2026-06-03,8000.0
2026-06-03,27000.0
2026-06-04,48000.0
2026-06-04,87400.0
2026-06-04,10000.0
2026-06-04,15000.0
2026-06-04,30000.0
2026-06-04,15000.0
2026-06-04,6000.0
2026-06-04,15000.0
2026-06-04,22000.0
2026-06-04,15000.0
2026-06-04,44000.0
2026-06-04,6000.0
2026-06-04,20000.0
2026-06-04,36000.0
2026-06-04,23000.0
2026-06-04,12000.0
2026-06-04,27000.0
2026-06-04,15000.0
2026-06-04,15000.0
2026-06-04,24000.0
2026-06-04,25000.0
2026-06-04,25000.0
2026-06-04,6000.0
2026-06-04,6000.0
2026-06-04,27000.0
2026-06-04,24000.0
2026-06-04,19000.0
2026-06-04,15000.0
2026-06-04,5000.0
2026-06-04,20000.0
2026-06-04,72000.0
2026-06-04,25000.0
2026-06-04,24000.0
2026-06-04,71250.0
2026-06-04,18000.0
2026-06-04,24000.0
2026-06-04,75000.0
2026-06-04,12000.0
2026-06-04,15000.0
2026-06-04,20000.0
2026-06-04,6000.0
2026-06-04,25000.0
2026-06-04,92000.0
2026-06-04,27000.0
2026-06-04,10000.0
2026-06-04,12000.0
2026-06-04,54000.0
2026-06-04,20000.0
2026-06-04,54000.0
2026-06-04,6000.0
2026-06-04,60000.0
2026-06-04,12000.0
2026-06-04,15000.0
2026-06-04,5700.0
2026-06-04,6000.0
2026-06-04,24000.0
2026-06-04,16000.0
2026-06-04,20000.0
2026-06-04,40000.0
2026-06-04,23000.0
2026-06-04,50000.0
2026-06-04,22000.0
2026-06-04,10000.0
2026-06-04,5000.0
2026-06-04,20000.0
2026-06-04,92000.0
2026-06-04,92000.0
2026-06-04,54000.0
2026-06-04,72000.0
2026-06-04,8000.0
2026-06-04,23000.0
2026-06-04,24000.0
2026-06-04,10000.0
2026-06-04,20000.0
2026-06-04,20900.0
2026-06-04,6000.0
2026-06-04,16000.0
2026-06-04,15000.0
2026-06-04,24000.0
2026-06-04,45000.0
2026-06-04,12000.0
2026-06-04,22000.0
2026-06-04,48000.0
2026-06-04,24000.0
2026-06-04,12000.0
2026-06-04,88000.0
2026-06-04,24000.0
2026-06-04,10000.0
2026-06-04,50000.0
2026-06-04,12000.0
2026-06-04,24000.0
2026-06-04,18000.0
2026-06-04,25000.0
2026-06-04,7600.0
2026-06-04,27000.0
2026-06-04,16000.0
2026-06-04,6000.0
2026-06-04,20000.0
2026-06-04,10000.0
2026-06-04,12000.0
2026-06-04,25650.0
2026-06-04,10000.0
2026-06-04,48000.0
2026-06-04,6000.0
2026-06-04,5000.0
2026-06-04,8000.0
2026-06-04,10000.0
2026-06-04,22000.0
2026-06-04,46000.0
2026-06-04,6000.0
2026-06-04,30000.0
2026-06-04,25000.0
2026-06-04,72000.0
2026-06-04,10000.0
2026-06-04,48000.0
2026-06-04,10000.0
2026-06-04,45000.0
2026-06-04,15000.0
2026-06-04,22000.0
2026-06-04,24000.0
2026-06-04,30000.0
2026-06-04,30000.0
2026-06-04,50000.0
2026-06-04,24000.0
2026-06-04,23000.0
2026-06-04,23750.0
2026-06-04,30000.0
2026-06-04,44000.0
2026-06-04,8000.0
2026-06-04,24000.0
2026-06-04,25000.0
2026-06-04,20900.0
2026-06-04,11400.0
2026-06-04,10000.0
2026-06-04,23000.0
2026-06-04,30000.0
2026-06-04,45000.0
2026-06-04,15000.0
2026-06-04,10000.0
2026-06-04,15000.0
2026-06-04,45000.0
2026-06-04,27000.0
2026-06-04,48000.0
2026-06-04,5700.0
2026-06-04,5000.0
2026-06-04,36000.0
2026-06-04,32000.0
2026-06-04,6000.0
2026-06-04,12000.0
2026-06-04,8000.0
2026-06-04,12000.0
2026-06-04,30000.0
2026-06-04,15200.0
2026-06-04,10000.0
2026-06-04,66000.0
2026-06-04,10000.0
2026-06-04,6000.0
2026-06-04,15000.0
2026-06-04,44000.0
2026-06-04,25000.0
2026-06-04,20000.0
2026-06-04,50000.0
2026-06-04,22000.0
2026-06-04,15000.0
2026-06-04,32000.0
2026-06-04,15000.0
2026-06-04,46000.0
2026-06-04,24000.0
2026-06-04,15000.0
2026-06-04,20900.0
2026-06-04,20000.0
2026-06-04,24000.0
2026-06-04,50000.0
2026-06-04,5000.0
2026-06-04,30000.0
2026-06-04,25000.0
2026-06-04,30000.0
2026-06-04,23000.0
2026-06-04,12000.0
2026-06-04,40000.0
2026-06-04,30000.0
2026-06-04,6000.0
2026-06-04,15000.0
2026-06-04,12000.0
2026-06-04,22000.0
2026-06-04,25000.0
2026-06-04,6000.0
2026-06-04,25650.0
2026-06-04,12000.0
2026-06-04,25000.0
2026-06-04,6000.0
2026-06-04,24000.0
2026-06-04,80000.0
2026-06-04,5000.0
2026-06-04,15000.0
2026-06-04,54000.0
2026-06-04,10000.0
2026-06-04,42750.0
2026-06-04,6000.0
2026-06-04,46000.0
2026-06-04,12000.0
2026-06-04,5700.0
2026-06-04,6000.0
2026-06-04,66000.0
2026-06-04,22800.0
2026-06-04,15000.0
2026-06-04,72000.0
2026-06-04,25000.0
2026-06-04,12000.0
2026-06-04,25000.0
2026-06-04,20000.0
2026-06-04,16000.0
2026-06-04,20000.0
2026-06-04,22000.0
2026-06-04,54000.0
2026-06-04,20000.0
2026-06-04,25000.0
2026-06-04,48000.0
2026-06-04,22000.0
2026-06-04,38000.0
2026-06-04,15000.0
2026-06-04,24000.0
2026-06-04,6000.0
2026-06-04,10000.0
2026-06-04,46000.0
2026-06-04,19000.0
2026-06-04,75000.0
2026-06-04,27000.0
2026-06-04,15000.0
2026-06-04,50000.0
2026-06-04,20000.0
2026-06-04,38000.0
2026-06-04,18000.0
2026-06-04,22000.0
2026-06-05,30000.0
2026-06-05,5000.0
2026-06-05,22000.0
2026-06-05,46000.0
2026-06-05,5000.0
2026-06-05,46000.0
2026-06-05,22000.0
2026-06-05,10000.0
2026-06-05,22000.0
2026-06-05,27000.0
2026-06-05,12000.0
2026-06-05,6000.0
2026-06-05,10000.0
2026-06-05,69000.0
2026-06-05,6000.0
2026-06-05,22000.0
2026-06-05,75000.0
2026-06-05,27000.0
2026-06-05,24000.0
2026-06-05,9500.0
2026-06-05,24000.0
2026-06-05,22000.0
2026-06-05,60000.0
2026-06-05,12000.0
2026-06-05,8000.0
2026-06-05,22000.0
2026-06-05,45600.0
2026-06-05,12000.0
2026-06-05,12000.0
2026-06-05,8000.0
2026-06-05,81000.0
2026-06-05,6000.0
2026-06-05,23000.0
2026-06-05,22800.0
2026-06-05,5000.0
2026-06-05,24000.0
2026-06-05,25000.0
2026-06-05,15000.0
2026-06-05,23000.0
2026-06-05,20900.0
2026-06-05,81000.0
2026-06-05,46000.0
2026-06-05,30000.0
2026-06-05,22800.0
2026-06-05,12000.0
2026-06-05,20000.0
2026-06-05,44000.0
2026-06-05,48000.0
2026-06-05,15000.0
2026-06-05,6000.0
2026-06-05,25000.0
2026-06-05,69000.0
2026-06-05,50000.0
2026-06-05,27000.0
2026-06-05,22000.0
2026-06-05,12000.0
2026-06-05,44000.0
2026-06-05,16000.0
2026-06-05,23000.0
2026-06-05,88000.0
2026-06-05,8000.0
2026-06-05,23000.0
2026-06-05,24000.0
2026-06-05,7600.0
2026-06-05,44000.0
2026-06-05,66000.0
2026-06-05,10000.0
2026-06-05,6000.0
2026-06-05,71250.0
2026-06-05,48000.0
2026-06-05,20000.0
2026-06-05,12000.0
2026-06-05,10000.0
2026-06-05,23000.0
2026-06-05,27000.0
2026-06-05,24000.0
2026-06-05,54000.0
2026-06-05,25000.0
2026-06-05,10000.0
2026-06-05,22000.0
2026-06-05,12000.0
2026-06-05,15000.0
2026-06-05,8000.0
2026-06-05,50000.0
2026-06-05,20000.0
2026-06-05,24000.0
2026-06-05,25000.0
2026-06-05,5700.0
2026-06-05,45000.0
2026-06-05,22000.0
2026-06-05,12000.0
2026-06-05,69000.0
2026-06-05,50000.0
2026-06-05,12000.0
2026-06-05,8000.0
2026-06-05,23000.0
2026-06-05,15000.0
2026-06-05,15000.0
2026-06-05,15000.0
2026-06-05,24000.0
2026-06-05,24000.0
2026-06-05,24000.0
2026-06-05,23000.0
2026-06-05,20000.0
2026-06-05,30000.0
2026-06-05,8000.0
2026-06-05,22000.0
2026-06-05,16000.0
2026-06-05,46000.0
2026-06-05,23750.0
2026-06-05,15000.0
2026-06-05,81000.0
2026-06-05,15000.0
2026-06-05,8000.0
2026-06-05,27000.0
2026-06-05,12000.0
2026-06-05,25000.0
2026-06-05,54000.0
2026-06-05,46000.0
2026-06-05,54000.0
2026-06-05,25000.0
2026-06-05,50000.0
2026-06-05,12000.0
2026-06-05,44000.0
2026-06-05,24000.0
2026-06-05,6000.0
2026-06-05,9500.0
2026-06-05,24000.0
2026-06-05,24000.0
2026-06-05,40000.0
2026-06-05,5000.0
2026-06-05,60000.0
2026-06-05,92000.0
2026-06-05,48000.0
2026-06-05,12000.0
2026-06-05,6000.0
2026-06-05,8000.0
2026-06-05,46000.0
2026-06-05,10000.0
2026-06-05,12000.0
2026-06-05,27000.0
2026-06-05,6000.0
2026-06-05,4750.0
2026-06-05,20900.0
2026-06-05,81000.0
2026-06-05,12000.0
2026-06-05,22000.0
2026-06-05,27000.0
2026-06-05,10000.0
2026-06-05,30000.0
2026-06-05,27000.0
2026-06-05,7600.0
2026-06-05,10000.0
2026-06-05,18000.0
2026-06-05,15000.0
2026-06-05,12000.0
2026-06-05,25000.0
2026-06-05,22000.0
2026-06-05,50000.0
2026-06-05,6000.0
2026-06-05,30000.0
2026-06-05,27000.0
2026-06-05,30000.0
2026-06-05,12000.0
2026-06-05,24000.0
2026-06-05,75000.0
2026-06-05,23000.0
2026-06-05,23000.0
2026-06-05,22000.0
2026-06-05,14250.0
2026-06-05,6000.0
2026-06-05,23750.0
2026-06-05,22800.0
2026-06-05,27000.0
2026-06-05,50000.0
2026-06-05,60000.0
2026-06-05,60000.0
2026-06-05,20000.0
2026-06-05,14250.0
2026-06-05,11400.0
2026-06-05,25000.0
2026-06-05,14250.0
2026-06-05,19000.0
2026-06-05,6000.0
2026-06-05,21850.0
2026-06-05,8000.0
2026-06-05,10000.0
2026-06-05,25000.0
2026-06-05,16000.0
2026-06-05,51300.0
2026-06-05,46000.0
2026-06-05,24000.0
2026-06-05,12000.0
2026-06-05,18000.0
2026-06-05,46000.0
2026-06-05,57000.0
2026-06-05,12000.0
2026-06-05,25000.0
2026-06-05,22800.0
2026-06-05,62700.0
2026-06-05,38000.0
2026-06-05,25000.0
2026-06-05,46000.0
2026-06-05,16000.0
2026-06-05,24000.0
2026-06-05,24000.0
2026-06-05,5000.0
2026-06-05,44000.0
2026-06-05,25000.0
2026-06-05,23000.0
2026-06-05,15000.0
2026-06-05,24000.0
2026-06-05,22000.0
2026-06-05,12000.0
2026-06-05,6000.0
2026-06-05,22000.0
2026-06-05,20000.0
2026-06-05,22800.0
2026-06-05,16000.0
2026-06-05,24000.0
2026-06-05,22000.0
2026-06-05,12000.0
2026-06-05,20000.0
2026-06-05,22000.0
2026-06-05,25000.0
2026-06-05,81000.0
2026-06-05,40000.0
2026-06-05,48000.0
2026-06-05,22000.0
2026-06-05,46000.0
2026-06-05,20000.0
2026-06-05,15000.0
2026-06-05,5000.0
2026-06-05,44000.0
2026-06-05,12000.0
2026-06-05,38000.0
2026-06-05,24000.0
2026-06-05,6000.0
2026-06-05,54000.0
2026-06-05,24000.0
2026-06-06,16000.0
2026-06-06,25000.0
2026-06-06,8000.0
2026-06-06,12000.0
2026-06-06,4750.0
2026-06-06,22000.0
2026-06-06,10000.0
2026-06-06,54000.0
2026-06-06,25000.0
2026-06-06,10000.0
2026-06-06,25000.0
2026-06-06,15000.0
2026-06-06,24000.0
2026-06-06,24000.0
2026-06-06,10000.0
2026-06-06,100000.0
2026-06-06,22000.0
2026-06-06,12000.0
2026-06-06,27000.0
2026-06-06,18000.0
2026-06-06,12000.0
2026-06-06,12000.0
2026-06-06,5000.0
2026-06-06,20900.0
2026-06-06,27000.0
2026-06-06,40000.0
2026-06-06,15000.0
2026-06-06,8000.0
2026-06-06,5000.0
2026-06-06,12000.0
2026-06-06,10000.0
2026-06-06,44000.0
2026-06-06,15000.0
2026-06-06,20000.0
2026-06-06,6000.0
2026-06-06,6000.0
2026-06-06,96000.0
2026-06-06,6000.0
2026-06-06,5000.0
2026-06-06,22000.0
2026-06-06,12000.0
2026-06-06,15200.0
2026-06-06,24000.0
2026-06-06,12000.0
2026-06-06,50000.0
2026-06-06,23000.0
2026-06-06,44000.0
2026-06-06,8000.0
2026-06-06,25000.0
2026-06-06,48000.0
2026-06-06,27000.0
2026-06-06,15000.0
2026-06-06,10000.0
2026-06-06,48000.0
2026-06-06,60000.0
2026-06-06,69000.0
2026-06-06,45000.0
2026-06-06,47500.0
2026-06-06,6000.0
2026-06-06,6000.0
2026-06-06,23000.0
2026-06-06,12000.0
2026-06-06,30000.0
2026-06-06,5000.0
2026-06-06,30000.0
2026-06-06,12000.0
2026-06-06,24000.0
2026-06-06,30000.0
2026-06-06,20000.0
2026-06-06,12000.0
2026-06-06,12000.0
2026-06-06,20000.0
2026-06-06,54000.0
2026-06-06,16000.0
2026-06-06,12000.0
2026-06-06,48000.0
2026-06-06,10000.0
2026-06-06,22000.0
2026-06-06,32000.0
2026-06-06,11400.0
2026-06-06,23750.0
2026-06-06,8000.0
2026-06-06,6000.0
2026-06-06,8000.0
2026-06-06,30000.0
2026-06-06,6000.0
2026-06-06,23000.0
2026-06-06,28500.0
2026-06-06,60000.0
2026-06-06,5000.0
2026-06-06,24000.0
2026-06-06,80000.0
2026-06-06,5000.0
2026-06-06,24000.0
2026-06-06,6000.0
2026-06-06,25650.0
2026-06-06,16000.0
2026-06-06,5000.0
2026-06-06,12000.0
2026-06-06,50000.0
2026-06-06,15000.0
2026-06-06,100000.0
2026-06-06,27000.0
2026-06-06,46000.0
2026-06-06,66000.0
2026-06-06,23000.0
2026-06-06,15200.0
2026-06-06,60000.0
2026-06-06,12000.0
2026-06-06,15000.0
2026-06-06,10000.0
2026-06-06,22000.0
2026-06-06,16000.0
2026-06-06,8000.0
2026-06-06,22000.0
2026-06-06,5000.0
2026-06-06,15000.0
2026-06-06,54000.0
2026-06-06,16000.0
2026-06-06,6000.0
2026-06-06,10000.0
2026-06-06,69000.0
2026-06-06,6000.0
2026-06-06,24000.0
2026-06-06,15000.0
2026-06-06,24000.0
2026-06-06,6000.0
2026-06-06,30400.0
2026-06-06,6000.0
2026-06-06,19000.0
2026-06-06,57000.0
2026-06-06,15000.0
2026-06-06,23750.0
2026-06-06,20000.0
2026-06-06,10000.0
2026-06-06,6000.0
2026-06-06,20000.0
2026-06-06,6000.0
2026-06-06,23000.0
2026-06-06,7600.0
2026-06-06,6000.0
2026-06-06,25000.0
2026-06-06,60000.0
2026-06-06,24000.0
2026-06-06,25000.0
2026-06-06,22000.0
2026-06-06,54000.0
2026-06-06,15200.0
2026-06-06,24000.0
2026-06-06,15000.0
2026-06-06,5000.0
2026-06-06,20000.0
2026-06-06,20000.0
2026-06-06,15000.0
2026-06-06,6000.0
2026-06-06,22000.0
2026-06-06,47500.0
2026-06-06,23000.0
2026-06-06,27000.0
2026-06-06,100000.0
2026-06-06,6000.0
2026-06-06,5000.0
2026-06-06,12000.0
2026-06-06,45000.0
2026-06-06,60000.0
2026-06-06,24000.0
2026-06-06,9500.0
2026-06-06,8000.0
2026-06-06,6000.0
2026-06-06,14250.0
2026-06-06,60000.0
2026-06-06,48000.0
2026-06-06,22000.0
2026-06-06,6000.0
2026-06-06,6000.0
2026-06-06,24000.0
2026-06-06,44000.0
2026-06-06,91200.0
2026-06-06,50000.0
2026-06-06,44000.0
2026-06-06,12000.0
2026-06-06,25000.0
2026-06-06,25000.0
2026-06-06,14250.0
2026-06-06,5000.0
2026-06-06,8000.0
2026-06-06,46000.0
2026-06-06,18000.0
2026-06-06,12000.0
2026-06-06,11400.0
2026-06-06,20000.0
2026-06-06,16000.0
2026-06-06,96000.0
2026-06-06,24000.0
2026-06-06,24000.0
2026-06-06,25000.0
2026-06-06,6000.0
2026-06-06,48000.0
2026-06-06,5000.0
2026-06-06,44000.0
2026-06-06,27000.0
2026-06-06,22800.0
2026-06-06,23000.0
2026-06-06,22800.0
2026-06-06,30000.0
2026-06-06,83600.0
2026-06-06,5000.0
2026-06-06,25000.0
2026-06-06,22000.0
2026-06-06,12000.0
2026-06-06,54000.0
2026-06-06,12000.0
2026-06-06,16000.0
2026-06-06,50000.0
2026-06-06,16000.0
2026-06-06,48000.0
2026-06-06,15000.0
2026-06-06,30000.0
2026-06-06,25000.0
2026-06-06,25000.0
2026-06-06,65550.0
2026-06-06,8000.0
2026-06-06,25000.0
2026-06-06,44000.0
2026-06-06,12000.0
2026-06-06,20000.0
2026-06-06,12000.0
2026-06-06,12000.0
2026-06-06,25000.0
2026-06-06,20000.0
2026-06-06,88000.0
2026-06-06,15000.0
2026-06-06,46000.0
2026-06-06,40000.0
2026-06-06,30000.0
2026-06-06,76950.0
2026-06-06,15000.0
2026-06-06,36000.0
2026-06-06,22000.0
2026-06-06,27000.0
2026-06-06,24000.0
2026-06-06,23000.0
2026-06-06,8000.0
2026-06-06,6000.0
2026-06-06,20000.0
2026-06-06,5000.0
2026-06-06,12000.0
2026-06-06,10000.0
2026-06-06,20900.0
2026-06-06,10000.0
2026-06-06,50000.0
2026-06-06,24000.0
2026-06-06,12000.0
2026-06-06,22000.0
2026-06-06,57000.0
2026-06-06,15000.0
2026-06-06,6000.0
2026-06-06,23750.0
2026-06-06,8000.0
2026-06-07,15000.0
2026-06-07,7600.0
2026-06-07,20000.0
2026-06-07,5000.0
2026-06-07,6000.0
2026-06-07,50000.0
2026-06-07,30000.0
2026-06-07,46000.0
2026-06-07,25000.0
2026-06-07,66000.0
2026-06-07,12000.0
2026-06-07,20000.0
2026-06-07,6000.0
2026-06-07,10000.0
2026-06-07,6000.0
2026-06-07,25000.0
2026-06-07,6000.0
2026-06-07,92000.0
2026-06-07,15000.0
2026-06-07,15000.0
2026-06-07,8000.0
2026-06-07,27000.0
2026-06-07,23000.0
2026-06-07,12000.0
2026-06-07,12000.0
2026-06-07,24000.0
2026-06-07,12000.0
2026-06-07,8000.0
2026-06-07,46000.0
2026-06-07,12000.0
2026-06-07,10000.0
2026-06-07,25000.0
2026-06-07,92000.0
2026-06-07,41800.0
2026-06-07,28500.0
2026-06-07,24000.0
2026-06-07,60000.0
2026-06-07,6000.0
2026-06-07,16000.0
2026-06-07,54000.0
2026-06-07,40000.0
2026-06-07,20000.0
2026-06-07,12000.0
2026-06-07,6000.0
2026-06-07,32000.0
2026-06-07,44000.0
2026-06-07,12000.0
2026-06-07,30000.0
2026-06-07,36000.0
2026-06-07,23000.0
2026-06-07,8000.0
2026-06-07,12000.0
2026-06-07,25650.0
2026-06-07,6000.0
2026-06-07,16000.0
2026-06-07,28500.0
2026-06-07,16000.0
2026-06-07,8000.0
2026-06-07,7600.0
2026-06-07,12000.0
2026-06-07,108000.0
2026-06-07,20000.0
2026-06-07,100000.0
2026-06-07,10000.0
2026-06-07,27000.0
2026-06-07,48000.0
2026-06-07,30000.0
2026-06-07,23750.0
2026-06-07,22000.0
2026-06-07,15000.0
2026-06-07,24000.0
2026-06-07,12000.0
2026-06-07,22000.0
2026-06-07,12000.0
2026-06-07,46000.0
2026-06-07,24000.0
2026-06-07,44000.0
2026-06-07,60000.0
2026-06-07,19000.0
2026-06-07,24000.0
2026-06-07,10000.0
2026-06-07,72000.0
2026-06-07,25000.0
2026-06-07,20000.0
2026-06-07,22000.0
2026-06-07,20000.0
2026-06-07,27000.0
2026-06-07,14250.0
2026-06-07,27000.0
2026-06-07,10000.0
2026-06-07,6000.0
2026-06-07,12000.0
2026-06-07,21850.0
2026-06-07,30000.0
2026-06-07,5000.0
2026-06-07,41800.0
2026-06-07,15000.0
2026-06-07,5700.0
2026-06-07,22800.0
2026-06-07,44000.0
2026-06-07,48000.0
2026-06-07,5000.0
2026-06-07,18000.0
2026-06-07,76000.0
2026-06-07,15000.0
2026-06-07,60000.0
2026-06-07,12000.0
2026-06-07,16000.0
2026-06-07,30000.0
2026-06-07,8000.0
2026-06-07,27000.0
2026-06-07,12000.0
2026-06-07,15000.0
2026-06-07,8000.0
2026-06-07,27000.0
2026-06-07,16000.0
2026-06-07,46000.0
2026-06-07,24000.0
2026-06-07,22000.0
2026-06-07,46000.0
2026-06-07,27000.0
2026-06-07,22000.0
2026-06-07,12000.0
2026-06-07,36000.0
2026-06-07,45600.0
2026-06-07,16000.0
2026-06-07,108000.0
2026-06-07,22000.0
2026-06-07,12000.0
2026-06-07,15000.0
2026-06-07,4750.0
2026-06-07,44000.0
2026-06-07,25000.0
2026-06-07,8000.0
2026-06-07,8000.0
2026-06-07,12000.0
2026-06-07,11400.0
2026-06-07,23750.0
2026-06-07,27000.0
2026-06-07,25000.0
2026-06-07,20000.0
2026-06-07,72000.0
2026-06-07,18000.0
2026-06-07,6000.0
2026-06-07,25000.0
2026-06-07,88000.0
2026-06-07,45000.0
2026-06-07,6000.0
2026-06-07,8000.0
2026-06-07,20000.0
2026-06-07,40000.0
2026-06-07,16000.0
2026-06-07,18000.0
2026-06-07,20000.0
2026-06-07,50000.0
2026-06-07,6000.0
2026-06-07,25650.0
2026-06-07,22000.0
2026-06-07,27000.0
2026-06-07,45000.0
2026-06-07,6000.0
2026-06-07,22000.0
2026-06-07,15200.0
2026-06-07,6000.0
2026-06-07,23000.0
2026-06-07,24000.0
2026-06-07,20000.0
2026-06-07,20000.0
2026-06-07,15000.0
2026-06-07,12000.0
2026-06-07,24000.0
2026-06-07,30000.0
2026-06-07,24000.0
2026-06-07,12000.0
2026-06-07,40000.0
2026-06-07,28500.0
2026-06-07,40000.0
2026-06-07,16000.0
2026-06-07,8000.0
2026-06-07,22000.0
2026-06-07,23000.0
2026-06-07,12000.0
2026-06-07,10000.0
2026-06-07,69000.0
2026-06-07,6000.0
2026-06-07,12000.0
2026-06-07,44000.0
2026-06-07,5000.0
2026-06-07,19000.0
2026-06-07,8000.0
2026-06-07,6000.0
2026-06-07,15000.0
2026-06-07,18000.0
2026-06-07,108000.0
2026-06-07,20900.0
2026-06-07,25000.0
2026-06-07,30000.0
2026-06-07,23000.0
2026-06-07,24000.0
2026-06-07,15000.0
2026-06-07,6000.0
2026-06-07,24000.0
2026-06-07,18000.0
2026-06-07,24000.0
2026-06-07,44000.0
2026-06-07,81000.0
2026-06-07,6000.0
2026-06-07,54000.0
2026-06-07,40000.0
2026-06-07,15000.0
2026-06-07,32000.0
2026-06-07,6000.0
2026-06-07,75000.0
2026-06-07,11400.0
2026-06-07,50000.0
2026-06-07,48000.0
2026-06-07,25000.0
2026-06-07,24000.0
2026-06-07,22000.0
2026-06-07,15000.0
2026-06-07,50000.0
2026-06-07,5000.0
2026-06-07,25000.0
2026-06-07,27000.0
2026-06-07,10000.0
2026-06-07,22000.0
2026-06-07,20000.0
2026-06-07,22000.0
2026-06-07,44000.0
2026-06-07,5000.0
2026-06-07,46000.0
2026-06-07,20000.0
2026-06-07,24000.0
2026-06-07,48000.0
2026-06-07,44000.0
2026-06-07,57000.0
2026-06-07,22000.0
2026-06-07,25000.0
2026-06-07,22800.0
2026-06-07,12000.0
2026-06-07,8000.0
2026-06-07,10000.0
2026-06-07,24000.0
2026-06-07,12000.0
2026-06-07,6000.0
2026-06-07,8000.0
2026-06-07,25000.0
2026-06-07,44000.0
2026-06-07,48000.0
2026-06-07,92000.0
2026-06-07,44000.0
2026-06-07,15000.0
2026-06-07,12000.0
2026-06-07,22000.0
2026-06-07,54000.0
2026-06-07,20000.0
2026-06-07,24000.0
2026-06-07,15000.0
2026-06-07,6000.0
2026-06-07,27000.0
2026-06-07,48000.0
2026-06-07,5000.0
2026-06-07,27000.0
2026-06-07,28500.0
2026-06-07,15000.0
2026-06-07,12000.0
2026-06-08,57000.0
2026-06-08,12000.0
2026-06-08,22000.0
2026-06-08,23000.0
2026-06-08,10000.0
2026-06-08,23000.0
2026-06-08,23750.0
2026-06-08,32000.0
2026-06-08,20000.0
2026-06-08,20000.0
2026-06-08,6000.0
2026-06-08,20000.0
2026-06-08,23000.0
2026-06-08,15000.0
2026-06-08,22000.0
2026-06-08,80000.0
2026-06-08,5000.0
2026-06-08,36000.0
2026-06-08,24000.0
2026-06-08,24000.0
2026-06-08,66000.0
2026-06-08,46000.0
2026-06-08,15000.0
2026-06-08,15000.0
2026-06-08,6000.0
2026-06-08,72000.0
2026-06-08,25000.0
2026-06-08,6000.0
2026-06-08,24000.0
2026-06-08,6000.0
2026-06-08,20000.0
2026-06-08,4750.0
2026-06-08,6000.0
2026-06-08,24000.0
2026-06-08,15000.0
2026-06-08,10000.0
2026-06-08,66000.0
2026-06-08,5700.0
2026-06-08,5000.0
2026-06-08,24000.0
2026-06-08,20900.0
2026-06-08,12000.0
2026-06-08,8000.0
2026-06-08,19000.0
2026-06-08,15000.0
2026-06-08,28500.0
2026-06-08,45000.0
2026-06-08,30000.0
2026-06-08,6000.0
2026-06-08,30000.0
2026-06-08,5000.0
2026-06-08,54000.0
2026-06-08,25000.0
2026-06-08,23000.0
2026-06-08,10000.0
2026-06-08,24000.0
2026-06-08,60000.0
2026-06-08,24000.0
2026-06-08,22000.0
2026-06-08,8000.0
2026-06-08,15000.0
2026-06-08,5000.0
2026-06-08,12000.0
2026-06-08,15000.0
2026-06-08,22000.0
2026-06-08,22000.0
2026-06-08,12000.0
2026-06-08,12000.0
2026-06-08,38000.0
2026-06-08,66000.0
2026-06-08,44000.0
2026-06-08,48000.0
2026-06-08,48000.0
2026-06-08,45600.0
2026-06-08,12000.0
2026-06-08,57000.0
2026-06-08,27000.0
2026-06-08,5000.0
2026-06-08,48000.0
2026-06-08,30000.0
2026-06-08,12000.0
2026-06-08,25000.0
2026-06-08,22000.0
2026-06-08,15000.0
2026-06-08,12000.0
2026-06-08,10000.0
2026-06-08,10000.0
2026-06-08,60000.0
2026-06-08,20900.0
2026-06-08,27000.0
2026-06-08,23000.0
2026-06-08,23000.0
2026-06-08,40000.0
2026-06-08,92000.0
2026-06-08,15000.0
2026-06-08,20000.0
2026-06-08,25650.0
2026-06-08,24000.0
2026-06-08,75000.0
2026-06-08,24000.0
2026-06-08,20900.0
2026-06-08,22000.0
2026-06-08,23000.0
2026-06-08,25000.0
2026-06-08,20000.0
2026-06-08,6000.0
2026-06-08,20000.0
2026-06-08,12000.0
2026-06-08,23000.0
2026-06-08,6000.0
2026-06-08,22000.0
2026-06-08,20000.0
2026-06-08,10000.0
2026-06-08,6000.0
2026-06-08,24000.0
2026-06-08,24000.0
2026-06-08,44000.0
2026-06-08,22000.0
2026-06-08,20000.0
2026-06-08,14250.0
2026-06-08,23000.0
2026-06-08,7600.0
2026-06-08,88000.0
2026-06-08,24000.0
2026-06-08,25000.0
2026-06-08,25000.0
2026-06-08,20000.0
2026-06-08,27000.0
2026-06-08,27000.0
2026-06-08,23000.0
2026-06-08,18000.0
2026-06-08,23000.0
2026-06-08,4750.0
2026-06-08,45000.0
2026-06-08,10000.0
2026-06-08,12000.0
2026-06-08,30000.0
2026-06-08,20000.0
2026-06-08,23000.0
2026-06-08,5000.0
2026-06-08,6000.0
2026-06-08,27000.0
2026-06-08,16000.0
2026-06-08,11400.0
2026-06-08,47500.0
2026-06-08,15000.0
2026-06-08,6000.0
2026-06-09,54000.0
2026-06-09,46000.0
2026-06-09,20900.0
2026-06-09,30000.0
2026-06-09,8000.0
2026-06-09,20000.0
2026-06-09,12000.0
2026-06-09,22000.0
2026-06-09,36000.0
2026-06-09,9500.0
2026-06-09,6000.0
2026-06-09,96000.0
2026-06-09,40000.0
2026-06-09,10000.0
2026-06-09,10000.0
2026-06-09,25000.0
2026-06-09,30000.0
2026-06-09,6000.0
2026-06-09,92000.0
2026-06-09,6000.0
2026-06-09,22800.0
2026-06-09,12000.0
2026-06-09,10000.0
2026-06-09,15000.0
2026-06-09,20000.0
2026-06-09,38000.0
2026-06-09,12000.0
2026-06-09,40000.0
2026-06-09,15000.0
2026-06-09,36000.0
2026-06-09,11400.0
2026-06-09,15000.0
2026-06-09,12000.0
2026-06-09,48000.0
2026-06-09,57000.0
2026-06-09,24000.0
2026-06-09,10000.0
2026-06-09,54000.0
2026-06-09,25000.0
2026-06-09,20000.0
2026-06-09,27000.0
2026-06-09,24000.0
2026-06-09,40000.0
2026-06-09,45000.0
2026-06-09,20000.0
2026-06-09,11400.0
2026-06-09,60000.0
2026-06-09,15000.0
2026-06-09,44000.0
2026-06-09,18000.0
2026-06-09,12000.0
2026-06-09,48000.0
2026-06-09,38000.0
2026-06-09,16000.0
2026-06-09,22000.0
2026-06-09,23000.0
2026-06-09,25000.0
2026-06-09,40000.0
2026-06-09,46000.0
2026-06-09,15000.0
2026-06-09,15000.0
2026-06-09,7600.0
2026-06-09,22000.0
2026-06-09,23000.0
2026-06-09,60000.0
2026-06-09,75000.0
2026-06-09,25000.0
2026-06-09,24000.0
2026-06-09,54000.0
2026-06-09,60000.0
2026-06-09,44000.0
2026-06-09,12000.0
2026-06-09,15000.0
2026-06-09,15000.0
2026-06-09,20000.0
2026-06-09,24000.0
2026-06-09,19000.0
2026-06-09,24000.0
2026-06-09,48000.0
2026-06-09,54000.0
2026-06-09,25000.0
2026-06-09,15000.0
2026-06-09,80000.0
2026-06-09,8000.0
2026-06-09,46000.0
2026-06-09,24000.0
2026-06-09,20000.0
2026-06-09,44000.0
2026-06-09,10000.0
2026-06-09,24000.0
2026-06-09,20000.0
2026-06-09,22000.0
2026-06-09,18000.0
2026-06-09,6000.0
2026-06-09,25000.0
2026-06-09,46000.0
2026-06-09,8000.0
2026-06-09,24000.0
2026-06-09,12000.0
2026-06-09,12000.0
2026-06-09,12000.0
2026-06-09,24000.0
2026-06-09,48000.0
2026-06-09,12000.0
2026-06-09,5000.0
2026-06-09,8000.0
2026-06-09,44000.0
2026-06-09,15000.0
2026-06-09,12000.0
2026-06-09,10000.0
2026-06-09,46000.0
2026-06-09,12000.0
2026-06-09,6000.0
2026-06-09,30000.0
2026-06-09,108000.0
2026-06-09,22000.0
2026-06-09,69000.0
2026-06-09,12000.0
2026-06-09,24000.0
2026-06-09,5000.0
2026-06-09,12000.0
2026-06-09,5000.0
2026-06-09,16000.0
2026-06-09,30000.0
2026-06-09,48000.0
2026-06-09,6000.0
2026-06-09,108000.0
2026-06-09,23750.0
2026-06-09,6000.0
2026-06-09,20000.0
2026-06-09,44000.0
2026-06-09,54000.0
2026-06-09,30000.0
2026-06-09,100000.0
2026-06-09,16000.0
2026-06-09,5000.0
2026-06-09,24000.0
2026-06-09,24000.0
2026-06-09,27000.0
2026-06-09,27000.0
2026-06-09,5000.0
2026-06-09,47500.0
2026-06-10,9500.0
2026-06-10,6000.0
2026-06-10,48000.0
2026-06-10,6000.0
2026-06-10,22000.0
2026-06-10,20000.0
2026-06-10,12000.0
2026-06-10,10000.0
2026-06-10,15000.0
2026-06-10,92000.0
2026-06-10,25650.0
2026-06-10,23750.0
2026-06-10,15000.0
2026-06-10,12000.0
2026-06-10,28500.0
2026-06-10,24000.0
2026-06-10,19000.0
2026-06-10,44000.0
2026-06-10,23000.0
2026-06-10,30000.0
2026-06-10,10000.0
2026-06-10,46000.0
2026-06-10,6000.0
2026-06-10,8000.0
2026-06-10,15000.0
2026-06-10,20000.0
2026-06-10,23000.0
2026-06-10,27000.0
2026-06-10,24000.0
2026-06-10,10000.0
2026-06-10,50000.0
2026-06-10,24000.0
2026-06-10,40000.0
2026-06-10,50000.0
2026-06-10,48000.0
2026-06-10,22000.0
2026-06-10,8000.0
2026-06-10,50000.0
2026-06-10,20900.0
2026-06-10,20900.0
2026-06-10,10000.0
2026-06-10,8000.0
2026-06-10,38000.0
2026-06-10,8000.0
2026-06-10,15000.0
2026-06-10,6000.0
2026-06-10,22000.0
2026-06-10,23000.0
2026-06-10,12000.0
2026-06-10,47500.0
2026-06-10,5000.0
2026-06-10,44000.0
2026-06-10,40000.0
2026-06-10,81000.0
2026-06-10,24000.0
2026-06-10,54000.0
2026-06-10,22000.0
2026-06-10,28500.0
2026-06-10,5000.0
2026-06-10,66000.0
2026-06-10,15000.0
2026-06-10,75000.0
2026-06-10,22800.0
2026-06-10,8000.0
2026-06-10,68400.0
2026-06-10,25000.0
2026-06-10,22000.0
2026-06-10,24000.0
2026-06-10,22000.0
2026-06-10,48000.0
2026-06-10,69000.0
2026-06-10,22000.0
2026-06-10,32000.0
2026-06-10,20000.0
2026-06-10,20000.0
2026-06-10,14250.0
2026-06-10,6000.0
2026-06-10,8000.0
2026-06-10,12000.0
2026-06-10,10000.0
2026-06-10,23000.0
2026-06-10,25000.0
2026-06-10,5700.0
2026-06-10,88000.0
2026-06-10,15000.0
2026-06-10,23000.0
2026-06-10,20000.0
2026-06-10,66000.0
2026-06-10,5000.0
2026-06-10,44000.0
2026-06-10,9500.0
2026-06-10,23750.0
2026-06-10,27000.0
2026-06-10,10000.0
2026-06-10,45000.0
2026-06-10,100000.0
2026-06-10,22000.0
2026-06-10,24000.0
2026-06-10,23750.0
2026-06-10,20000.0
2026-06-10,6000.0
2026-06-10,48000.0
2026-06-10,48000.0
2026-06-10,12000.0
2026-06-10,44000.0
2026-06-10,12000.0
2026-06-10,60000.0
2026-06-10,32000.0
2026-06-10,24000.0
2026-06-10,30000.0
2026-06-10,15000.0
2026-06-10,80000.0
2026-06-10,22000.0
2026-06-10,4750.0
2026-06-10,48000.0
2026-06-10,25000.0
2026-06-10,10000.0
2026-06-10,17100.0
2026-06-10,15000.0
2026-06-10,25000.0
2026-06-10,27000.0
2026-06-10,5700.0
2026-06-10,24000.0
2026-06-10,5000.0
2026-06-10,45600.0
2026-06-10,20000.0
2026-06-10,92000.0
2026-06-10,12000.0
2026-06-10,8000.0
2026-06-10,22000.0
2026-06-10,12000.0
2026-06-10,15000.0
2026-06-10,25000.0
2026-06-10,15000.0
2026-06-10,23750.0
2026-06-10,12000.0
2026-06-10,6000.0
2026-06-10,30000.0
2026-06-10,51300.0
2026-06-10,5000.0
2026-06-10,27000.0
2026-06-10,24000.0
2026-06-10,20000.0
2026-06-10,44000.0
2026-06-10,10000.0
2026-06-10,50000.0
2026-06-10,11400.0
2026-06-10,15000.0
2026-06-10,12000.0
2026-06-10,15000.0
2026-06-10,22000.0
2026-06-10,48000.0
2026-06-10,6000.0
2026-06-10,38000.0
2026-06-10,20000.0
2026-06-10,5700.0
2026-06-10,24000.0
2026-06-10,12000.0
2026-06-11,23750.0
2026-06-11,18000.0
2026-06-11,5000.0
2026-06-11,27000.0
2026-06-11,15000.0
2026-06-11,12000.0
2026-06-11,20000.0
2026-06-11,23000.0
2026-06-11,50000.0
2026-06-11,27000.0
2026-06-11,20900.0
2026-06-11,20900.0
2026-06-11,6000.0
2026-06-11,8000.0
2026-06-11,15000.0
2026-06-11,15000.0
2026-06-11,24000.0
2026-06-11,5000.0
2026-06-11,15000.0
2026-06-11,8000.0
2026-06-11,11400.0
2026-06-11,22000.0
2026-06-11,12000.0
2026-06-11,16000.0
2026-06-11,30000.0
2026-06-11,60000.0
2026-06-11,27000.0
2026-06-11,23000.0
2026-06-11,18000.0
2026-06-11,28500.0
2026-06-11,15000.0
2026-06-11,21850.0
2026-06-11,23750.0
2026-06-11,12000.0
2026-06-11,15000.0
2026-06-11,46000.0
2026-06-11,6000.0
2026-06-11,23000.0
2026-06-11,24000.0
2026-06-11,15000.0
2026-06-11,8000.0
2026-06-11,18000.0
2026-06-11,5000.0
2026-06-11,25000.0
2026-06-11,24000.0
2026-06-11,12000.0
2026-06-11,12000.0
2026-06-11,54000.0
2026-06-11,50000.0
2026-06-11,60000.0
2026-06-11,23000.0
2026-06-11,25000.0
2026-06-11,8000.0
2026-06-11,15000.0
2026-06-11,66000.0
2026-06-11,40000.0
2026-06-11,27000.0
2026-06-11,9500.0
2026-06-11,22000.0
2026-06-11,19000.0
2026-06-11,6000.0
2026-06-11,41800.0
2026-06-11,6000.0
2026-06-11,24000.0
2026-06-11,25000.0
2026-06-11,23000.0
2026-06-11,24000.0
2026-06-11,10000.0
2026-06-11,40000.0
2026-06-11,22000.0
2026-06-11,8000.0
2026-06-11,12000.0
2026-06-11,16000.0
2026-06-11,23000.0
2026-06-11,25000.0
2026-06-11,23000.0
2026-06-11,20900.0
2026-06-11,12000.0
2026-06-11,22000.0
2026-06-11,30000.0
2026-06-11,48000.0
2026-06-11,8000.0
2026-06-11,12000.0
2026-06-11,16000.0
2026-06-11,40000.0
2026-06-11,81000.0
2026-06-11,10000.0
2026-06-11,12000.0
2026-06-11,48000.0
2026-06-11,25000.0
2026-06-11,30000.0
2026-06-11,8000.0
2026-06-11,30000.0
2026-06-11,43700.0
2026-06-11,5700.0
2026-06-11,92000.0
2026-06-11,15000.0
2026-06-11,6000.0
2026-06-11,23000.0
2026-06-11,23000.0
2026-06-11,44000.0
2026-06-11,43700.0
2026-06-11,42750.0
2026-06-11,20000.0
2026-06-11,24000.0
2026-06-11,24000.0
2026-06-11,8000.0
2026-06-11,24000.0
2026-06-11,12000.0
2026-06-11,18000.0
2026-06-11,96000.0
2026-06-11,24000.0
2026-06-11,6000.0
2026-06-11,24000.0
2026-06-11,27000.0
2026-06-11,22000.0
2026-06-11,16000.0
2026-06-11,12000.0
2026-06-11,21850.0
2026-06-11,22000.0
2026-06-11,6000.0
2026-06-11,75000.0
2026-06-11,10000.0
2026-06-11,15000.0
2026-06-11,22000.0
2026-06-11,23750.0
2026-06-11,15000.0
2026-06-11,5000.0
2026-06-11,6000.0
2026-06-11,27000.0
2026-06-11,20000.0
2026-06-11,8000.0
2026-06-11,5000.0
2026-06-11,22800.0
2026-06-11,48000.0
2026-06-11,12000.0
2026-06-11,10000.0
2026-06-11,23000.0
2026-06-11,54000.0
2026-06-11,10000.0
2026-06-11,25000.0
2026-06-11,24000.0
2026-06-11,6000.0
2026-06-11,36000.0
2026-06-11,24000.0
2026-06-11,45600.0
2026-06-11,24000.0
2026-06-11,22800.0
2026-06-11,20000.0
2026-06-11,30000.0
2026-06-11,22000.0
2026-06-11,30000.0
2026-06-11,5000.0
2026-06-11,16000.0
2026-06-11,25000.0
2026-06-11,6000.0
2026-06-11,24000.0
2026-06-12,75000.0
2026-06-12,14250.0
2026-06-12,8000.0
2026-06-12,15000.0
2026-06-12,12000.0
2026-06-12,10000.0
2026-06-12,11400.0
2026-06-12,12000.0
2026-06-12,46000.0
2026-06-12,45000.0
2026-06-12,76000.0
2026-06-12,20000.0
2026-06-12,25000.0
2026-06-12,44000.0
2026-06-12,23000.0
2026-06-12,25000.0
2026-06-12,15000.0
2026-06-12,8000.0
2026-06-12,72000.0
2026-06-12,6000.0
2026-06-12,24000.0
2026-06-12,22000.0
2026-06-12,20000.0
2026-06-12,30000.0
2026-06-12,36000.0
2026-06-12,24000.0
2026-06-12,21850.0
2026-06-12,15000.0
2026-06-12,50000.0
2026-06-12,20000.0
2026-06-12,6000.0
2026-06-12,6000.0
2026-06-12,22000.0
2026-06-12,15000.0
2026-06-12,15000.0
2026-06-12,88000.0
2026-06-12,22000.0
2026-06-12,23000.0
2026-06-12,10000.0
2026-06-12,20000.0
2026-06-12,24000.0
2026-06-12,15000.0
2026-06-12,25000.0
2026-06-12,24000.0
2026-06-12,48000.0
2026-06-12,23000.0
2026-06-12,24000.0
2026-06-12,46000.0
2026-06-12,44000.0
2026-06-12,12000.0
2026-06-12,24000.0
2026-06-12,24000.0
2026-06-12,50000.0
2026-06-12,36000.0
2026-06-12,12000.0
2026-06-12,12000.0
2026-06-12,20000.0
2026-06-12,22000.0
2026-06-12,18000.0
2026-06-12,5000.0
2026-06-12,6000.0
2026-06-12,50000.0
2026-06-12,23000.0
2026-06-12,5000.0
2026-06-12,45000.0
2026-06-12,14250.0
2026-06-12,6000.0
2026-06-12,21850.0
2026-06-12,24000.0
2026-06-12,60000.0
2026-06-12,75000.0
2026-06-12,23000.0
2026-06-12,22800.0
2026-06-12,15000.0
2026-06-12,20900.0
2026-06-12,6000.0
2026-06-12,15000.0
2026-06-12,80000.0
2026-06-12,5000.0
2026-06-12,8000.0
2026-06-12,6000.0
2026-06-12,8000.0
2026-06-12,8000.0
2026-06-12,24000.0
2026-06-12,12000.0
2026-06-12,24000.0
2026-06-12,8000.0
2026-06-12,20000.0
2026-06-12,12000.0
2026-06-12,46000.0
2026-06-12,30000.0
2026-06-12,5000.0
2026-06-12,24000.0
2026-06-12,10000.0
2026-06-12,27000.0
2026-06-12,12000.0
2026-06-12,40000.0
2026-06-12,12000.0
2026-06-12,54000.0
2026-06-12,15000.0
2026-06-12,8000.0
2026-06-12,15000.0
2026-06-12,5000.0
2026-06-12,15000.0
2026-06-12,25000.0
2026-06-12,5000.0
2026-06-12,66000.0
2026-06-12,22000.0
2026-06-12,24000.0
2026-06-12,15000.0
2026-06-12,8000.0
2026-06-12,25000.0
2026-06-12,10000.0
2026-06-12,12000.0
2026-06-12,7600.0
2026-06-12,24000.0
2026-06-12,12000.0
2026-06-12,69000.0
2026-06-12,15200.0
2026-06-12,9500.0
2026-06-12,12000.0
2026-06-12,20000.0
2026-06-12,7600.0
2026-06-12,24000.0
2026-06-12,22000.0
2026-06-12,15000.0
2026-06-12,25000.0
2026-06-12,16000.0
2026-06-12,24000.0
2026-06-12,22000.0
2026-06-12,8000.0
2026-06-12,6000.0
2026-06-12,12000.0
2026-06-12,24000.0
2026-06-12,20000.0
2026-06-12,15000.0
2026-06-12,24000.0
2026-06-12,92000.0
2026-06-12,22800.0
2026-06-12,20000.0
2026-06-12,15000.0
2026-06-12,12000.0
2026-06-12,46000.0
2026-06-12,23000.0
2026-06-12,54000.0
2026-06-12,50000.0
2026-06-12,20000.0
2026-06-12,24000.0
2026-06-12,15000.0
2026-06-12,12000.0
2026-06-12,15000.0
2026-06-12,45600.0
2026-06-12,20000.0
2026-06-12,20900.0
2026-06-12,54000.0
2026-06-12,10000.0
2026-06-12,23000.0
2026-06-12,5000.0
2026-06-12,23000.0
2026-06-12,20000.0
2026-06-12,6000.0
2026-06-12,15000.0
2026-06-12,44000.0
2026-06-12,96000.0
2026-06-12,5000.0
2026-06-12,24000.0
2026-06-12,12000.0
2026-06-12,10000.0
2026-06-12,44000.0
2026-06-12,8000.0
2026-06-12,72000.0
2026-06-12,88000.0
2026-06-12,6000.0
2026-06-12,22000.0
2026-06-12,25000.0
2026-06-12,6000.0
2026-06-12,46000.0
2026-06-12,24000.0
2026-06-12,54000.0
2026-06-12,44000.0
2026-06-12,15000.0
2026-06-13,40000.0
2026-06-13,22000.0
2026-06-13,27000.0
2026-06-13,6000.0
2026-06-13,8000.0
2026-06-13,15000.0
2026-06-13,15200.0
2026-06-13,8000.0
2026-06-13,25000.0
2026-06-13,12000.0
2026-06-13,15000.0
2026-06-13,5000.0
2026-06-13,20000.0
2026-06-13,10000.0
2026-06-13,44000.0
2026-06-13,69000.0
2026-06-13,20000.0
2026-06-13,22800.0
2026-06-13,11400.0
2026-06-13,24000.0
2026-06-13,24000.0
2026-06-13,20000.0
2026-06-13,15000.0
2026-06-13,69000.0
2026-06-13,48000.0
2026-06-13,15000.0
2026-06-13,20000.0
2026-06-13,21850.0
2026-06-13,12000.0
2026-06-13,24000.0
2026-06-13,25000.0
2026-06-13,45600.0
2026-06-13,15000.0
2026-06-13,20000.0
2026-06-13,22800.0
2026-06-13,15200.0
2026-06-13,10000.0
2026-06-13,23750.0
2026-06-13,76000.0
2026-06-13,20000.0
2026-06-13,45000.0
2026-06-13,6000.0
2026-06-13,80000.0
2026-06-13,27000.0
2026-06-13,5000.0
2026-06-13,46000.0
2026-06-13,23750.0
2026-06-13,22000.0
2026-06-13,15200.0
2026-06-13,22800.0
2026-06-13,44000.0
2026-06-13,23000.0
2026-06-13,30000.0
2026-06-13,14250.0
2026-06-13,22000.0
2026-06-13,43700.0
2026-06-13,24000.0
2026-06-13,8000.0
2026-06-13,22000.0
2026-06-13,15000.0
2026-06-13,6000.0
2026-06-13,6000.0
2026-06-13,66000.0
2026-06-13,48000.0
2026-06-13,12000.0
2026-06-13,30000.0
2026-06-13,24000.0
2026-06-13,30000.0
2026-06-13,24000.0
2026-06-13,12000.0
2026-06-13,54000.0
2026-06-13,20000.0
2026-06-13,81000.0
2026-06-13,6000.0
2026-06-13,25000.0
2026-06-13,6000.0
2026-06-13,25000.0
2026-06-13,25000.0
2026-06-13,66000.0
2026-06-13,46000.0
2026-06-13,24000.0
2026-06-13,20000.0
2026-06-13,20000.0
2026-06-13,6000.0
2026-06-13,48000.0
2026-06-13,27000.0
2026-06-13,30000.0
2026-06-13,24000.0
2026-06-13,72000.0
2026-06-13,20000.0
2026-06-13,50000.0
2026-06-13,27000.0
2026-06-13,20900.0
2026-06-13,50000.0
2026-06-13,19000.0
2026-06-13,18000.0
2026-06-13,22000.0
2026-06-13,10000.0
2026-06-13,12000.0
2026-06-13,5000.0
2026-06-13,10000.0
2026-06-13,20000.0
2026-06-13,44000.0
2026-06-13,27000.0
2026-06-13,18000.0
2026-06-13,80000.0
2026-06-13,12000.0
2026-06-13,20000.0
2026-06-13,5000.0
2026-06-13,46000.0
2026-06-13,34200.0
2026-06-13,48000.0
2026-06-13,20000.0
2026-06-13,12000.0
2026-06-13,10000.0
2026-06-13,12000.0
2026-06-13,20000.0
2026-06-13,24000.0
2026-06-13,10000.0
2026-06-13,5000.0
2026-06-13,60000.0
2026-06-13,25000.0
2026-06-13,22000.0
2026-06-13,5700.0
2026-06-13,27000.0
2026-06-13,44000.0
2026-06-13,22000.0
2026-06-13,10000.0
2026-06-13,22000.0
2026-06-13,12000.0
2026-06-13,8000.0
2026-06-13,24000.0
2026-06-13,6000.0
2026-06-13,9500.0
2026-06-13,10000.0
2026-06-13,23000.0
2026-06-13,24000.0
2026-06-13,20000.0
2026-06-13,5000.0
2026-06-13,45000.0
2026-06-13,102600.0
2026-06-13,44000.0
2026-06-13,20000.0
2026-06-13,14250.0
2026-06-13,27000.0
2026-06-13,6000.0
2026-06-13,22000.0
2026-06-13,45000.0
2026-06-13,5000.0
2026-06-13,15000.0
2026-06-13,8000.0
2026-06-13,27000.0
2026-06-13,20000.0
2026-06-13,6000.0
2026-06-13,20000.0
2026-06-13,14250.0
2026-06-13,45000.0
2026-06-13,15000.0
2026-06-13,23000.0
2026-06-13,6000.0
2026-06-13,12000.0
2026-06-13,22800.0
2026-06-13,27000.0
2026-06-13,16000.0
2026-06-13,18000.0
2026-06-13,20000.0
2026-06-13,81000.0
2026-06-13,25000.0
2026-06-13,22000.0
2026-06-14,46000.0
2026-06-14,8000.0
2026-06-14,11400.0
2026-06-14,25000.0
2026-06-14,24000.0
2026-06-14,24000.0
2026-06-14,11400.0
2026-06-14,8000.0
2026-06-14,25000.0
2026-06-14,45000.0
2026-06-14,11400.0
2026-06-14,22800.0
2026-06-14,30000.0
2026-06-14,10000.0
2026-06-14,8000.0
2026-06-14,12000.0
2026-06-14,10000.0
2026-06-14,100000.0
2026-06-14,18000.0
2026-06-14,54000.0
2026-06-14,46000.0
2026-06-14,25000.0
2026-06-14,21850.0
2026-06-14,6000.0
2026-06-14,12000.0
2026-06-14,23000.0
2026-06-14,24000.0
2026-06-14,15000.0
2026-06-14,30000.0
2026-06-14,10000.0
2026-06-14,25000.0
2026-06-14,40000.0
2026-06-14,50000.0
2026-06-14,11400.0
2026-06-14,27000.0
2026-06-14,6000.0
2026-06-14,20000.0
2026-06-14,88000.0
2026-06-14,36000.0
2026-06-14,12000.0
2026-06-14,22000.0
2026-06-14,40000.0
2026-06-14,25000.0
2026-06-14,6000.0
2026-06-14,7600.0
2026-06-14,24000.0
2026-06-14,6000.0
2026-06-14,24000.0
2026-06-14,28500.0
2026-06-14,46000.0
2026-06-14,10000.0
2026-06-14,15000.0
2026-06-14,24000.0
2026-06-14,25000.0
2026-06-14,48000.0
2026-06-14,10000.0
2026-06-14,72000.0
2026-06-14,15000.0
2026-06-14,16000.0
2026-06-14,75000.0
2026-06-14,12000.0
2026-06-14,95000.0
2026-06-14,27000.0
2026-06-14,20000.0
2026-06-14,18000.0
2026-06-14,24000.0
2026-06-14,66000.0
2026-06-14,42750.0
2026-06-14,6000.0
2026-06-14,60000.0
2026-06-14,30000.0
2026-06-14,27000.0
2026-06-14,30000.0
2026-06-14,10000.0
2026-06-14,25000.0
2026-06-14,12000.0
2026-06-14,25000.0
2026-06-14,16000.0
2026-06-14,23000.0
2026-06-14,6000.0
2026-06-14,15000.0
2026-06-14,48000.0
2026-06-14,10000.0
2026-06-14,5000.0
2026-06-14,23000.0
2026-06-14,22000.0
2026-06-14,10000.0
2026-06-14,10000.0
2026-06-14,6000.0
2026-06-14,23750.0
2026-06-14,42750.0
2026-06-14,25000.0
2026-06-14,10000.0
2026-06-14,23000.0
2026-06-14,12000.0
2026-06-14,30000.0
2026-06-14,6000.0
2026-06-14,24000.0
2026-06-14,96000.0
2026-06-14,27000.0
2026-06-14,10000.0
2026-06-14,25000.0
2026-06-14,12000.0
2026-06-14,10000.0
2026-06-14,24000.0
2026-06-14,20000.0
2026-06-14,20000.0
2026-06-14,18000.0
2026-06-14,24000.0
2026-06-14,8000.0
2026-06-14,25000.0
2026-06-14,75000.0
2026-06-14,20000.0
2026-06-14,22000.0
2026-06-14,25000.0
2026-06-14,24000.0
2026-06-14,21850.0
2026-06-14,6000.0
2026-06-14,44000.0
2026-06-14,25000.0
2026-06-14,30000.0
2026-06-14,10000.0
2026-06-14,30000.0
2026-06-14,15000.0
2026-06-14,27000.0
2026-06-14,25000.0
2026-06-14,24000.0
2026-06-14,92000.0
2026-06-14,96000.0
2026-06-14,40000.0
2026-06-14,11400.0
2026-06-14,19000.0
2026-06-14,22000.0
2026-06-14,6000.0
2026-06-14,6000.0
2026-06-14,20000.0
2026-06-14,22000.0
2026-06-14,16000.0
2026-06-14,50000.0
2026-06-14,46000.0
2026-06-14,9500.0
2026-06-14,10000.0
2026-06-14,66000.0
2026-06-14,8000.0
2026-06-14,60000.0
2026-06-14,46000.0
2026-06-14,11400.0
2026-06-14,12000.0
2026-06-14,12000.0
2026-06-14,44000.0
2026-06-14,60000.0
2026-06-14,21850.0
2026-06-14,14250.0
2026-06-14,15000.0
2026-06-14,7600.0
2026-06-14,72000.0
2026-06-14,20000.0
2026-06-14,23000.0
2026-06-14,24000.0
2026-06-14,22000.0
2026-06-14,44000.0
2026-06-14,5700.0
2026-06-14,72000.0
2026-06-14,15000.0
2026-06-14,24000.0
2026-06-14,45000.0
2026-06-14,15000.0
2026-06-15,22000.0
2026-06-15,40000.0
2026-06-15,24000.0
2026-06-15,12000.0
2026-06-15,22000.0
2026-06-15,24000.0
2026-06-15,48000.0
2026-06-15,19000.0
2026-06-15,20000.0
2026-06-15,30000.0
2026-06-15,6000.0
2026-06-15,15000.0
2026-06-15,10000.0
2026-06-15,8000.0
2026-06-15,23000.0
2026-06-15,5700.0
2026-06-15,6000.0
2026-06-15,75000.0
2026-06-15,23750.0
2026-06-15,24000.0
2026-06-15,5000.0
2026-06-15,20900.0
2026-06-15,15000.0
2026-06-15,44000.0
2026-06-15,5000.0
2026-06-15,25000.0
2026-06-15,44000.0
2026-06-15,72000.0
2026-06-15,23000.0
2026-06-15,22000.0
2026-06-15,10000.0
2026-06-15,22000.0
2026-06-15,5700.0
2026-06-15,5000.0
2026-06-15,18000.0
2026-06-15,22800.0
2026-06-15,20000.0
2026-06-15,22000.0
2026-06-15,16000.0
2026-06-15,46000.0
2026-06-15,10000.0
2026-06-15,20000.0
2026-06-15,12000.0
2026-06-15,22000.0
2026-06-15,28500.0
2026-06-15,24000.0
2026-06-15,20000.0
2026-06-15,22000.0
2026-06-15,24000.0
2026-06-15,23750.0
2026-06-15,24000.0
2026-06-15,5000.0
2026-06-15,54000.0
2026-06-15,15000.0
2026-06-15,24000.0
2026-06-15,36000.0
2026-06-15,24000.0
2026-06-15,19000.0
2026-06-15,6000.0
2026-06-15,23000.0
2026-06-15,54000.0
2026-06-15,24000.0
2026-06-15,10000.0
2026-06-15,15000.0
2026-06-15,47500.0
2026-06-15,44000.0
2026-06-15,22000.0
2026-06-15,23000.0
2026-06-15,100000.0
2026-06-15,23000.0
2026-06-15,22000.0
2026-06-15,96000.0
2026-06-15,10000.0
2026-06-15,22000.0
2026-06-15,11400.0
2026-06-15,25000.0
2026-06-15,8000.0
2026-06-15,22000.0
2026-06-15,12000.0
2026-06-15,6000.0
2026-06-15,23000.0
2026-06-15,12000.0
2026-06-15,23000.0
2026-06-15,25000.0
2026-06-15,20000.0
2026-06-15,6000.0
2026-06-15,23000.0
2026-06-15,24000.0
2026-06-15,24000.0
2026-06-15,69000.0
2026-06-15,6000.0
2026-06-15,24000.0
2026-06-15,50000.0
2026-06-15,27000.0
2026-06-15,24000.0
2026-06-15,22000.0
2026-06-15,54000.0
2026-06-15,21850.0
2026-06-15,25000.0
2026-06-15,12000.0
2026-06-15,48000.0
2026-06-15,15000.0
2026-06-15,88000.0
2026-06-15,10000.0
2026-06-15,24000.0
2026-06-15,60000.0
2026-06-15,54000.0
2026-06-15,22000.0
2026-06-15,45600.0
2026-06-15,15000.0
2026-06-15,24000.0
2026-06-15,24000.0
2026-06-15,36000.0
2026-06-15,6000.0
2026-06-15,27000.0
2026-06-15,5000.0
2026-06-15,16000.0
2026-06-15,19000.0
2026-06-15,24000.0
2026-06-15,12000.0
2026-06-15,15000.0
2026-06-15,30000.0
2026-06-15,6000.0
2026-06-15,12000.0
2026-06-15,44000.0
2026-06-15,25000.0
2026-06-15,22000.0
2026-06-15,75000.0
2026-06-15,54000.0
2026-06-15,8000.0
2026-06-15,20000.0
2026-06-15,46000.0
2026-06-15,36000.0
2026-06-15,20000.0
2026-06-15,27000.0
2026-06-15,16000.0
2026-06-15,15000.0
2026-06-15,22000.0
2026-06-15,12000.0
2026-06-15,22000.0
2026-06-15,40000.0
2026-06-15,12000.0
2026-06-15,12000.0
2026-06-15,12000.0
2026-06-15,34200.0
2026-06-15,12000.0
2026-06-15,5000.0
2026-06-15,44000.0
2026-06-15,24000.0
2026-06-15,23000.0
2026-06-15,75000.0
2026-06-15,23000.0
2026-06-15,22000.0
2026-06-15,12000.0
2026-06-15,22800.0
2026-06-15,12000.0
2026-06-15,36000.0
2026-06-15,108000.0
2026-06-15,88000.0
2026-06-15,23000.0
2026-06-15,24000.0
2026-06-15,24000.0
2026-06-15,40000.0
2026-06-15,46000.0
2026-06-15,15000.0
2026-06-15,23000.0
2026-06-15,30000.0
2026-06-15,15000.0
2026-06-15,25000.0
2026-06-15,24000.0
2026-06-15,27000.0
2026-06-15,60000.0
2026-06-15,15000.0
2026-06-15,12000.0
2026-06-15,44000.0
2026-06-15,8000.0
2026-06-15,20000.0
2026-06-15,6000.0
2026-06-15,12000.0
2026-06-15,30000.0
2026-06-15,24000.0
2026-06-15,10000.0
2026-06-15,27000.0
2026-06-15,23000.0
2026-06-15,25000.0
2026-06-15,22800.0
2026-06-15,20000.0
2026-06-15,22000.0
2026-06-15,12000.0
2026-06-15,5000.0
2026-06-15,27000.0
2026-06-15,6000.0
2026-06-16,25000.0
2026-06-16,10000.0
2026-06-16,44000.0
2026-06-16,16000.0
2026-06-16,72000.0
2026-06-16,30000.0
2026-06-16,24000.0
2026-06-16,15000.0
2026-06-16,27000.0
2026-06-16,12000.0
2026-06-16,8000.0
2026-06-16,46000.0
2026-06-16,44000.0
2026-06-16,8000.0
2026-06-16,6000.0
2026-06-16,25000.0
2026-06-16,25000.0
2026-06-16,16000.0
2026-06-16,20000.0
2026-06-16,11400.0
2026-06-16,92000.0
2026-06-16,22000.0
2026-06-16,27000.0
2026-06-16,10000.0
2026-06-16,23000.0
2026-06-16,60000.0
2026-06-16,8000.0
2026-06-16,4750.0
2026-06-16,11400.0
2026-06-16,25000.0
2026-06-16,44000.0
2026-06-16,20000.0
2026-06-16,22000.0
2026-06-16,23000.0
2026-06-16,12000.0
2026-06-16,45000.0
2026-06-16,4750.0
2026-06-16,12000.0
2026-06-16,25000.0
2026-06-16,22000.0
2026-06-16,6000.0
2026-06-16,18000.0
2026-06-16,24000.0
2026-06-16,10000.0
2026-06-16,12000.0
2026-06-16,22000.0
2026-06-16,30000.0
2026-06-16,15000.0
2026-06-16,6000.0
2026-06-16,54000.0
2026-06-16,69000.0
2026-06-16,72000.0
2026-06-16,22000.0
2026-06-16,25000.0
2026-06-16,10000.0
2026-06-16,50000.0
2026-06-16,75000.0
2026-06-16,44000.0
2026-06-16,46000.0
2026-06-16,24000.0
2026-06-16,22000.0
2026-06-16,6000.0
2026-06-16,92000.0
2026-06-16,50000.0
2026-06-16,22800.0
2026-06-16,10000.0
2026-06-16,6000.0
2026-06-16,20900.0
2026-06-16,24000.0
2026-06-16,12000.0
2026-06-16,36000.0
2026-06-16,24000.0
2026-06-16,36000.0
2026-06-16,20000.0
2026-06-16,15000.0
2026-06-16,48000.0
2026-06-16,10000.0
2026-06-16,15000.0
2026-06-16,23750.0
2026-06-16,20000.0
2026-06-16,10000.0
2026-06-16,76000.0
2026-06-16,6000.0
2026-06-16,20000.0
2026-06-16,25000.0
2026-06-16,22000.0
2026-06-16,23000.0
2026-06-16,24000.0
2026-06-16,17100.0
2026-06-16,27000.0
2026-06-16,22000.0
2026-06-16,16000.0
2026-06-16,24000.0
2026-06-16,65550.0
2026-06-16,6000.0
2026-06-16,16000.0
2026-06-16,24000.0
2026-06-16,46000.0
2026-06-16,54000.0
2026-06-16,22000.0
2026-06-16,75000.0
2026-06-16,25000.0
2026-06-16,12000.0
2026-06-16,38000.0
2026-06-16,6000.0
2026-06-16,36000.0
2026-06-16,8000.0
2026-06-16,15000.0
2026-06-16,66000.0
2026-06-16,23000.0
2026-06-16,22000.0
2026-06-16,25000.0
2026-06-16,25000.0
2026-06-16,30000.0
2026-06-16,8000.0
2026-06-16,25000.0
2026-06-16,48000.0
2026-06-16,20900.0
2026-06-16,22000.0
2026-06-16,24000.0
2026-06-16,69000.0
2026-06-16,6000.0
2026-06-16,20000.0
2026-06-16,25000.0
2026-06-16,6000.0
2026-06-16,24000.0
2026-06-16,25000.0
2026-06-16,20000.0
2026-06-16,8000.0
2026-06-16,6000.0
2026-06-16,20000.0
2026-06-16,43700.0
2026-06-16,20000.0
2026-06-16,22000.0
2026-06-16,23000.0
2026-06-16,12000.0
2026-06-16,6000.0
2026-06-16,20000.0
2026-06-16,54000.0
2026-06-16,15000.0
2026-06-16,25000.0
2026-06-16,25000.0
2026-06-16,24000.0
2026-06-16,41800.0
2026-06-16,15000.0
2026-06-16,22000.0
2026-06-16,24000.0
2026-06-16,10000.0
2026-06-16,25000.0
2026-06-16,9500.0
2026-06-16,23000.0
2026-06-16,54000.0
2026-06-16,12000.0
2026-06-16,15200.0
2026-06-16,12000.0
2026-06-16,45000.0
2026-06-16,48000.0
2026-06-16,20000.0
2026-06-16,5000.0
2026-06-16,46000.0
2026-06-16,8000.0
2026-06-16,25000.0
2026-06-16,8000.0
2026-06-16,81000.0
2026-06-16,10000.0
2026-06-16,45600.0
2026-06-16,20000.0
2026-06-16,30000.0
2026-06-16,44000.0
2026-06-16,23000.0
2026-06-16,24000.0
2026-06-16,45000.0
2026-06-16,24000.0
2026-06-16,6000.0
2026-06-16,30000.0
2026-06-16,22000.0
2026-06-16,11400.0
2026-06-16,5000.0
2026-06-16,10000.0
2026-06-16,10000.0
2026-06-16,15000.0
2026-06-16,69000.0
2026-06-16,12000.0
2026-06-16,45000.0
2026-06-16,25000.0
2026-06-16,6000.0
2026-06-16,8000.0
2026-06-16,20900.0
2026-06-16,24000.0
2026-06-16,24000.0
2026-06-16,27000.0
2026-06-16,44000.0
2026-06-16,48000.0
2026-06-16,88000.0
2026-06-16,12000.0
2026-06-16,6000.0
2026-06-16,16000.0
2026-06-16,20000.0
2026-06-16,36000.0
2026-06-16,108000.0
2026-06-16,11400.0
2026-06-16,60000.0
2026-06-16,30000.0
2026-06-16,5000.0
2026-06-16,60000.0
2026-06-16,8000.0
2026-06-16,22000.0
2026-06-16,10000.0
2026-06-16,15000.0
2026-06-16,6000.0
2026-06-16,20900.0
2026-06-16,46000.0
2026-06-16,24000.0
2026-06-16,20000.0
2026-06-16,24000.0
2026-06-16,15000.0
2026-06-16,11400.0
2026-06-16,20900.0
2026-06-16,18000.0
2026-06-16,24000.0
2026-06-16,22000.0
2026-06-16,20000.0
2026-06-16,24000.0
2026-06-16,15000.0
2026-06-16,10000.0
2026-06-16,54000.0
2026-06-16,5700.0
2026-06-16,11400.0
2026-06-16,22000.0
2026-06-16,24000.0
2026-06-16,14250.0
2026-06-16,22000.0
2026-06-16,19000.0
2026-06-16,28500.0
2026-06-17,12000.0
2026-06-17,25000.0
2026-06-17,20000.0
2026-06-17,12000.0
2026-06-17,48000.0
2026-06-17,25000.0
2026-06-17,20000.0
2026-06-17,24000.0
2026-06-17,100000.0
2026-06-17,22000.0
2026-06-17,20000.0
2026-06-17,25000.0
2026-06-17,6000.0
2026-06-17,6000.0
2026-06-17,54000.0
2026-06-17,8000.0
2026-06-17,24000.0
2026-06-17,20000.0
2026-06-17,11400.0
2026-06-17,10000.0
2026-06-17,23000.0
2026-06-17,81000.0
2026-06-17,6000.0
2026-06-17,10000.0
2026-06-17,12000.0
2026-06-17,48000.0
2026-06-17,54000.0
2026-06-17,30000.0
2026-06-17,12000.0
2026-06-17,6000.0
2026-06-17,22000.0
2026-06-17,100000.0
2026-06-17,14250.0
2026-06-17,24000.0
2026-06-17,12000.0
2026-06-17,24000.0
2026-06-17,46000.0
2026-06-17,40000.0
2026-06-17,25000.0
2026-06-17,5000.0
2026-06-17,30000.0
2026-06-17,45000.0
2026-06-17,12000.0
2026-06-17,20000.0
2026-06-17,15000.0
2026-06-17,22000.0
2026-06-17,8000.0
2026-06-17,27000.0
2026-06-17,15000.0
2026-06-17,5000.0
2026-06-17,23000.0
2026-06-17,24000.0
2026-06-17,45000.0
2026-06-17,5000.0
2026-06-17,23000.0
2026-06-17,6000.0
2026-06-17,24000.0
2026-06-17,12000.0
2026-06-17,8000.0
2026-06-17,24000.0
2026-06-17,15000.0
2026-06-17,20900.0
2026-06-17,24000.0
2026-06-17,30000.0
2026-06-17,25000.0
2026-06-17,20000.0
2026-06-17,12000.0
2026-06-17,20000.0
2026-06-17,24000.0
2026-06-17,12000.0
2026-06-17,48000.0
2026-06-17,32000.0
2026-06-17,6000.0
2026-06-17,72000.0
2026-06-17,5000.0
2026-06-17,20000.0
2026-06-17,6000.0
2026-06-17,24000.0
2026-06-17,15000.0
2026-06-17,48000.0
2026-06-17,36000.0
2026-06-17,48000.0
2026-06-17,75000.0
2026-06-17,20000.0
2026-06-17,8000.0
2026-06-17,20000.0
2026-06-17,25000.0
2026-06-17,30000.0
2026-06-17,6000.0
2026-06-17,8000.0
2026-06-17,5000.0
2026-06-17,5000.0
2026-06-17,6000.0
2026-06-17,30000.0
2026-06-17,11400.0
2026-06-17,27000.0
2026-06-17,25650.0
2026-06-17,22000.0
2026-06-17,44000.0
2026-06-17,6000.0
2026-06-17,20000.0
2026-06-17,87400.0
2026-06-17,54000.0
2026-06-17,22000.0
2026-06-17,27000.0
2026-06-17,5000.0
2026-06-17,23000.0
2026-06-17,27000.0
2026-06-17,44000.0
2026-06-17,21850.0
2026-06-17,95000.0
2026-06-17,24000.0
2026-06-17,23000.0
2026-06-17,7600.0
2026-06-17,15000.0
2026-06-17,23000.0
2026-06-17,25000.0
2026-06-17,8000.0
2026-06-17,15000.0
2026-06-17,51300.0
2026-06-17,5000.0
2026-06-17,12000.0
2026-06-17,6000.0
2026-06-17,15000.0
2026-06-17,24000.0
2026-06-17,16000.0
2026-06-17,24000.0
2026-06-17,25650.0
2026-06-17,24000.0
2026-06-17,88000.0
2026-06-17,12000.0
2026-06-17,20000.0
2026-06-17,30000.0
2026-06-17,23000.0
2026-06-17,9500.0
2026-06-17,69000.0
2026-06-17,15000.0
2026-06-17,54000.0
2026-06-17,24000.0
2026-06-17,15000.0
2026-06-17,24000.0
2026-06-17,10000.0
2026-06-17,69000.0
2026-06-17,30000.0
2026-06-17,75000.0
2026-06-17,21850.0
2026-06-17,24000.0
2026-06-17,68400.0
2026-06-17,6000.0
2026-06-17,45000.0
2026-06-17,30000.0
2026-06-17,6000.0
2026-06-17,12000.0
2026-06-17,60000.0
2026-06-17,40000.0
2026-06-17,15000.0
2026-06-17,24000.0
2026-06-17,45600.0
2026-06-17,5700.0
2026-06-17,40000.0
2026-06-17,12000.0
2026-06-17,25000.0
2026-06-17,10000.0
2026-06-17,6000.0
2026-06-17,5000.0
2026-06-17,23000.0
2026-06-17,15000.0
2026-06-17,22000.0
2026-06-17,6000.0
2026-06-17,24000.0
2026-06-17,6000.0
2026-06-17,16000.0
2026-06-17,66000.0
2026-06-17,20000.0
2026-06-17,30000.0
2026-06-17,16000.0
2026-06-17,15000.0
2026-06-17,30000.0
2026-06-17,76950.0
2026-06-17,66000.0
2026-06-17,20000.0
2026-06-17,12000.0
2026-06-17,20900.0
2026-06-17,6000.0
2026-06-17,14250.0
2026-06-17,23000.0
2026-06-17,15200.0
2026-06-17,23000.0
2026-06-17,50000.0
2026-06-17,40000.0
2026-06-17,15000.0
2026-06-17,69000.0
2026-06-17,6000.0
2026-06-17,15000.0
2026-06-17,6000.0
2026-06-17,9500.0
2026-06-17,30000.0
2026-06-17,6000.0
2026-06-17,20000.0
2026-06-17,88000.0
2026-06-17,24000.0
2026-06-17,6000.0
2026-06-17,72000.0
2026-06-17,22000.0
2026-06-17,6000.0
2026-06-17,16000.0
2026-06-17,44000.0
2026-06-17,30000.0
2026-06-17,18000.0
2026-06-17,25000.0
2026-06-18,12000.0
2026-06-18,92000.0
2026-06-18,12000.0
2026-06-18,23750.0
2026-06-18,24000.0
2026-06-18,22000.0
2026-06-18,24000.0
2026-06-18,22000.0
2026-06-18,87400.0
2026-06-18,25000.0
2026-06-18,40000.0
2026-06-18,27000.0
2026-06-18,12000.0
2026-06-18,23000.0
2026-06-18,50000.0
2026-06-18,41800.0
2026-06-18,23000.0
2026-06-18,6000.0
2026-06-18,5000.0
2026-06-18,20000.0
2026-06-18,15000.0
2026-06-18,10000.0
2026-06-18,46000.0
2026-06-18,12000.0
2026-06-18,8000.0
2026-06-18,68400.0
2026-06-18,14250.0
2026-06-18,8000.0
2026-06-18,23750.0
2026-06-18,27000.0
2026-06-18,10000.0
2026-06-18,6000.0
2026-06-18,19000.0
2026-06-18,5000.0
2026-06-18,25000.0
2026-06-18,5700.0
2026-06-18,23000.0
2026-06-18,15000.0
2026-06-18,12000.0
2026-06-18,15000.0
2026-06-18,25650.0
2026-06-18,20000.0
2026-06-18,6000.0
2026-06-18,15000.0
2026-06-18,20000.0
2026-06-18,22000.0
2026-06-18,75000.0
2026-06-18,12000.0
2026-06-18,46000.0
2026-06-18,6000.0
2026-06-18,10000.0
2026-06-18,5000.0
2026-06-18,15000.0
2026-06-18,12000.0
2026-06-18,20000.0
2026-06-18,28500.0
2026-06-18,36000.0
2026-06-18,22000.0
2026-06-18,27000.0
2026-06-18,50000.0
2026-06-18,36000.0
2026-06-18,20000.0
2026-06-18,10000.0
2026-06-18,10000.0
2026-06-18,27000.0
2026-06-18,15200.0
2026-06-18,24000.0
2026-06-18,60000.0
2026-06-18,69000.0
2026-06-18,24000.0
2026-06-18,66000.0
2026-06-18,15000.0
2026-06-18,20000.0
2026-06-18,14250.0
2026-06-18,8000.0
2026-06-18,80000.0
2026-06-18,12000.0
2026-06-18,22800.0
2026-06-18,10000.0
2026-06-18,48000.0
2026-06-18,6000.0
2026-06-18,20000.0
2026-06-18,24000.0
2026-06-18,22000.0
2026-06-18,18000.0
2026-06-18,8000.0
2026-06-18,22000.0
2026-06-18,15000.0
2026-06-18,6000.0
2026-06-18,24000.0
2026-06-18,36000.0
2026-06-18,24000.0
2026-06-18,20000.0
2026-06-18,24000.0
2026-06-18,60000.0
2026-06-18,22000.0
2026-06-18,54000.0
2026-06-18,24000.0
2026-06-18,88000.0
2026-06-18,23750.0
2026-06-18,6000.0
2026-06-18,8000.0
2026-06-18,8000.0
2026-06-18,6000.0
2026-06-18,10000.0
2026-06-18,46000.0
2026-06-18,5000.0
2026-06-18,8000.0
2026-06-18,24000.0
2026-06-18,24000.0
2026-06-18,12000.0
2026-06-18,22000.0
2026-06-18,15000.0
2026-06-18,6000.0
2026-06-18,25000.0
2026-06-18,54000.0
2026-06-18,5000.0
2026-06-18,44000.0
2026-06-18,54000.0
2026-06-18,24000.0
2026-06-18,24000.0
2026-06-18,15000.0
2026-06-18,25000.0
2026-06-18,92000.0
2026-06-18,22000.0
2026-06-18,15000.0
2026-06-18,92000.0
2026-06-18,6000.0
2026-06-18,20000.0
2026-06-18,6000.0
2026-06-18,23000.0
2026-06-18,12000.0
2026-06-18,27000.0
2026-06-18,19000.0
2026-06-18,30000.0
2026-06-18,6000.0
2026-06-18,27000.0
2026-06-18,22000.0
2026-06-18,12000.0
2026-06-18,20900.0
2026-06-18,15000.0
2026-06-18,27000.0
2026-06-18,15000.0
2026-06-18,20000.0
2026-06-18,4750.0
2026-06-18,24000.0
2026-06-18,71250.0
2026-06-18,6000.0
2026-06-18,5000.0
2026-06-18,12000.0
2026-06-18,10000.0
2026-06-18,30000.0
2026-06-18,8000.0
2026-06-18,12000.0
2026-06-18,10000.0
2026-06-18,25000.0
2026-06-18,6000.0
2026-06-18,6000.0
2026-06-18,15000.0
2026-06-18,15200.0
2026-06-18,12000.0
2026-06-18,20000.0
2026-06-18,5000.0
2026-06-18,66000.0
2026-06-18,10000.0
2026-06-18,12000.0
2026-06-18,15000.0
2026-06-18,10000.0
2026-06-18,11400.0
2026-06-18,15000.0
2026-06-18,36000.0
2026-06-18,24000.0
2026-06-18,5700.0
2026-06-18,48000.0
2026-06-18,20000.0
2026-06-18,21850.0
2026-06-18,24000.0
2026-06-18,12000.0
2026-06-18,16000.0
2026-06-18,24000.0
2026-06-18,20000.0
2026-06-18,12000.0
2026-06-18,8000.0
2026-06-18,44000.0
2026-06-18,24000.0
2026-06-18,75000.0
2026-06-18,22000.0
2026-06-18,20000.0
2026-06-18,25000.0
2026-06-18,32000.0
2026-06-18,12000.0
2026-06-18,12000.0
2026-06-18,23000.0
2026-06-18,20000.0
2026-06-18,23000.0
2026-06-18,28500.0
2026-06-18,24000.0
2026-06-18,8000.0
2026-06-18,24000.0
2026-06-18,23000.0
2026-06-18,24000.0
2026-06-18,46000.0
2026-06-18,22000.0
2026-06-18,32000.0
2026-06-18,24000.0
2026-06-18,27000.0
2026-06-18,15000.0
2026-06-18,15000.0
2026-06-18,44000.0
2026-06-18,7600.0
2026-06-18,12000.0
2026-06-18,24000.0
2026-06-18,12000.0
2026-06-18,30000.0
2026-06-18,12000.0
2026-06-18,48000.0
2026-06-18,23000.0
2026-06-18,10000.0
2026-06-18,16000.0
2026-06-18,20000.0
2026-06-18,44000.0
2026-06-18,25000.0
2026-06-18,8000.0
2026-06-18,24000.0
2026-06-18,15000.0
2026-06-18,20000.0
2026-06-18,5000.0
2026-06-18,15000.0
2026-06-18,6000.0
2026-06-18,10000.0
2026-06-18,24000.0
2026-06-18,10000.0
2026-06-18,6000.0
2026-06-18,6000.0
2026-06-18,46000.0
2026-06-18,18000.0
2026-06-18,22000.0
2026-06-19,27000.0
2026-06-19,15000.0
2026-06-19,12000.0
2026-06-19,6000.0
2026-06-19,16000.0
2026-06-19,60000.0
2026-06-19,27000.0
2026-06-19,60000.0
2026-06-19,25000.0
2026-06-19,24000.0
2026-06-19,23750.0
2026-06-19,22000.0
2026-06-19,50000.0
2026-06-19,46000.0
2026-06-19,25000.0
2026-06-19,23750.0
2026-06-19,6000.0
2026-06-19,38000.0
2026-06-19,54000.0
2026-06-19,48000.0
2026-06-19,24000.0
2026-06-19,5000.0
2026-06-19,15000.0
2026-06-19,44000.0
2026-06-19,10000.0
2026-06-19,25000.0
2026-06-19,66000.0
2026-06-19,24000.0
2026-06-19,30000.0
2026-06-19,24000.0
2026-06-19,20000.0
2026-06-19,16000.0
2026-06-19,23750.0
2026-06-19,19000.0
2026-06-19,6000.0
2026-06-19,40000.0
2026-06-19,9500.0
2026-06-19,12000.0
2026-06-19,15000.0
2026-06-19,44000.0
2026-06-19,48000.0
2026-06-19,22800.0
2026-06-19,25000.0
2026-06-19,6000.0
2026-06-19,75000.0
2026-06-19,25000.0
2026-06-19,44000.0
2026-06-19,15000.0
2026-06-19,100000.0
2026-06-19,25000.0
2026-06-19,5000.0
2026-06-19,24000.0
2026-06-19,27000.0
2026-06-19,60000.0
2026-06-19,16000.0
2026-06-19,22000.0
2026-06-19,5000.0
2026-06-19,24000.0
2026-06-19,8000.0
2026-06-19,12000.0
2026-06-19,20000.0
2026-06-19,45600.0
2026-06-19,54000.0
2026-06-19,23000.0
2026-06-19,57000.0
2026-06-19,20000.0
2026-06-19,54000.0
2026-06-19,25000.0
2026-06-19,10000.0
2026-06-19,6000.0
2026-06-19,15000.0
2026-06-19,54000.0
2026-06-19,5000.0
2026-06-19,22000.0
2026-06-19,46000.0
2026-06-19,54000.0
2026-06-19,24000.0
2026-06-19,25650.0
2026-06-19,4750.0
2026-06-19,50000.0
2026-06-19,46000.0
2026-06-19,12000.0
2026-06-19,38000.0
2026-06-19,22000.0
2026-06-19,80000.0
2026-06-19,10000.0
2026-06-19,5700.0
2026-06-19,25000.0
2026-06-19,23000.0
2026-06-19,20000.0
2026-06-19,12000.0
2026-06-19,50000.0
2026-06-19,38000.0
2026-06-19,48000.0
2026-06-19,44000.0
2026-06-19,46000.0
2026-06-19,15000.0
2026-06-19,15000.0
2026-06-19,10000.0
2026-06-19,5000.0
2026-06-19,48000.0
2026-06-19,22000.0
2026-06-19,27000.0
2026-06-19,12000.0
2026-06-19,66000.0
2026-06-19,24000.0
2026-06-19,5000.0
2026-06-19,6000.0
2026-06-19,66000.0
2026-06-19,24000.0
2026-06-19,8000.0
2026-06-19,12000.0
2026-06-19,15200.0
2026-06-19,15000.0
2026-06-19,5000.0
2026-06-19,75000.0
2026-06-19,25000.0
2026-06-19,75000.0
2026-06-19,15000.0
2026-06-19,15000.0
2026-06-19,23000.0
2026-06-19,5000.0
2026-06-19,72000.0
2026-06-19,16000.0
2026-06-19,45000.0
2026-06-19,8000.0
2026-06-19,20000.0
2026-06-19,20900.0
2026-06-19,15000.0
2026-06-19,10000.0
2026-06-19,12000.0
2026-06-19,25000.0
2026-06-19,80000.0
2026-06-19,6000.0
2026-06-19,20000.0
2026-06-19,8000.0
2026-06-19,50000.0
2026-06-19,22000.0
2026-06-19,69000.0
2026-06-19,11400.0
2026-06-19,12000.0
2026-06-19,6000.0
2026-06-19,57000.0
2026-06-19,22000.0
2026-06-19,50000.0
2026-06-19,6000.0
2026-06-19,22000.0
2026-06-19,100000.0
2026-06-19,24000.0
2026-06-19,15000.0
2026-06-19,23000.0
2026-06-19,15000.0
2026-06-19,44000.0
2026-06-19,50000.0
2026-06-19,48000.0
2026-06-19,10000.0
2026-06-19,12000.0
2026-06-19,19000.0
2026-06-19,15000.0
2026-06-19,51300.0
2026-06-19,6000.0
2026-06-19,69000.0
2026-06-19,60000.0
2026-06-19,12000.0
2026-06-19,8000.0
2026-06-19,22000.0
2026-06-19,20000.0
2026-06-19,32000.0
2026-06-19,20000.0
2026-06-19,6000.0
2026-06-19,40000.0
2026-06-19,5000.0
2026-06-19,24000.0
2026-06-19,12000.0
2026-06-19,24000.0
2026-06-19,24000.0
2026-06-19,15000.0
2026-06-19,15000.0
2026-06-19,6000.0
2026-06-19,18000.0
2026-06-19,40000.0
2026-06-19,10000.0
2026-06-19,48000.0
2026-06-19,5000.0
2026-06-19,24000.0
2026-06-19,8000.0
2026-06-19,27000.0
2026-06-19,44000.0
2026-06-19,15000.0
2026-06-19,22800.0
2026-06-19,8000.0
2026-06-19,66000.0
2026-06-19,15000.0
2026-06-19,12000.0
2026-06-19,14250.0
2026-06-19,88000.0
2026-06-19,15000.0
2026-06-19,6000.0
2026-06-19,75000.0
2026-06-19,40000.0
2026-06-19,10000.0
2026-06-19,44000.0
2026-06-19,22000.0
2026-06-19,23000.0
2026-06-19,68400.0
2026-06-19,24000.0
2026-06-19,25000.0
2026-06-19,6000.0
2026-06-19,25000.0
2026-06-19,32000.0
2026-06-19,20000.0
2026-06-19,6000.0
2026-06-19,22800.0
2026-06-19,24000.0
2026-06-19,23000.0
2026-06-19,12000.0
2026-06-19,22800.0
2026-06-19,24000.0
2026-06-19,10000.0
2026-06-19,54000.0
2026-06-19,23000.0
2026-06-19,69000.0
2026-06-19,12000.0
2026-06-19,40000.0
2026-06-19,25000.0
2026-06-19,6000.0
2026-06-19,12000.0
2026-06-19,36000.0
2026-06-19,23000.0
2026-06-19,60000.0
2026-06-19,22000.0
2026-06-19,48000.0
2026-06-19,24000.0
2026-06-19,10000.0
2026-06-19,46000.0
2026-06-19,46000.0
2026-06-19,5700.0
2026-06-19,44000.0
2026-06-19,15000.0
2026-06-20,6000.0
2026-06-20,6000.0
2026-06-20,12000.0
2026-06-20,5000.0
2026-06-20,5000.0
2026-06-20,24000.0
2026-06-20,24000.0
2026-06-20,54000.0
2026-06-20,50000.0
2026-06-20,24000.0
2026-06-20,20000.0
2026-06-20,8000.0
2026-06-20,30000.0
2026-06-20,6000.0
2026-06-20,15000.0
2026-06-20,30000.0
2026-06-20,6000.0
2026-06-20,15000.0
2026-06-20,46000.0
2026-06-20,44000.0
2026-06-20,15000.0
2026-06-20,6000.0
2026-06-20,47500.0
2026-06-20,7600.0
2026-06-20,6000.0
2026-06-20,46000.0
2026-06-20,9500.0
2026-06-20,5000.0
2026-06-20,5000.0
2026-06-20,20000.0
2026-06-20,48000.0
2026-06-20,27000.0
2026-06-20,11400.0
2026-06-20,8000.0
2026-06-20,66000.0
2026-06-20,6000.0
2026-06-20,27000.0
2026-06-20,23750.0
2026-06-20,6000.0
2026-06-20,5000.0
2026-06-20,30000.0
2026-06-20,30000.0
2026-06-20,12000.0
2026-06-20,12000.0
2026-06-20,25000.0
2026-06-20,10000.0
2026-06-20,23000.0
2026-06-20,6000.0
2026-06-20,32000.0
2026-06-20,24000.0
2026-06-20,15200.0
2026-06-20,24000.0
2026-06-20,15000.0
2026-06-20,22000.0
2026-06-20,6000.0
2026-06-20,48000.0
2026-06-20,18000.0
2026-06-20,22000.0
2026-06-20,23000.0
2026-06-20,20900.0
2026-06-20,42750.0
2026-06-20,24000.0
2026-06-20,15000.0
2026-06-20,23000.0
2026-06-20,25000.0
2026-06-20,66000.0
2026-06-20,30000.0
2026-06-20,4750.0
2026-06-20,10000.0
2026-06-20,19000.0
2026-06-20,50000.0
2026-06-20,12000.0
2026-06-20,27000.0
2026-06-20,10000.0
2026-06-20,92000.0
2026-06-20,24000.0
2026-06-20,15000.0
2026-06-20,24000.0
2026-06-20,15000.0
2026-06-20,15000.0
2026-06-20,50000.0
2026-06-20,7600.0
2026-06-20,11400.0
2026-06-20,6000.0
2026-06-20,36000.0
2026-06-20,20000.0
2026-06-20,15000.0
2026-06-20,12000.0
2026-06-20,60000.0
2026-06-20,12000.0
2026-06-20,88000.0
2026-06-20,46000.0
2026-06-20,48000.0
2026-06-20,8000.0
2026-06-20,50000.0
2026-06-20,8000.0
2026-06-20,20000.0
2026-06-20,4750.0
2026-06-20,5000.0
2026-06-20,25000.0
2026-06-20,15000.0
2026-06-20,22000.0
2026-06-20,10000.0
2026-06-20,30000.0
2026-06-20,23000.0
2026-06-20,20000.0
2026-06-20,20900.0
2026-06-20,30000.0
2026-06-20,20000.0
2026-06-20,10000.0
2026-06-20,23000.0
2026-06-20,75000.0
2026-06-20,8000.0
2026-06-20,24000.0
2026-06-20,50000.0
2026-06-20,23000.0
2026-06-20,27000.0
2026-06-20,30000.0
2026-06-20,12000.0
2026-06-20,19000.0
2026-06-20,25000.0
2026-06-20,8000.0
2026-06-20,48000.0
2026-06-20,22000.0
2026-06-20,6000.0
2026-06-20,16000.0
2026-06-20,12000.0
2026-06-20,30000.0
2026-06-20,23000.0
2026-06-20,24000.0
2026-06-20,22000.0
2026-06-20,24000.0
2026-06-20,16000.0
2026-06-20,10000.0
2026-06-20,15000.0
2026-06-20,18000.0
2026-06-20,46000.0
2026-06-20,108000.0
2026-06-20,24000.0
2026-06-20,12000.0
2026-06-20,15000.0
2026-06-20,16000.0
2026-06-20,20000.0
2026-06-20,22000.0
2026-06-20,4750.0
2026-06-20,12000.0
2026-06-20,16000.0
2026-06-20,27000.0
2026-06-20,30000.0
2026-06-20,22000.0
2026-06-20,69000.0
2026-06-20,8000.0
2026-06-20,20000.0
2026-06-20,24000.0
2026-06-20,20000.0
2026-06-20,100000.0
2026-06-20,48000.0
2026-06-20,87400.0
2026-06-20,15000.0
2026-06-20,20000.0
2026-06-20,24000.0
2026-06-20,22000.0
2026-06-20,50000.0
2026-06-20,24000.0
2026-06-20,12000.0
2026-06-20,25000.0
2026-06-20,27000.0
2026-06-20,24000.0
2026-06-20,15000.0
2026-06-20,11400.0
2026-06-20,20000.0
2026-06-20,20000.0
2026-06-20,6000.0
2026-06-20,19000.0
2026-06-20,50000.0
2026-06-20,66000.0
2026-06-20,8000.0
2026-06-20,88000.0
2026-06-20,15000.0
2026-06-20,48000.0
2026-06-20,81000.0
2026-06-20,48000.0
2026-06-20,48000.0
2026-06-20,8000.0
2026-06-20,12000.0
2026-06-20,44000.0
2026-06-20,46000.0
2026-06-20,20000.0
2026-06-20,6000.0
2026-06-20,51300.0
2026-06-20,23750.0
2026-06-20,27000.0
2026-06-20,12000.0
2026-06-20,24000.0
2026-06-20,14250.0
2026-06-20,54000.0
2026-06-20,6000.0
2026-06-20,60000.0
2026-06-20,80000.0
2026-06-20,96000.0
2026-06-20,24000.0
2026-06-20,8000.0
2026-06-20,25000.0
2026-06-20,30000.0
2026-06-20,48000.0
2026-06-20,22000.0
2026-06-20,23000.0
2026-06-20,10000.0
2026-06-20,24000.0
2026-06-20,20000.0
2026-06-20,46000.0
2026-06-20,22000.0
2026-06-20,6000.0
2026-06-20,27000.0
2026-06-20,23000.0
2026-06-20,24000.0
2026-06-20,25000.0
2026-06-20,5000.0
2026-06-20,23000.0
2026-06-20,32000.0
2026-06-20,20000.0
2026-06-20,27000.0
2026-06-20,32000.0
2026-06-20,12000.0
2026-06-20,23000.0
2026-06-20,54000.0
2026-06-20,50000.0
2026-06-20,6000.0
2026-06-20,25000.0
2026-06-20,27000.0
2026-06-20,18000.0
2026-06-20,25000.0
2026-06-20,30000.0
2026-06-20,5000.0
2026-06-20,12000.0
2026-06-20,8000.0
2026-06-20,22000.0
2026-06-20,22000.0
2026-06-20,25000.0
2026-06-20,30000.0
2026-06-20,10000.0
2026-06-20,23000.0
2026-06-20,44000.0
2026-06-20,40000.0
2026-06-20,45000.0
2026-06-20,8000.0
2026-06-20,15000.0
2026-06-20,23000.0
2026-06-20,25000.0
2026-06-20,14250.0
2026-06-20,20900.0
2026-06-20,27000.0
2026-06-20,10000.0
2026-06-20,25000.0
2026-06-20,10000.0
2026-06-20,12000.0
2026-06-20,5700.0
2026-06-20,46000.0
2026-06-20,12000.0
2026-06-20,5000.0
2026-06-20,30000.0
2026-06-20,6000.0
2026-06-20,24000.0
2026-06-20,36000.0
2026-06-20,5700.0
2026-06-20,23000.0
2026-06-20,5000.0
2026-06-20,23000.0
2026-06-20,6000.0
2026-06-20,20000.0
2026-06-20,10000.0
2026-06-20,100000.0
2026-06-20,25650.0
2026-06-21,15000.0
2026-06-21,27000.0
2026-06-21,15000.0
2026-06-21,24000.0
2026-06-21,25000.0
2026-06-21,25000.0
2026-06-21,4750.0
2026-06-21,20000.0
2026-06-21,27000.0
2026-06-21,24000.0
2026-06-21,30000.0
2026-06-21,54000.0
2026-06-21,19000.0
2026-06-21,10000.0
2026-06-21,8000.0
2026-06-21,96000.0
2026-06-21,48000.0
2026-06-21,20000.0
2026-06-21,23000.0
2026-06-21,6000.0
2026-06-21,6000.0
2026-06-21,12000.0
2026-06-21,23000.0
2026-06-21,23000.0
2026-06-21,24000.0
2026-06-21,22800.0
2026-06-21,10000.0
2026-06-21,62700.0
2026-06-21,12000.0
2026-06-21,25650.0
2026-06-21,20000.0
2026-06-21,12000.0
2026-06-21,27000.0
2026-06-21,8000.0
2026-06-21,15000.0
2026-06-21,20000.0
2026-06-21,44000.0
2026-06-21,20000.0
2026-06-21,24000.0
2026-06-21,24000.0
2026-06-21,9500.0
2026-06-21,24000.0
2026-06-21,15000.0
2026-06-21,44000.0
2026-06-21,20900.0
2026-06-21,20000.0
2026-06-21,11400.0
2026-06-21,6000.0
2026-06-21,54000.0
2026-06-21,9500.0
2026-06-21,66000.0
2026-06-21,12000.0
2026-06-21,6000.0
2026-06-21,15000.0
2026-06-21,15000.0
2026-06-21,20000.0
2026-06-21,45000.0
2026-06-21,23000.0
2026-06-21,10000.0
2026-06-21,12000.0
2026-06-21,14250.0
2026-06-21,40000.0
2026-06-21,12000.0
2026-06-21,22000.0
2026-06-21,10000.0
2026-06-21,27000.0
2026-06-21,20000.0
2026-06-21,5000.0
2026-06-21,8000.0
2026-06-21,15000.0
2026-06-21,40000.0
2026-06-21,10000.0
2026-06-21,25000.0
2026-06-21,45000.0
2026-06-21,12000.0
2026-06-21,22000.0
2026-06-21,45600.0
2026-06-21,11400.0
2026-06-21,6000.0
2026-06-21,8000.0
2026-06-21,50000.0
2026-06-21,12000.0
2026-06-21,46000.0
2026-06-21,12000.0
2026-06-21,10000.0
2026-06-21,22000.0
2026-06-21,15000.0
2026-06-21,21850.0
2026-06-21,47500.0
2026-06-21,48000.0
2026-06-21,10000.0
2026-06-21,24000.0
2026-06-21,24000.0
2026-06-21,22000.0
2026-06-21,12000.0
2026-06-21,14250.0
2026-06-21,10000.0
2026-06-21,10000.0
2026-06-21,60000.0
2026-06-21,5000.0
2026-06-21,8000.0
2026-06-21,24000.0
2026-06-21,18000.0
2026-06-21,12000.0
2026-06-21,60000.0
2026-06-21,20000.0
2026-06-21,6000.0
2026-06-21,18000.0
2026-06-21,15000.0
2026-06-21,10000.0
2026-06-21,44000.0
2026-06-21,66000.0
2026-06-21,25000.0
2026-06-21,45600.0
2026-06-21,18000.0
2026-06-21,8000.0
2026-06-21,20000.0
2026-06-21,6000.0
2026-06-21,23000.0
2026-06-21,60000.0
2026-06-21,15000.0
2026-06-21,30000.0
2026-06-21,24000.0
2026-06-21,27000.0
2026-06-21,23750.0
2026-06-21,54000.0
2026-06-21,15000.0
2026-06-21,24000.0
2026-06-21,20000.0
2026-06-21,6000.0
2026-06-21,15000.0
2026-06-21,25000.0
2026-06-21,8000.0
2026-06-21,12000.0
2026-06-21,27000.0
2026-06-21,36000.0
2026-06-21,18000.0
2026-06-21,75000.0
2026-06-21,22800.0
2026-06-21,25000.0
2026-06-21,66000.0
2026-06-21,23000.0
2026-06-21,36000.0
2026-06-21,9500.0
2026-06-21,22000.0
2026-06-21,6000.0
2026-06-21,46000.0
2026-06-21,22000.0
2026-06-21,20000.0
2026-06-21,10000.0
2026-06-21,6000.0
2026-06-21,6000.0
2026-06-21,23000.0
2026-06-21,46000.0
2026-06-21,9500.0
2026-06-21,6000.0
2026-06-21,11400.0
2026-06-21,25000.0
2026-06-21,22800.0
2026-06-21,24000.0
2026-06-21,44000.0
2026-06-21,46000.0
2026-06-21,12000.0
2026-06-21,6000.0
2026-06-21,12000.0
2026-06-21,23000.0
2026-06-21,27000.0
2026-06-21,24000.0
2026-06-21,12000.0
2026-06-21,22000.0
2026-06-21,12000.0
2026-06-21,25000.0
2026-06-21,24000.0
2026-06-21,15000.0
2026-06-21,24000.0
2026-06-21,46000.0
2026-06-21,40000.0
2026-06-21,60000.0
2026-06-21,10000.0
2026-06-21,25000.0
2026-06-21,23000.0
2026-06-21,20900.0
2026-06-21,71250.0
2026-06-21,27000.0
2026-06-21,9500.0
2026-06-21,25000.0
2026-06-21,10000.0
2026-06-21,24000.0
2026-06-21,8000.0
2026-06-21,54000.0
2026-06-21,22000.0
2026-06-21,24000.0
2026-06-21,12000.0
2026-06-21,27000.0
2026-06-21,23000.0
2026-06-21,10000.0
2026-06-21,6000.0
2026-06-21,10000.0
2026-06-21,23000.0
2026-06-21,6000.0
2026-06-21,20000.0
2026-06-21,11400.0
2026-06-21,72000.0
2026-06-21,8000.0
2026-06-21,66000.0
2026-06-21,8000.0
2026-06-21,22800.0
2026-06-21,40000.0
2026-06-21,22000.0
2026-06-21,30000.0
2026-06-21,40000.0
2026-06-21,45600.0
2026-06-21,10000.0
2026-06-21,24000.0
2026-06-21,6000.0
2026-06-21,14250.0
2026-06-21,75000.0
2026-06-21,24000.0
2026-06-21,10000.0
2026-06-21,23000.0
2026-06-21,5700.0
2026-06-21,108000.0
2026-06-21,25000.0
2026-06-21,18000.0
2026-06-21,6000.0
2026-06-21,12000.0
2026-06-21,23000.0
2026-06-21,12000.0
2026-06-21,30000.0
2026-06-21,10000.0
2026-06-21,22000.0
2026-06-21,12000.0
2026-06-21,20000.0
2026-06-21,15000.0
2026-06-21,24000.0
2026-06-21,44000.0
2026-06-21,12000.0
2026-06-21,25000.0
2026-06-21,100000.0
2026-06-21,108000.0
2026-06-21,6000.0
2026-06-21,25000.0
2026-06-21,14250.0
2026-06-21,50000.0
2026-06-21,27000.0
2026-06-21,12000.0
2026-06-21,60000.0
2026-06-21,12000.0
2026-06-21,16000.0
2026-06-21,30000.0
2026-06-21,27000.0
2026-06-21,5700.0
2026-06-21,30000.0
2026-06-21,5000.0
2026-06-21,10000.0
2026-06-21,20000.0
2026-06-21,18000.0
2026-06-21,6000.0
2026-06-21,24000.0
2026-06-21,24000.0
2026-06-21,48000.0
2026-06-21,12000.0
2026-06-21,22000.0
2026-06-21,24000.0
2026-06-21,18000.0
2026-06-21,24000.0
2026-06-21,11400.0
2026-06-21,25000.0
2026-06-21,20000.0
2026-06-21,66000.0
2026-06-21,40000.0
2026-06-21,27000.0
2026-06-21,83600.0
2026-06-21,12000.0
2026-06-21,40000.0
2026-06-21,22000.0
2026-06-21,25000.0
2026-06-21,23000.0
2026-06-21,20000.0
2026-06-21,6000.0
2026-06-21,8000.0
2026-06-21,22800.0
2026-06-21,12000.0
2026-06-21,23000.0
2026-06-21,12000.0
2026-06-22,12000.0
2026-06-22,60000.0
2026-06-22,12000.0
2026-06-22,80000.0
2026-06-22,25000.0
2026-06-22,8000.0
2026-06-22,15000.0
2026-06-22,8000.0
2026-06-22,27000.0
2026-06-22,24000.0
2026-06-22,6000.0
2026-06-22,8000.0
2026-06-22,27000.0
2026-06-22,45000.0
2026-06-22,32000.0
2026-06-22,24000.0
2026-06-22,20000.0
2026-06-22,12000.0
2026-06-22,12000.0
2026-06-22,12000.0
2026-06-22,108000.0
2026-06-22,25000.0
2026-06-22,12000.0
2026-06-22,12000.0
2026-06-22,8000.0
2026-06-22,40000.0
2026-06-22,12000.0
2026-06-22,24000.0
2026-06-22,8000.0
2026-06-22,22000.0
2026-06-22,25000.0
2026-06-22,48000.0
2026-06-22,20000.0
2026-06-22,20000.0
2026-06-22,46000.0
2026-06-22,46000.0
2026-06-22,30000.0
2026-06-22,21850.0
2026-06-22,10000.0
2026-06-22,10000.0
2026-06-22,12000.0
2026-06-22,27000.0
2026-06-22,12000.0
2026-06-22,41800.0
2026-06-22,23000.0
2026-06-22,20000.0
2026-06-22,24000.0
2026-06-22,40000.0
2026-06-22,16000.0
2026-06-22,30000.0
2026-06-22,6000.0
2026-06-22,50000.0
2026-06-22,8000.0
2026-06-22,50000.0
2026-06-22,27000.0
2026-06-22,12000.0
2026-06-22,6000.0
2026-06-22,15000.0
2026-06-22,24000.0
2026-06-22,12000.0
2026-06-22,24000.0
2026-06-22,25000.0
2026-06-22,75000.0
2026-06-22,23000.0
2026-06-22,8000.0
2026-06-22,12000.0
2026-06-22,24000.0
2026-06-22,25000.0
2026-06-22,12000.0
2026-06-22,69000.0
2026-06-22,48000.0
2026-06-22,14250.0
2026-06-22,6000.0
2026-06-22,83600.0
2026-06-22,6000.0
2026-06-22,15000.0
2026-06-22,16000.0
2026-06-22,20000.0
2026-06-22,24000.0
2026-06-22,15000.0
2026-06-22,23750.0
2026-06-22,88000.0
2026-06-22,8000.0
2026-06-22,48000.0
2026-06-22,5000.0
2026-06-22,10000.0
2026-06-22,40000.0
2026-06-22,23000.0
2026-06-22,12000.0
2026-06-22,45000.0
2026-06-22,10000.0
2026-06-22,20000.0
2026-06-22,48000.0
2026-06-22,25000.0
2026-06-22,25000.0
2026-06-22,15000.0
2026-06-22,44000.0
2026-06-22,72000.0
2026-06-22,6000.0
2026-06-22,81000.0
2026-06-22,15000.0
2026-06-22,20000.0
2026-06-22,46000.0
2026-06-22,12000.0
2026-06-22,6000.0
2026-06-22,25000.0
2026-06-22,15000.0
2026-06-22,27000.0
2026-06-22,20900.0
2026-06-22,45000.0
2026-06-22,20000.0
2026-06-22,15000.0
2026-06-22,47500.0
2026-06-22,24000.0
2026-06-22,25650.0
2026-06-22,25000.0
2026-06-22,15000.0
2026-06-22,6000.0
2026-06-22,46000.0
2026-06-22,8000.0
2026-06-22,11400.0
2026-06-22,6000.0
2026-06-22,22000.0
2026-06-22,15200.0
2026-06-22,50000.0
2026-06-22,48000.0
2026-06-22,20000.0
2026-06-22,45000.0
2026-06-22,8000.0
2026-06-22,10000.0
2026-06-22,46000.0
2026-06-22,30000.0
2026-06-22,12000.0
2026-06-22,40000.0
2026-06-22,24000.0
2026-06-22,23000.0
2026-06-22,25000.0
2026-06-22,27000.0
2026-06-22,60000.0
2026-06-22,15000.0
2026-06-22,10000.0
2026-06-22,22000.0
2026-06-22,23000.0
2026-06-22,44000.0
2026-06-22,44000.0
2026-06-22,20900.0
2026-06-22,6000.0
2026-06-22,6000.0
2026-06-22,8000.0
2026-06-22,81000.0
2026-06-22,24000.0
2026-06-22,20000.0
2026-06-22,27000.0
2026-06-22,10000.0
2026-06-22,16000.0
2026-06-22,8000.0
2026-06-22,22000.0
2026-06-22,24000.0
2026-06-22,30000.0
2026-06-22,24000.0
2026-06-22,40000.0
2026-06-22,30000.0
2026-06-22,15000.0
2026-06-22,6000.0
2026-06-22,12000.0
2026-06-22,8000.0
2026-06-22,22000.0
2026-06-22,12000.0
2026-06-22,12000.0
2026-06-22,44000.0
2026-06-22,10000.0
2026-06-22,5700.0
2026-06-22,6000.0
2026-06-22,6000.0
2026-06-22,46000.0
2026-06-22,12000.0
2026-06-22,8000.0
2026-06-22,44000.0
2026-06-22,10000.0
2026-06-22,9500.0
2026-06-22,6000.0
2026-06-22,48000.0
2026-06-22,69000.0
2026-06-22,5000.0
2026-06-22,25000.0
2026-06-22,60000.0
2026-06-22,47500.0
2026-06-22,8000.0
2026-06-22,15000.0
2026-06-22,10000.0
2026-06-22,12000.0
2026-06-22,27000.0
2026-06-22,10000.0
2026-06-22,10000.0
2026-06-22,50000.0
2026-06-22,60000.0
2026-06-23,6000.0
2026-06-23,6000.0
2026-06-23,8000.0
2026-06-23,24000.0
2026-06-23,38000.0
2026-06-23,15000.0
2026-06-23,8000.0
2026-06-23,24000.0
2026-06-23,44000.0
2026-06-23,44000.0
2026-06-23,48000.0
2026-06-23,27000.0
2026-06-23,30000.0
2026-06-23,10000.0
2026-06-23,5000.0
2026-06-23,36000.0
2026-06-23,6000.0
2026-06-23,22000.0
2026-06-23,72000.0
2026-06-23,24000.0
2026-06-23,12000.0
2026-06-23,72000.0
2026-06-23,25000.0
2026-06-23,30000.0
2026-06-23,10000.0
2026-06-23,54000.0
2026-06-23,75000.0
2026-06-23,25000.0
2026-06-23,72000.0
2026-06-23,81000.0
2026-06-23,12000.0
2026-06-23,22000.0
2026-06-23,25000.0
2026-06-23,75000.0
2026-06-23,23000.0
2026-06-23,25000.0
2026-06-23,27000.0
2026-06-23,22000.0
2026-06-23,48000.0
2026-06-23,24000.0
2026-06-23,72000.0
2026-06-23,22800.0
2026-06-23,20000.0
2026-06-23,6000.0
2026-06-23,10000.0
2026-06-23,72000.0
2026-06-23,22000.0
2026-06-23,15000.0
2026-06-23,12000.0
2026-06-23,12000.0
2026-06-23,40000.0
2026-06-23,40000.0
2026-06-23,6000.0
2026-06-23,23000.0
2026-06-23,41800.0
2026-06-23,15000.0
2026-06-23,24000.0
2026-06-23,5000.0
2026-06-23,20900.0
2026-06-23,12000.0
2026-06-23,23000.0
2026-06-23,24000.0
2026-06-23,20000.0
2026-06-23,21850.0
2026-06-23,25000.0
2026-06-23,6000.0
2026-06-23,54000.0
2026-06-23,25000.0
2026-06-23,20000.0
2026-06-23,11400.0
2026-06-23,25000.0
2026-06-23,23000.0
2026-06-23,12000.0
2026-06-23,54000.0
2026-06-23,12000.0
2026-06-23,24000.0
2026-06-23,45000.0
2026-06-23,22000.0
2026-06-23,40000.0
2026-06-23,27000.0
2026-06-23,25000.0
2026-06-23,92000.0
2026-06-23,22000.0
2026-06-23,66000.0
2026-06-23,16000.0
2026-06-23,12000.0
2026-06-23,25000.0
2026-06-23,5000.0
2026-06-23,46000.0
2026-06-23,12000.0
2026-06-23,48000.0
2026-06-23,48000.0
2026-06-23,25650.0
2026-06-23,45000.0
2026-06-23,8000.0
2026-06-23,44000.0
2026-06-23,44000.0
2026-06-23,25000.0
2026-06-23,24000.0
2026-06-23,5000.0
2026-06-23,12000.0
2026-06-23,12000.0
2026-06-23,60000.0
2026-06-23,8000.0
2026-06-23,11400.0
2026-06-23,12000.0
2026-06-23,6000.0
2026-06-23,44000.0
2026-06-23,23000.0
2026-06-23,22000.0
2026-06-23,30000.0
2026-06-23,6000.0
2026-06-23,14250.0
2026-06-23,12000.0
2026-06-23,24000.0
2026-06-23,16000.0
2026-06-23,6000.0
2026-06-23,12000.0
2026-06-23,27000.0
2026-06-23,24000.0
2026-06-23,5000.0
2026-06-23,22000.0
2026-06-23,20000.0
2026-06-23,7600.0
2026-06-23,15000.0
2026-06-23,5000.0
2026-06-23,76000.0
2026-06-23,10000.0
2026-06-23,5000.0
2026-06-23,30000.0
2026-06-23,88000.0
2026-06-23,15000.0
2026-06-23,6000.0
2026-06-23,24000.0
2026-06-23,16000.0
2026-06-23,6000.0
2026-06-23,27000.0
2026-06-23,6000.0
2026-06-23,12000.0
2026-06-23,5000.0
2026-06-23,11400.0
2026-06-23,41800.0
2026-06-23,15000.0
2026-06-23,16000.0
2026-06-23,44000.0
2026-06-23,54000.0
2026-06-23,66000.0
2026-06-23,44000.0
2026-06-23,10000.0
2026-06-23,12000.0
2026-06-23,40000.0
2026-06-23,25000.0
2026-06-23,30000.0
2026-06-23,25000.0
2026-06-23,42750.0
2026-06-23,6000.0
2026-06-23,23000.0
2026-06-23,44000.0
2026-06-23,24000.0
2026-06-23,10000.0
2026-06-23,30000.0
2026-06-23,5000.0
2026-06-23,48000.0
2026-06-23,20000.0
2026-06-23,20000.0
2026-06-23,24000.0
2026-06-23,15000.0
2026-06-23,12000.0
2026-06-23,22000.0
2026-06-23,12000.0
2026-06-23,5000.0
2026-06-23,22000.0
2026-06-23,24000.0
2026-06-23,24000.0
2026-06-23,8000.0
2026-06-23,21850.0
2026-06-23,23000.0
2026-06-23,24000.0
2026-06-23,24000.0
2026-06-23,30000.0
2026-06-23,24000.0
2026-06-23,8000.0
2026-06-23,6000.0
2026-06-23,48000.0
2026-06-23,20000.0
2026-06-23,24000.0
2026-06-23,23000.0
2026-06-23,15000.0
2026-06-23,12000.0
2026-06-24,20000.0
2026-06-24,24000.0
2026-06-24,30000.0
2026-06-24,6000.0
2026-06-24,8000.0
2026-06-24,27000.0
2026-06-24,22000.0
2026-06-24,20000.0
2026-06-24,5000.0
2026-06-24,8000.0
2026-06-24,25650.0
2026-06-24,5000.0
2026-06-24,25000.0
2026-06-24,27000.0
2026-06-24,7600.0
2026-06-24,6000.0
2026-06-24,60000.0
2026-06-24,44000.0
2026-06-24,23000.0
2026-06-24,12000.0
2026-06-24,12000.0
2026-06-24,8000.0
2026-06-24,44000.0
2026-06-24,10000.0
2026-06-24,6000.0
2026-06-24,25000.0
2026-06-24,60000.0
2026-06-24,27000.0
2026-06-24,50000.0
2026-06-24,12000.0
2026-06-24,25650.0
2026-06-24,10000.0
2026-06-24,23000.0
2026-06-24,40000.0
2026-06-24,6000.0
2026-06-24,15000.0
2026-06-24,15000.0
2026-06-24,46000.0
2026-06-24,45600.0
2026-06-24,25650.0
2026-06-24,48000.0
2026-06-24,23000.0
2026-06-24,22000.0
2026-06-24,5000.0
2026-06-24,8000.0
2026-06-24,24000.0
2026-06-24,30000.0
2026-06-24,6000.0
2026-06-24,10000.0
2026-06-24,72000.0
2026-06-24,5000.0
2026-06-24,6000.0
2026-06-24,6000.0
2026-06-24,30000.0
2026-06-24,22800.0
2026-06-24,25000.0
2026-06-24,28500.0
2026-06-24,46000.0
2026-06-24,50000.0
2026-06-24,8000.0
2026-06-24,41800.0
2026-06-24,5000.0
2026-06-24,12000.0
2026-06-24,16000.0
2026-06-24,30000.0
2026-06-24,40000.0
2026-06-24,6000.0
2026-06-24,24000.0
2026-06-24,5000.0
2026-06-24,10000.0
2026-06-24,66000.0
2026-06-24,80000.0
2026-06-24,27000.0
2026-06-24,24000.0
2026-06-24,12000.0
2026-06-24,15000.0
2026-06-24,7600.0
2026-06-24,54000.0
2026-06-24,10000.0
2026-06-24,50000.0
2026-06-24,46000.0
2026-06-24,25000.0
2026-06-24,12000.0
2026-06-24,24000.0
2026-06-24,12000.0
2026-06-24,22000.0
2026-06-24,23000.0
2026-06-24,24000.0
2026-06-24,8000.0
2026-06-24,25000.0
2026-06-24,30000.0
2026-06-24,36000.0
2026-06-24,24000.0
2026-06-24,48000.0
2026-06-24,12000.0
2026-06-24,7600.0
2026-06-24,22000.0
2026-06-24,15000.0
2026-06-24,12000.0
2026-06-24,30000.0
2026-06-24,12000.0
2026-06-24,48000.0
2026-06-24,15000.0
2026-06-24,88000.0
2026-06-24,12000.0
2026-06-24,12000.0
2026-06-24,10000.0
2026-06-24,12000.0
2026-06-24,27000.0
2026-06-24,4750.0
2026-06-24,30000.0
2026-06-24,24000.0
2026-06-24,12000.0
2026-06-24,23000.0
2026-06-24,41800.0
2026-06-24,20000.0
2026-06-24,15000.0
2026-06-24,20000.0
2026-06-24,10000.0
2026-06-24,23000.0
2026-06-24,12000.0
2026-06-24,27000.0
2026-06-24,10000.0
2026-06-24,23000.0
2026-06-24,20000.0
2026-06-24,24000.0
2026-06-24,80000.0
2026-06-24,12000.0
2026-06-24,25000.0
2026-06-24,6000.0
2026-06-24,8000.0
2026-06-24,108000.0
2026-06-24,38000.0
2026-06-24,20000.0
2026-06-24,23000.0
2026-06-24,22000.0
2026-06-24,20000.0
2026-06-24,16000.0
2026-06-24,72000.0
2026-06-24,12000.0
2026-06-24,18000.0
2026-06-24,27000.0
2026-06-24,23000.0
2026-06-24,12000.0
2026-06-24,20000.0
2026-06-24,16000.0
2026-06-24,9500.0
2026-06-24,20900.0
2026-06-24,15000.0
2026-06-24,92000.0
2026-06-24,12000.0
2026-06-24,46000.0
2026-06-24,5000.0
2026-06-24,23000.0
2026-06-24,18000.0
2026-06-24,12000.0
2026-06-24,27000.0
2026-06-24,6000.0
2026-06-24,12000.0
2026-06-24,20000.0
2026-06-24,66000.0
2026-06-24,15000.0
2026-06-24,24000.0
2026-06-24,22800.0
2026-06-24,24000.0
2026-06-24,5700.0
2026-06-24,18000.0
2026-06-24,12000.0
2026-06-24,69000.0
2026-06-24,60000.0
2026-06-24,12000.0
2026-06-24,10000.0
2026-06-24,30000.0
2026-06-24,8000.0
2026-06-24,38000.0
2026-06-24,20000.0
2026-06-24,6000.0
2026-06-24,20000.0
2026-06-24,72000.0
2026-06-24,20000.0
2026-06-24,30000.0
2026-06-24,16000.0
2026-06-24,22000.0
2026-06-24,14250.0
2026-06-24,12000.0
2026-06-24,44000.0
2026-06-24,23000.0
2026-06-24,25000.0
2026-06-24,5000.0
2026-06-24,46000.0
2026-06-24,54000.0
2026-06-24,24000.0
2026-06-24,12000.0
2026-06-24,60000.0
2026-06-24,20900.0
2026-06-24,24000.0
2026-06-24,6000.0
2026-06-24,8000.0
2026-06-24,15000.0
2026-06-24,17100.0
2026-06-24,10000.0
2026-06-24,16000.0
2026-06-24,25000.0
2026-06-24,12000.0
2026-06-24,24000.0
2026-06-24,22000.0
2026-06-24,24000.0
2026-06-24,11400.0
2026-06-24,30000.0
2026-06-24,30000.0
2026-06-24,8000.0
2026-06-24,25000.0
2026-06-24,27000.0
2026-06-24,8000.0
2026-06-24,22000.0
2026-06-24,10000.0
2026-06-25,6000.0
2026-06-25,6000.0
2026-06-25,48000.0
2026-06-25,20000.0
2026-06-25,5000.0
2026-06-25,16000.0
2026-06-25,23000.0
2026-06-25,20000.0
2026-06-25,6000.0
2026-06-25,22000.0
2026-06-25,72000.0
2026-06-25,24000.0
2026-06-25,15000.0
2026-06-25,45600.0
2026-06-25,10000.0
2026-06-25,6000.0
2026-06-25,12000.0
2026-06-25,60000.0
2026-06-25,51300.0
2026-06-25,66000.0
2026-06-25,23750.0
2026-06-25,8000.0
2026-06-25,24000.0
2026-06-25,76000.0
2026-06-25,15000.0
2026-06-25,20900.0
2026-06-25,19000.0
2026-06-25,6000.0
2026-06-25,19000.0
2026-06-25,30000.0
2026-06-25,8000.0
2026-06-25,20900.0
2026-06-25,5000.0
2026-06-25,18000.0
2026-06-25,20000.0
2026-06-25,15000.0
2026-06-25,5000.0
2026-06-25,22000.0
2026-06-25,45000.0
2026-06-25,23000.0
2026-06-25,20000.0
2026-06-25,12000.0
2026-06-25,8000.0
2026-06-25,12000.0
2026-06-25,40000.0
2026-06-25,15000.0
2026-06-25,44000.0
2026-06-25,22000.0
2026-06-25,6000.0
2026-06-25,8000.0
2026-06-25,48000.0
2026-06-25,66000.0
2026-06-25,50000.0
2026-06-25,66000.0
2026-06-25,54000.0
2026-06-25,23000.0
2026-06-25,4750.0
2026-06-25,22000.0
2026-06-25,20000.0
2026-06-25,30000.0
2026-06-25,11400.0
2026-06-25,16000.0
2026-06-25,22000.0
2026-06-25,15000.0
2026-06-25,40000.0
2026-06-25,15000.0
2026-06-25,24000.0
2026-06-25,15000.0
2026-06-25,22800.0
2026-06-25,10000.0
2026-06-25,30000.0
2026-06-25,15000.0
2026-06-25,12000.0
2026-06-25,22000.0
2026-06-25,12000.0
2026-06-25,69000.0
2026-06-25,44000.0
2026-06-25,25000.0
2026-06-25,40000.0
2026-06-25,24000.0
2026-06-25,5000.0
2026-06-25,44000.0
2026-06-25,25000.0
2026-06-25,10000.0
2026-06-25,22000.0
2026-06-25,50000.0
2026-06-25,81000.0
2026-06-25,20000.0
2026-06-25,6000.0
2026-06-25,40000.0
2026-06-25,30000.0
2026-06-25,6000.0
2026-06-25,30000.0
2026-06-25,76000.0
2026-06-25,9500.0
2026-06-25,6000.0
2026-06-25,20000.0
2026-06-25,69000.0
2026-06-25,50000.0
2026-06-25,5700.0
2026-06-25,27000.0
2026-06-25,20000.0
2026-06-25,24000.0
2026-06-25,15000.0
2026-06-25,46000.0
2026-06-25,25000.0
2026-06-25,5000.0
2026-06-25,6000.0
2026-06-25,8000.0
2026-06-25,22000.0
2026-06-25,30000.0
2026-06-25,20000.0
2026-06-25,12000.0
2026-06-25,60000.0
2026-06-25,12000.0
2026-06-25,20000.0
2026-06-25,23000.0
2026-06-25,16000.0
2026-06-25,6000.0
2026-06-25,50000.0
2026-06-25,22000.0
2026-06-25,14250.0
2026-06-25,27000.0
2026-06-25,15000.0
2026-06-25,25000.0
2026-06-25,24000.0
2026-06-25,22000.0
2026-06-25,8000.0
2026-06-25,5000.0
2026-06-25,12000.0
2026-06-25,27000.0
2026-06-25,25000.0
2026-06-25,8000.0
2026-06-25,15000.0
2026-06-25,16000.0
2026-06-25,6000.0
2026-06-25,69000.0
2026-06-25,24000.0
2026-06-25,22000.0
2026-06-25,8000.0
2026-06-25,20000.0
2026-06-25,15200.0
2026-06-25,8000.0
2026-06-25,25000.0
2026-06-25,50000.0
2026-06-25,23000.0
2026-06-25,15000.0
2026-06-25,25000.0
2026-06-25,12000.0
2026-06-25,20000.0
2026-06-25,7600.0
2026-06-25,12000.0
2026-06-25,5000.0
2026-06-25,5000.0
2026-06-25,54000.0
2026-06-25,5000.0
2026-06-25,8000.0
2026-06-25,5000.0
2026-06-25,15000.0
2026-06-25,23000.0
2026-06-25,27000.0
2026-06-25,23000.0
2026-06-25,12000.0
2026-06-25,6000.0
2026-06-25,81000.0
2026-06-25,4750.0
2026-06-25,23000.0
2026-06-25,12000.0
2026-06-25,25000.0
2026-06-25,19000.0
2026-06-25,12000.0
2026-06-25,10000.0
2026-06-25,6000.0
2026-06-25,44000.0
2026-06-25,48000.0
2026-06-25,21850.0
2026-06-25,40000.0
2026-06-25,12000.0
2026-06-25,30000.0
2026-06-25,5000.0
2026-06-25,6000.0
2026-06-25,46000.0
2026-06-25,40000.0
2026-06-25,24000.0
2026-06-25,12000.0
2026-06-25,20900.0
2026-06-25,48000.0
2026-06-25,69000.0
2026-06-25,50000.0
2026-06-25,18000.0
2026-06-25,42750.0
2026-06-25,48000.0
2026-06-25,23000.0
2026-06-25,24000.0
2026-06-25,16000.0
2026-06-25,20900.0
2026-06-25,25000.0
2026-06-25,22000.0
2026-06-25,40000.0
2026-06-25,32000.0
2026-06-25,20000.0
2026-06-25,12000.0
2026-06-25,23000.0
2026-06-25,44000.0
2026-06-26,24000.0
2026-06-26,69000.0
2026-06-26,23000.0
2026-06-26,20000.0
2026-06-26,15000.0
2026-06-26,8000.0
2026-06-26,6000.0
2026-06-26,12000.0
2026-06-26,6000.0
2026-06-26,12000.0
2026-06-26,22000.0
2026-06-26,5000.0
2026-06-26,50000.0
2026-06-26,15000.0
2026-06-26,24000.0
2026-06-26,46000.0
2026-06-26,27000.0
2026-06-26,12000.0
2026-06-26,20900.0
2026-06-26,23000.0
2026-06-26,15000.0
2026-06-26,30000.0
2026-06-26,46000.0
2026-06-26,15000.0
2026-06-26,20000.0
2026-06-26,18000.0
2026-06-26,6000.0
2026-06-26,22000.0
2026-06-26,24000.0
2026-06-26,22800.0
2026-06-26,12000.0
2026-06-26,23000.0
2026-06-26,23000.0
2026-06-26,24000.0
2026-06-26,20900.0
2026-06-26,20000.0
2026-06-26,19000.0
2026-06-26,25000.0
2026-06-26,32000.0
2026-06-26,21850.0
2026-06-26,20000.0
2026-06-26,12000.0
2026-06-26,23750.0
2026-06-26,30000.0
2026-06-26,5000.0
2026-06-26,22000.0
2026-06-26,69000.0
2026-06-26,6000.0
2026-06-26,12000.0
2026-06-26,12000.0
2026-06-26,6000.0
2026-06-26,24000.0
2026-06-26,20000.0
2026-06-26,15000.0
2026-06-26,30000.0
2026-06-26,36000.0
2026-06-26,8000.0
2026-06-26,43700.0
2026-06-26,22000.0
2026-06-26,20000.0
2026-06-26,45000.0
2026-06-26,16000.0
2026-06-26,15000.0
2026-06-26,5000.0
2026-06-26,23000.0
2026-06-26,8000.0
2026-06-26,20000.0
2026-06-26,20000.0
2026-06-26,5000.0
2026-06-26,22000.0
2026-06-26,8000.0
2026-06-26,22000.0
2026-06-26,6000.0
2026-06-26,25000.0
2026-06-26,25000.0
2026-06-26,23000.0
2026-06-26,15000.0
2026-06-26,15000.0
2026-06-26,10000.0
2026-06-26,24000.0
2026-06-26,15000.0
2026-06-26,18000.0
2026-06-26,27000.0
2026-06-26,15000.0
2026-06-26,60000.0
2026-06-26,22000.0
2026-06-26,6000.0
2026-06-26,25000.0
2026-06-26,20000.0
2026-06-26,23000.0
2026-06-26,20000.0
2026-06-26,15000.0
2026-06-26,6000.0
2026-06-26,28500.0
2026-06-26,24000.0
2026-06-26,76950.0
2026-06-26,12000.0
2026-06-26,5000.0
2026-06-26,60000.0
2026-06-26,22000.0
2026-06-26,22800.0
2026-06-26,24000.0
2026-06-26,48000.0
2026-06-26,10000.0
2026-06-26,15000.0
2026-06-26,45000.0
2026-06-26,15000.0
2026-06-26,8000.0
2026-06-26,46000.0
2026-06-26,12000.0
2026-06-26,25000.0
2026-06-26,24000.0
2026-06-26,12000.0
2026-06-26,15000.0
2026-06-26,25000.0
2026-06-26,5700.0
2026-06-26,44000.0
2026-06-26,16000.0
2026-06-26,22000.0
2026-06-26,22000.0
2026-06-26,12000.0
2026-06-26,11400.0
2026-06-26,24000.0
2026-06-26,20000.0
2026-06-26,12000.0
2026-06-26,30000.0
2026-06-26,8000.0
2026-06-26,9500.0
2026-06-26,24000.0
2026-06-26,25000.0
2026-06-26,23750.0
2026-06-26,18000.0
2026-06-26,6000.0
2026-06-26,30000.0
2026-06-26,24000.0
2026-06-26,6000.0
2026-06-26,8000.0
2026-06-26,21850.0
2026-06-26,10000.0
2026-06-26,27000.0
2026-06-26,10000.0
2026-06-26,5000.0
2026-06-26,15000.0
2026-06-26,18000.0
2026-06-26,22000.0
2026-06-26,18000.0
2026-06-26,15000.0
2026-06-26,5000.0
2026-06-26,66000.0
2026-06-26,20000.0
2026-06-26,27000.0
2026-06-26,15000.0
2026-06-26,5000.0
2026-06-26,40000.0
2026-06-26,10000.0
2026-06-26,15000.0
2026-06-26,24000.0
2026-06-26,10000.0
2026-06-26,22000.0
2026-06-26,25000.0
2026-06-26,24000.0
2026-06-26,46000.0
2026-06-26,6000.0
2026-06-26,15000.0
2026-06-26,6000.0
2026-06-26,30000.0
2026-06-26,5000.0
2026-06-26,27000.0
2026-06-26,40000.0
2026-06-26,30000.0
2026-06-26,72000.0
2026-06-26,24000.0
2026-06-26,22000.0
2026-06-26,5000.0
2026-06-26,24000.0
2026-06-26,11400.0
2026-06-26,28500.0
2026-06-26,15000.0
2026-06-26,8000.0
2026-06-26,22000.0
2026-06-26,48000.0
2026-06-26,20000.0
2026-06-26,23750.0
2026-06-26,15000.0
2026-06-26,24000.0
2026-06-26,20000.0
2026-06-26,41800.0
2026-06-26,22000.0
2026-06-26,24000.0
2026-06-26,72000.0
2026-06-26,36000.0
2026-06-26,16000.0
2026-06-26,44000.0
2026-06-26,24000.0
2026-06-26,69000.0
2026-06-26,25000.0
2026-06-26,4750.0
2026-06-26,12000.0
2026-06-26,45600.0
2026-06-26,48000.0
2026-06-26,48000.0
2026-06-26,14250.0
2026-06-26,11400.0
2026-06-26,27000.0
2026-06-26,24000.0
2026-06-26,40000.0
2026-06-26,27000.0
2026-06-26,11400.0
2026-06-26,10000.0
2026-06-26,8000.0
2026-06-26,14250.0
2026-06-26,34200.0
2026-06-26,22000.0
2026-06-26,12000.0
2026-06-26,6000.0
2026-06-26,5000.0
2026-06-26,5000.0
2026-06-26,21850.0
2026-06-26,20000.0
2026-06-26,10000.0
2026-06-26,95000.0
2026-06-26,12000.0
2026-06-26,24000.0
2026-06-26,20000.0
2026-06-26,5000.0
2026-06-26,23000.0
2026-06-26,30000.0
2026-06-26,30000.0
2026-06-26,8000.0
2026-06-26,24000.0
2026-06-26,5700.0
2026-06-26,27000.0
2026-06-26,24000.0
2026-06-26,8000.0
2026-06-27,22000.0
2026-06-27,69000.0
2026-06-27,27000.0
2026-06-27,57000.0
2026-06-27,5000.0
2026-06-27,15000.0
2026-06-27,50000.0
2026-06-27,10000.0
2026-06-27,16000.0
2026-06-27,44000.0
2026-06-27,12000.0
2026-06-27,40000.0
2026-06-27,69000.0
2026-06-27,25000.0
2026-06-27,8000.0
2026-06-27,22000.0
2026-06-27,25000.0
2026-06-27,15000.0
2026-06-27,25000.0
2026-06-27,6000.0
2026-06-27,6000.0
2026-06-27,40000.0
2026-06-27,88000.0
2026-06-27,15000.0
2026-06-27,30000.0
2026-06-27,25000.0
2026-06-27,15000.0
2026-06-27,24000.0
2026-06-27,12000.0
2026-06-27,24000.0
2026-06-27,44000.0
2026-06-27,23000.0
2026-06-27,23000.0
2026-06-27,23750.0
2026-06-27,22000.0
2026-06-27,66000.0
2026-06-27,30000.0
2026-06-27,6000.0
2026-06-27,24000.0
2026-06-27,8000.0
2026-06-27,24000.0
2026-06-27,36000.0
2026-06-27,25000.0
2026-06-27,22000.0
2026-06-27,8000.0
2026-06-27,5000.0
2026-06-27,25000.0
2026-06-27,44000.0
2026-06-27,12000.0
2026-06-27,24000.0
2026-06-27,9500.0
2026-06-27,5000.0
2026-06-27,25000.0
2026-06-27,48000.0
2026-06-27,27000.0
2026-06-27,88000.0
2026-06-27,25000.0
2026-06-27,8000.0
2026-06-27,27000.0
2026-06-27,15000.0
2026-06-27,8000.0
2026-06-27,36000.0
2026-06-27,60000.0
2026-06-27,60000.0
2026-06-27,8000.0
2026-06-27,96000.0
2026-06-27,27000.0
2026-06-27,6000.0
2026-06-27,22000.0
2026-06-27,27000.0
2026-06-27,12000.0
2026-06-27,30000.0
2026-06-27,15000.0
2026-06-27,69000.0
2026-06-27,6000.0
2026-06-27,23000.0
2026-06-27,23000.0
2026-06-27,20000.0
2026-06-27,27000.0
2026-06-27,40000.0
2026-06-27,20000.0
2026-06-27,24000.0
2026-06-27,8000.0
2026-06-27,20900.0
2026-06-27,12000.0
2026-06-27,24000.0
2026-06-27,20900.0
2026-06-27,22000.0
2026-06-27,12000.0
2026-06-27,20000.0
2026-06-27,32000.0
2026-06-27,15000.0
2026-06-27,9500.0
2026-06-27,24000.0
2026-06-27,5000.0
2026-06-27,5000.0
2026-06-27,16000.0
2026-06-27,10000.0
2026-06-27,40000.0
2026-06-27,24000.0
2026-06-27,44000.0
2026-06-27,20000.0
2026-06-27,22000.0
2026-06-27,6000.0
2026-06-27,16000.0
2026-06-27,15000.0
2026-06-27,15000.0
2026-06-27,48000.0
2026-06-27,5000.0
2026-06-27,23000.0
2026-06-27,50000.0
2026-06-27,6000.0
2026-06-27,12000.0
2026-06-27,88000.0
2026-06-27,8000.0
2026-06-27,24000.0
2026-06-27,5000.0
2026-06-27,72000.0
2026-06-27,66000.0
2026-06-27,20000.0
2026-06-27,19000.0
2026-06-27,48000.0
2026-06-27,15000.0
2026-06-27,10000.0
2026-06-27,22000.0
2026-06-27,54000.0
2026-06-27,16000.0
2026-06-27,54000.0
2026-06-27,9500.0
2026-06-27,10000.0
2026-06-27,44000.0
2026-06-27,15000.0
2026-06-27,24000.0
2026-06-27,27000.0
2026-06-27,23000.0
2026-06-27,22000.0
2026-06-27,44000.0
2026-06-27,12000.0
2026-06-27,81000.0
2026-06-27,23000.0
2026-06-27,45000.0
2026-06-27,12000.0
2026-06-27,24000.0
2026-06-27,44000.0
2026-06-27,12000.0
2026-06-27,14250.0
2026-06-27,10000.0
2026-06-27,48000.0
2026-06-27,48000.0
2026-06-27,30000.0
2026-06-27,25000.0
2026-06-27,25000.0
2026-06-27,6000.0
2026-06-27,25000.0
2026-06-27,46000.0
2026-06-27,12000.0
2026-06-27,24000.0
2026-06-27,20000.0
2026-06-27,10000.0
2026-06-27,22000.0
2026-06-27,8000.0
2026-06-27,27000.0
2026-06-27,6000.0
2026-06-27,5000.0
2026-06-27,19000.0
2026-06-27,50000.0
2026-06-27,22000.0
2026-06-27,25000.0
2026-06-27,40000.0
2026-06-27,12000.0
2026-06-27,20000.0
2026-06-27,15000.0
2026-06-27,43700.0
2026-06-27,45000.0
2026-06-27,6000.0
2026-06-27,24000.0
2026-06-27,46000.0
2026-06-27,48000.0
2026-06-27,12000.0
2026-06-27,46000.0
2026-06-27,15000.0
2026-06-27,44000.0
2026-06-27,72000.0
2026-06-27,30000.0
2026-06-27,6000.0
2026-06-27,10000.0
2026-06-27,46000.0
2026-06-27,60000.0
2026-06-27,15000.0
2026-06-27,25000.0
2026-06-27,15000.0
2026-06-27,8000.0
2026-06-27,10000.0
2026-06-27,27000.0
2026-06-27,8000.0
2026-06-27,22000.0
2026-06-27,20000.0
2026-06-27,18000.0
2026-06-27,36000.0
2026-06-27,22800.0
2026-06-27,18000.0
2026-06-27,25000.0
2026-06-27,72000.0
2026-06-27,46000.0
2026-06-27,80000.0
2026-06-27,20000.0
2026-06-27,15000.0
2026-06-27,30000.0
2026-06-27,6000.0
2026-06-27,23000.0
2026-06-27,22800.0
2026-06-27,8000.0
2026-06-27,8000.0
2026-06-27,21850.0
2026-06-27,5000.0
2026-06-27,24000.0
2026-06-27,10000.0
2026-06-27,20000.0
2026-06-27,7600.0
2026-06-27,45000.0
2026-06-27,8000.0
2026-06-27,47500.0
2026-06-27,27000.0
2026-06-27,40000.0
2026-06-27,20000.0
2026-06-27,10000.0
2026-06-27,30000.0
2026-06-27,4750.0
2026-06-27,6000.0
2026-06-27,24000.0
2026-06-27,15000.0
2026-06-27,12000.0
2026-06-27,6000.0
2026-06-27,40000.0
2026-06-27,50000.0
2026-06-27,10000.0
2026-06-27,23000.0
2026-06-27,22000.0
2026-06-27,24000.0
2026-06-27,27000.0
2026-06-27,12000.0
2026-06-27,27000.0
2026-06-27,23750.0
2026-06-27,12000.0
2026-06-27,23000.0
2026-06-28,8000.0
2026-06-28,24000.0
2026-06-28,27000.0
2026-06-28,72000.0
2026-06-28,5000.0
2026-06-28,46000.0
2026-06-28,12000.0
2026-06-28,20000.0
2026-06-28,44000.0
2026-06-28,6000.0
2026-06-28,100000.0
2026-06-28,25000.0
2026-06-28,6000.0
2026-06-28,30000.0
2026-06-28,27000.0
2026-06-28,19000.0
2026-06-28,30000.0
2026-06-28,22800.0
2026-06-28,6000.0
2026-06-28,6000.0
2026-06-28,8000.0
2026-06-28,25000.0
2026-06-28,10000.0
2026-06-28,15000.0
2026-06-28,20000.0
2026-06-28,10000.0
2026-06-28,5000.0
2026-06-28,24000.0
2026-06-28,12000.0
2026-06-28,25650.0
2026-06-28,24000.0
2026-06-28,50000.0
2026-06-28,40000.0
2026-06-28,25000.0
2026-06-28,6000.0
2026-06-28,20000.0
2026-06-28,24000.0
2026-06-28,20900.0
2026-06-28,47500.0
2026-06-28,12000.0
2026-06-28,32000.0
2026-06-28,27000.0
2026-06-28,24000.0
2026-06-28,81000.0
2026-06-28,12000.0
2026-06-28,46000.0
2026-06-28,7600.0
2026-06-28,20000.0
2026-06-28,10000.0
2026-06-28,24000.0
2026-06-28,5000.0
2026-06-28,66000.0
2026-06-28,25000.0
2026-06-28,15000.0
2026-06-28,44000.0
2026-06-28,22000.0
2026-06-28,23000.0
2026-06-28,8000.0
2026-06-28,27000.0
2026-06-28,24000.0
2026-06-28,22000.0
2026-06-28,8000.0
2026-06-28,22000.0
2026-06-28,69000.0
2026-06-28,24000.0
2026-06-28,22000.0
2026-06-28,12000.0
2026-06-28,8000.0
2026-06-28,20900.0
2026-06-28,92000.0
2026-06-28,24000.0
2026-06-28,50000.0
2026-06-28,9500.0
2026-06-28,25000.0
2026-06-28,23000.0
2026-06-28,65550.0
2026-06-28,15000.0
2026-06-28,24000.0
2026-06-28,45000.0
2026-06-28,27000.0
2026-06-28,15000.0
2026-06-28,20000.0
2026-06-28,27000.0
2026-06-28,15000.0
2026-06-28,36000.0
2026-06-28,12000.0
2026-06-28,15000.0
2026-06-28,12000.0
2026-06-28,5000.0
2026-06-28,8000.0
2026-06-28,25000.0
2026-06-28,6000.0
2026-06-28,7600.0
2026-06-28,6000.0
2026-06-28,23000.0
2026-06-28,27000.0
2026-06-28,6000.0
2026-06-28,19000.0
2026-06-28,15000.0
2026-06-28,22000.0
2026-06-28,23750.0
2026-06-28,30000.0
2026-06-28,15000.0
2026-06-28,22800.0
2026-06-28,27000.0
2026-06-28,10000.0
2026-06-28,22000.0
2026-06-28,46000.0
2026-06-28,24000.0
2026-06-28,66000.0
2026-06-28,48000.0
2026-06-28,54000.0
2026-06-28,45000.0
2026-06-28,6000.0
2026-06-28,20000.0
2026-06-28,69000.0
2026-06-28,23000.0
2026-06-28,27000.0
2026-06-28,48000.0
2026-06-28,6000.0
2026-06-28,66000.0
2026-06-28,12000.0
2026-06-28,16000.0
2026-06-28,22000.0
2026-06-28,22000.0
2026-06-28,23750.0
2026-06-28,21850.0
2026-06-28,6000.0
2026-06-28,40000.0
2026-06-28,15000.0
2026-06-28,12000.0
2026-06-28,20000.0
2026-06-28,21850.0
2026-06-28,22800.0
2026-06-28,45600.0
2026-06-28,66000.0
2026-06-28,12000.0
2026-06-28,15000.0
2026-06-28,20000.0
2026-06-28,8000.0
2026-06-28,25000.0
2026-06-28,11400.0
2026-06-28,6000.0
2026-06-28,22000.0
2026-06-28,24000.0
2026-06-28,20000.0
2026-06-28,22000.0
2026-06-28,18000.0
2026-06-28,22000.0
2026-06-28,60000.0
2026-06-28,25000.0
2026-06-28,10000.0
2026-06-28,50000.0
2026-06-28,20000.0
2026-06-28,5000.0
2026-06-28,46000.0
2026-06-28,16000.0
2026-06-28,38000.0
2026-06-28,24000.0
2026-06-28,24000.0
2026-06-28,40000.0
2026-06-28,5700.0
2026-06-28,6000.0
2026-06-28,4750.0
2026-06-28,50000.0
2026-06-28,20000.0
2026-06-28,23000.0
2026-06-28,48000.0
2026-06-28,6000.0
2026-06-28,8000.0
2026-06-28,4750.0
2026-06-28,8000.0
2026-06-28,6000.0
2026-06-28,22000.0
2026-06-28,48000.0
2026-06-28,15000.0
2026-06-28,92000.0
2026-06-28,23000.0
2026-06-28,44000.0
2026-06-28,20000.0
2026-06-28,8000.0
2026-06-28,54000.0
2026-06-28,25000.0
2026-06-28,8000.0
2026-06-28,25000.0
2026-06-28,15000.0
2026-06-28,6000.0
2026-06-28,48000.0
2026-06-28,10000.0
2026-06-28,22000.0
2026-06-28,6000.0
2026-06-28,6000.0
2026-06-28,22000.0
2026-06-28,28500.0
2026-06-28,12000.0
2026-06-28,12000.0
2026-06-28,19000.0
2026-06-28,23000.0
2026-06-28,28500.0
2026-06-28,18000.0
2026-06-28,40000.0
2026-06-28,25650.0
2026-06-28,50000.0
2026-06-28,10000.0
2026-06-28,8000.0
2026-06-28,22000.0
2026-06-28,6000.0
2026-06-28,10000.0
2026-06-28,23000.0
2026-06-28,24000.0
2026-06-28,25000.0
2026-06-28,12000.0
2026-06-28,40000.0
2026-06-28,20900.0
2026-06-28,10000.0
2026-06-28,15000.0
2026-06-28,25000.0
2026-06-28,11400.0
2026-06-28,27000.0
2026-06-28,22000.0
2026-06-28,11400.0
2026-06-28,8000.0
2026-06-28,15000.0
2026-06-28,25000.0
2026-06-28,8000.0
2026-06-28,60000.0
2026-06-28,6000.0
2026-06-28,8000.0
2026-06-28,24000.0
2026-06-28,50000.0
2026-06-28,23000.0
2026-06-28,24000.0
2026-06-28,12000.0
2026-06-28,27000.0
2026-06-28,12000.0
2026-06-28,9500.0
2026-06-29,22000.0
2026-06-29,20000.0
2026-06-29,30000.0
2026-06-29,5700.0
2026-06-29,23000.0
2026-06-29,75000.0
2026-06-29,10000.0
2026-06-29,25000.0
2026-06-29,72000.0
2026-06-29,22000.0
2026-06-29,6000.0
2026-06-29,75000.0
2026-06-29,10000.0
2026-06-29,12000.0
2026-06-29,22800.0
2026-06-29,54000.0
2026-06-29,23750.0
2026-06-29,48000.0
2026-06-29,24000.0
2026-06-29,45000.0
2026-06-29,8000.0
2026-06-29,12000.0
2026-06-29,30000.0
2026-06-29,25000.0
2026-06-29,20000.0
2026-06-29,15000.0
2026-06-29,12000.0
2026-06-29,20000.0
2026-06-29,10000.0
2026-06-29,75000.0
2026-06-29,66000.0
2026-06-29,15000.0
2026-06-29,10000.0
2026-06-29,48000.0
2026-06-29,15000.0
2026-06-29,108000.0
2026-06-29,24000.0
2026-06-29,20000.0
2026-06-29,15000.0
2026-06-29,27000.0
2026-06-29,69000.0
2026-06-29,47500.0
2026-06-29,22000.0
2026-06-29,40000.0
2026-06-29,48000.0
2026-06-29,30000.0
2026-06-29,8000.0
2026-06-29,16000.0
2026-06-29,27000.0
2026-06-29,28500.0
2026-06-29,20000.0
2026-06-29,24000.0
2026-06-29,15000.0
2026-06-29,19000.0
2026-06-29,23000.0
2026-06-29,50000.0
2026-06-29,15000.0
2026-06-29,12000.0
2026-06-29,25000.0
2026-06-29,16000.0
2026-06-29,75000.0
2026-06-29,22000.0
2026-06-29,6000.0
2026-06-29,36000.0
2026-06-29,11400.0
2026-06-29,50000.0
2026-06-29,24000.0
2026-06-29,5000.0
2026-06-29,25000.0
2026-06-29,46000.0
2026-06-29,25000.0
2026-06-29,6000.0
2026-06-29,30000.0
2026-06-29,24000.0
2026-06-29,25000.0
2026-06-29,12000.0
2026-06-29,22000.0
2026-06-29,15000.0
2026-06-29,12000.0
2026-06-29,10000.0
2026-06-29,7600.0
2026-06-29,23000.0
2026-06-29,14250.0
2026-06-29,23000.0
2026-06-29,80000.0
2026-06-29,8000.0
2026-06-29,18000.0
2026-06-29,54000.0
2026-06-29,16000.0
2026-06-29,23000.0
2026-06-29,16000.0
2026-06-29,12000.0
2026-06-29,23000.0
2026-06-29,44000.0
2026-06-29,6000.0
2026-06-29,45000.0
2026-06-29,10000.0
2026-06-29,22000.0
2026-06-29,15000.0
2026-06-29,24000.0
2026-06-29,27000.0
2026-06-29,25000.0
2026-06-29,12000.0
2026-06-29,6000.0
2026-06-29,66000.0
2026-06-29,23000.0
2026-06-29,12000.0
2026-06-29,5000.0
2026-06-29,47500.0
2026-06-29,27000.0
2026-06-29,15000.0
2026-06-29,66000.0
2026-06-29,45000.0
2026-06-29,25000.0
2026-06-29,54000.0
2026-06-29,6000.0
2026-06-29,22000.0
2026-06-29,20000.0
2026-06-29,23750.0
2026-06-29,24000.0
2026-06-29,10000.0
2026-06-29,24000.0
2026-06-29,25000.0
2026-06-29,19000.0
2026-06-29,40000.0
2026-06-29,42750.0
2026-06-29,24000.0
2026-06-29,30000.0
2026-06-29,10000.0
2026-06-29,15000.0
2026-06-29,6000.0
2026-06-29,4750.0
2026-06-29,24000.0
2026-06-29,22000.0
2026-06-29,27000.0
2026-06-29,20000.0
2026-06-29,41800.0
2026-06-29,16000.0
2026-06-29,40000.0
2026-06-29,24000.0
2026-06-29,50000.0
2026-06-29,12000.0
2026-06-29,6000.0
2026-06-29,12000.0
2026-06-29,30000.0
2026-06-29,20000.0
2026-06-29,16000.0
2026-06-29,12000.0
2026-06-29,23000.0
2026-06-29,15000.0
2026-06-29,8000.0
2026-06-29,8000.0
2026-06-29,21850.0
2026-06-29,12000.0
2026-06-29,15000.0
2026-06-29,10000.0
2026-06-29,24000.0
2026-06-29,15000.0
2026-06-29,92000.0
2026-06-29,27000.0
2026-06-29,18000.0
2026-06-29,27000.0
2026-06-29,12000.0
2026-06-29,8000.0
2026-06-29,60000.0
2026-06-29,24000.0
2026-06-29,10000.0
2026-06-29,24000.0
2026-06-29,12000.0
2026-06-29,19000.0
2026-06-29,8000.0
2026-06-29,24000.0
2026-06-29,44000.0
2026-06-29,21850.0
2026-06-29,40000.0
2026-06-29,24000.0
2026-06-29,24000.0
2026-06-29,5700.0
2026-06-29,27000.0
2026-06-29,88000.0
2026-06-29,16000.0
2026-06-29,15000.0
2026-06-29,5000.0
2026-06-29,100000.0
2026-06-29,23000.0
2026-06-29,10000.0
2026-06-29,40000.0
2026-06-29,10000.0
2026-06-29,15000.0
2026-06-29,25000.0
2026-06-29,12000.0
2026-06-29,24000.0
2026-06-29,8000.0
2026-06-29,45000.0
2026-06-29,24000.0
2026-06-29,24000.0
2026-06-29,32000.0
2026-06-29,22000.0
2026-06-29,19000.0
2026-06-29,10000.0
2026-06-29,6000.0
2026-06-29,24000.0
2026-06-29,15000.0
2026-06-29,88000.0
2026-06-29,15000.0
2026-06-29,23750.0
2026-06-29,5000.0
2026-06-30,27000.0
2026-06-30,5000.0
2026-06-30,23000.0
2026-06-30,44000.0
2026-06-30,8000.0
2026-06-30,30000.0
2026-06-30,5000.0
2026-06-30,50000.0
2026-06-30,25000.0
2026-06-30,6000.0
2026-06-30,25000.0
2026-06-30,12000.0
2026-06-30,50000.0
2026-06-30,24000.0
2026-06-30,24000.0
2026-06-30,12000.0
2026-06-30,19000.0
2026-06-30,18000.0
2026-06-30,25000.0
2026-06-30,12000.0
2026-06-30,5000.0
2026-06-30,36000.0
2026-06-30,8000.0
2026-06-30,15000.0
2026-06-30,18000.0
2026-06-30,50000.0
2026-06-30,12000.0
2026-06-30,20900.0
2026-06-30,24000.0
2026-06-30,12000.0
2026-06-30,25000.0
2026-06-30,96000.0
2026-06-30,44000.0
2026-06-30,20000.0
2026-06-30,48000.0
2026-06-30,24000.0
2026-06-30,8000.0
2026-06-30,44000.0
2026-06-30,8000.0
2026-06-30,81000.0
2026-06-30,24000.0
2026-06-30,30000.0
2026-06-30,15000.0
2026-06-30,6000.0
2026-06-30,22800.0
2026-06-30,15000.0
2026-06-30,6000.0
2026-06-30,46000.0
2026-06-30,51300.0
2026-06-30,24000.0
2026-06-30,5000.0
2026-06-30,23000.0
2026-06-30,24000.0
2026-06-30,18000.0
2026-06-30,48000.0
2026-06-30,66000.0
2026-06-30,15000.0
2026-06-30,10000.0
2026-06-30,72000.0
2026-06-30,92000.0
2026-06-30,8000.0
2026-06-30,25000.0
2026-06-30,20000.0
2026-06-30,12000.0
2026-06-30,48000.0
2026-06-30,23000.0
2026-06-30,6000.0
2026-06-30,47500.0
2026-06-30,60000.0
2026-06-30,10000.0
2026-06-30,44000.0
2026-06-30,20000.0
2026-06-30,48000.0
2026-06-30,12000.0
2026-06-30,15000.0
2026-06-30,48000.0
2026-06-30,5000.0
2026-06-30,6000.0
2026-06-30,15000.0
2026-06-30,40000.0
2026-06-30,27000.0
2026-06-30,5000.0
2026-06-30,8000.0
2026-06-30,40000.0
2026-06-30,5000.0
2026-06-30,27000.0
2026-06-30,22800.0
2026-06-30,20000.0
2026-06-30,15000.0
2026-06-30,16000.0
2026-06-30,24000.0
2026-06-30,27000.0
2026-06-30,81000.0
2026-06-30,18000.0
2026-06-30,15000.0
2026-06-30,25000.0
2026-06-30,6000.0
2026-06-30,15000.0
2026-06-30,14250.0
2026-06-30,50000.0
2026-06-30,66000.0
2026-06-30,27000.0
2026-06-30,40000.0
2026-06-30,14250.0
2026-06-30,8000.0
2026-06-30,24000.0
2026-06-30,10000.0
2026-06-30,19000.0
2026-06-30,24000.0
2026-06-30,12000.0
2026-06-30,43700.0
2026-06-30,9500.0
2026-06-30,8000.0
2026-06-30,60000.0
2026-06-30,30000.0
2026-06-30,12000.0
2026-06-30,45600.0
2026-06-30,5000.0
2026-06-30,25000.0
2026-06-30,69000.0
2026-06-30,54000.0
2026-06-30,6000.0
2026-06-30,25000.0
2026-06-30,23000.0
2026-06-30,15000.0
2026-06-30,6000.0
2026-06-30,15000.0
2026-06-30,12000.0
2026-06-30,72000.0
2026-06-30,22000.0
2026-06-30,23000.0
2026-06-30,23000.0
2026-06-30,22000.0
2026-06-30,14250.0
2026-06-30,25000.0
2026-06-30,15000.0
2026-06-30,6000.0
2026-06-30,5000.0
2026-06-30,8000.0
2026-06-30,88000.0
2026-06-30,8000.0
2026-06-30,5700.0
2026-06-30,23000.0
2026-06-30,54000.0
2026-06-30,108000.0
2026-06-30,88000.0
2026-06-30,15000.0
2026-06-30,20000.0
2026-06-30,6000.0
2026-06-30,88000.0
2026-06-30,24000.0
2026-06-30,16000.0
2026-06-30,6000.0
2026-06-30,48000.0
2026-06-30,12000.0
2026-06-30,50000.0
2026-06-30,44000.0
2026-06-30,5000.0
2026-06-30,18000.0
2026-06-30,46000.0
2026-06-30,30000.0
2026-06-30,12000.0
2026-06-30,16000.0
2026-06-30,44000.0
2026-06-30,10000.0
2026-06-30,22000.0
2026-06-30,22800.0
2026-06-30,12000.0
2026-06-30,80000.0
2026-06-30,96000.0
2026-06-30,50000.0
2026-06-30,14250.0
2026-06-30,48000.0
2026-06-30,6000.0
2026-06-30,20000.0
2026-06-30,8000.0
2026-06-30,20000.0
2026-06-30,12000.0
2026-06-30,6000.0
2026-06-30,6000.0
2026-06-30,16000.0
2026-06-30,22000.0
2026-06-30,6000.0
2026-06-30,10000.0
2026-06-30,10000.0
2026-06-30,46000.0
2026-06-30,76000.0
2026-06-30,23000.0
2026-06-30,15000.0
